{
    "train_loss": [
        68.58416557312012,
        65.11398792266846,
        67.81398487091064,
        65.873459815979,
        61.63356828689575,
        64.7058777809143,
        61.58946704864502,
        64.6969347000122,
        73.23512363433838,
        64.71068334579468,
        64.66701030731201,
        70.87550497055054,
        67.35305261611938,
        68.14468193054199,
        70.48539543151855,
        69.318687915802,
        68.5185718536377,
        65.77228164672852,
        72.00517797470093,
        64.18952703475952,
        68.10094022750854,
        63.82069206237793,
        65.74972867965698,
        63.02661752700806,
        64.97859621047974,
        68.46134328842163,
        66.89394044876099,
        66.10952186584473,
        67.67680311203003,
        66.50331687927246,
        67.65625619888306,
        64.92729902267456,
        67.27874183654785,
        71.54971647262573,
        61.8164267539978,
        66.48931312561035,
        65.31410598754883,
        70.76203632354736,
        64.91079902648926,
        64.52110290527344,
        66.0813250541687,
        65.30303049087524,
        65.30716371536255,
        66.85009050369263,
        65.30003786087036,
        71.15282821655273,
        62.93486213684082,
        65.66861724853516,
        62.93842792510986,
        65.69625806808472,
        68.40687561035156,
        70.34669494628906,
        62.938807010650635,
        68.39469861984253,
        66.85257005691528,
        67.21988010406494,
        67.24600267410278,
        64.8838939666748,
        71.50731372833252,
        66.8692512512207,
        68.78551244735718,
        66.07034635543823,
        66.82869243621826,
        64.87128782272339,
        69.16663599014282,
        62.14614820480347,
        64.87995147705078,
        69.9452657699585,
        62.13913345336914,
        72.27970838546753,
        69.16424608230591
    ],
    "train_acc": [
        0.0625,
        0.07421875,
        0.08203125,
        0.0859375,
        0.07421875,
        0.07421875,
        0.08984375,
        0.12109375,
        0.078125,
        0.08984375,
        0.125,
        0.1328125,
        0.15625,
        0.1484375,
        0.109375,
        0.09375,
        0.12109375,
        0.16796875,
        0.1171875,
        0.15625,
        0.12890625,
        0.16796875,
        0.18359375,
        0.15234375,
        0.16015625,
        0.16796875,
        0.20703125,
        0.23046875,
        0.171875,
        0.20703125,
        0.203125,
        0.1875,
        0.20703125,
        0.19140625,
        0.23828125,
        0.2265625,
        0.23046875,
        0.203125,
        0.265625,
        0.23046875,
        0.2265625,
        0.24609375,
        0.2109375,
        0.23828125,
        0.2734375,
        0.171875,
        0.3203125,
        0.27734375,
        0.3046875,
        0.21875,
        0.203125,
        0.20703125,
        0.28515625,
        0.234375,
        0.25,
        0.26953125,
        0.2265625,
        0.2265625,
        0.21875,
        0.23828125,
        0.25390625,
        0.25390625,
        0.2578125,
        0.2890625,
        0.1953125,
        0.265625,
        0.2734375,
        0.25,
        0.27734375,
        0.25390625,
        0.265625
    ],
    "val_loss": [
        74.16188557942708,
        74.14663696289062,
        74.13274892171223,
        74.13120778401692,
        74.11918131510417,
        74.11855061848958,
        74.11229197184245,
        74.09996795654297,
        74.08946228027344,
        74.0891596476237,
        74.08770497639973,
        74.07307688395183,
        74.06290690104167,
        74.06131998697917,
        74.05962626139323,
        74.05276743570964,
        74.0388895670573,
        74.03078715006511,
        74.03514099121094,
        74.0314203898112,
        74.03192392985027,
        74.02838643391927,
        74.02081807454427,
        74.01900227864583,
        74.01660919189453,
        74.01630401611328,
        74.01205952962239,
        74.0139872233073,
        74.00567881266277,
        74.00130716959636,
        73.99829355875652,
        73.99896240234375,
        73.99769592285156,
        73.99084218343098,
        73.99370574951172,
        73.98763783772786,
        73.98905690511067,
        73.99386850992839,
        73.9926045735677,
        73.99505106608073,
        73.99269612630208,
        73.99574788411458,
        73.99044036865234,
        73.98014831542969,
        73.98248545328777,
        73.99124145507812,
        73.99586995442708,
        74.00121307373047,
        73.9960428873698,
        73.99904378255208,
        73.99320475260417,
        73.99056752522786,
        73.99424743652344,
        74.00381978352864,
        74.00605010986328,
        73.99434407552083,
        73.9891357421875,
        73.98672993977864,
        73.98104604085286,
        73.98337046305339,
        73.99556986490886,
        73.99655151367188,
        73.99345397949219,
        73.99405924479167,
        73.99717712402344,
        73.9942398071289,
        73.99586995442708,
        73.9988021850586,
        74.00046284993489,
        74.00390625,
        74.00543467203777
    ],
    "val_acc": [
        0.0375,
        0.1125,
        0.0875,
        0.125,
        0.1375,
        0.1125,
        0.1125,
        0.1125,
        0.1,
        0.1125,
        0.1375,
        0.15,
        0.1625,
        0.175,
        0.1625,
        0.175,
        0.1625,
        0.175,
        0.1625,
        0.1625,
        0.1625,
        0.1625,
        0.1625,
        0.1875,
        0.1875,
        0.2,
        0.1875,
        0.2125,
        0.225,
        0.225,
        0.225,
        0.225,
        0.225,
        0.2375,
        0.2375,
        0.2375,
        0.2375,
        0.2375,
        0.2375,
        0.2375,
        0.2375,
        0.2375,
        0.2375,
        0.2375,
        0.225,
        0.225,
        0.225,
        0.2125,
        0.2125,
        0.2125,
        0.225,
        0.225,
        0.225,
        0.2125,
        0.2125,
        0.2375,
        0.2375,
        0.2375,
        0.2375,
        0.2375,
        0.2375,
        0.2375,
        0.2375,
        0.2375,
        0.225,
        0.225,
        0.225,
        0.225,
        0.225,
        0.225,
        0.225
    ],