{
    "train_loss": [
        0.757773369550705,
        0.9874600470066071,
        0.9933545887470245,
        0.9703841209411621,
        0.5043630823493004,
        0.5681376904249191,
        0.7701842486858368,
        0.8098306655883789,
        0.4291960299015045,
        0.6746299862861633,
        0.9070132672786713,
        0.6821585595607758,
        0.5383468568325043,
        0.5727303624153137,
        0.4682410955429077,
        0.5975657105445862,
        0.443583682179451,
        0.37559621036052704,
        0.4588901847600937,
        0.6632728278636932,
        0.5018371343612671,
        0.47109565138816833,
        0.4463685601949692,
        0.642614558339119,
        0.8655871599912643,
        0.5879973918199539,
        0.4794544577598572,
        0.391348734498024,
        0.4597868174314499,
        0.39981190860271454,
        0.5637261420488358,
        0.4475325644016266,
        0.4914577007293701,
        0.2964983135461807
    ],
    "train_acc": [
        0.18421052631578946,
        0.2894736842105263,
        0.2894736842105263,
        0.3684210526315789,
        0.47368421052631576,
        0.39473684210526316,
        0.39473684210526316,
        0.39473684210526316,
        0.39473684210526316,
        0.3157894736842105,
        0.34210526315789475,
        0.34210526315789475,
        0.47368421052631576,
        0.47368421052631576,
        0.5789473684210527,
        0.39473684210526316,
        0.6052631578947368,
        0.42105263157894735,
        0.5526315789473685,
        0.5,
        0.5263157894736842,
        0.2631578947368421,
        0.5526315789473685,
        0.47368421052631576,
        0.47368421052631576,
        0.6052631578947368,
        0.47368421052631576,
        0.6052631578947368,
        0.3684210526315789,
        0.6052631578947368,
        0.631578947368421,
        0.631578947368421,
        0.6052631578947368,
        0.8157894736842105
    ],
    "train_f1": [
        0.15445402298850575,
        0.2776190476190476,
        0.29890665943796874,
        0.3402150537634409,
        0.4725715573585756,
        0.3741302972802025,
        0.34910394265232975,
        0.3975882634626268,
        0.3996101364522417,
        0.3244809047089358,
        0.3046477850399419,
        0.34598628105302187,
        0.4149019607843137,
        0.4349128540305011,
        0.5221291866028709,
        0.3914774990043807,
        0.5511652957305131,
        0.37554759060135395,
        0.545430071342038,
        0.4216524216524216,
        0.4743298285497774,
        0.20945945945945946,
        0.5321969696969697,
        0.398046398046398,
        0.43657694962042787,
        0.5762183235867447,
        0.45531674208144796,
        0.5916548127074442,
        0.33676533676533676,
        0.5881370091896407,
        0.5787507985650401,
        0.6190476190476191,
        0.5748139443791618,
        0.7945665445665445
    ],
    "val_loss": [
        0.5520119071006775,
        0.5219545364379883,
        0.5225392580032349,
        0.5270092487335205,
        0.44733086228370667,
        0.41149577498435974,
        0.4245079457759857,
        0.45724916458129883,
        0.4590860903263092,
        0.48168182373046875,
        0.51146000623703,
        0.4877704679965973,
        0.46943703293800354,
        0.46018609404563904,
        0.4691506326198578,
        0.47248825430870056,
        0.4864721894264221,
        0.5446945428848267,
        0.5659950971603394,
        0.5600602030754089,
        0.5122968554496765,
        0.4502444863319397,
        0.40721985697746277,
        0.39026138186454773,
        0.35930320620536804,
        0.3654448091983795,
        0.3930210769176483,
        0.41017842292785645,
        0.4097255766391754,
        0.39393946528434753,
        0.35739466547966003,
        0.35348448157310486,
        0.3624000549316406,
        0.41413840651512146
    ],
    "val_acc": [
        0.1,
        0.2,
        0.2,
        0.2,
        0.3,
        0.4,
        0.4,
        0.3,
        0.3,
        0.3,
        0.4,
        0.5,
        0.7,
        0.8,
        0.7,
        0.7,
        0.7,
        0.5,
        0.5,
        0.4,
        0.5,
        0.6,
        0.6,
        0.6,
        0.7,
        0.6,
        0.5,
        0.6,
        0.4,
        0.4,
        0.6,
        0.6,
        0.7,
        0.7
    ],
    "val_f1": [
        0.09523809523809523,
        0.12121212121212122,
        0.12121212121212122,
        0.12121212121212122,
        0.24444444444444446,
        0.3925925925925926,
        0.3238095238095238,
        0.24444444444444446,
        0.24444444444444446,
        0.2857142857142857,
        0.41269841269841273,
        0.5,
        0.6757575757575758,
        0.7777777777777778,
        0.6757575757575758,
        0.7090909090909091,
        0.7090909090909091,
        0.5767195767195767,
        0.5285714285714286,
        0.41269841269841273,
        0.4444444444444444,
        0.6,
        0.6,
        0.6,
        0.746031746031746,
        0.6238095238095238,
        0.5259259259259259,
        0.6,
        0.41269841269841273,
        0.41269841269841273,
        0.6238095238095238,
        0.6238095238095238,
        0.7071428571428572,
        0.7071428571428572
    ]
}