{
    "train_loss": [
        0.43250187379973276,
        0.3855400724070413,
        0.31971102420772823,
        0.3247419372200966,
        0.3590232671371528,
        0.31368583015033175,
        0.22219606914690562,
        0.2628972115261214,
        0.2553174602133887,
        0.3131259573357446,
        0.2340899897473199,
        0.23509429075888225,
        0.18724203881408488,
        0.1829373227166278,
        0.1768434795417956,
        0.1908063856618745,
        0.1832748255027192,
        0.18080044564391887,
        0.16857901188944066,
        0.14556312587644374,
        0.14668238934661662,
        0.11624599301389285,
        0.14272255889539207,
        0.14160880473043239,
        0.14534366822668485,
        0.10782162552433354,
        0.15008451443697726,
        0.1386520013745342,
        0.12627713914428437,
        0.12163283862173557,
        0.1087468493995922,
        0.09757088138056653,
        0.1281468148476311,
        0.10665475377546889,
        0.09484215945537601,
        0.13542881608009338,
        0.09625200155590262,
        0.07290751234229122,
        0.0828822006338409,
        0.11651989737791675,
        0.09581019489892892,
        0.0926040903265987,
        0.11283156568450588,
        0.08983250747301749,
        0.08076286954539162,
        0.07287396330918584,
        0.06637047091498971,
        0.110563281125256,
        0.07904833588483078,
        0.08439324370452336,
        0.08774621458724141,
        0.06057905631938151,
        0.07604740806190032
    ],
    "train_acc": [
        0.12710911136107986,
        0.1327334083239595,
        0.1529808773903262,
        0.17097862767154107,
        0.1968503937007874,
        0.1856017997750281,
        0.2440944881889764,
        0.24634420697412823,
        0.2688413948256468,
        0.29358830146231724,
        0.3329583802024747,
        0.3847019122609674,
        0.40832395950506184,
        0.43532058492688414,
        0.421822272215973,
        0.42407199100112486,
        0.49606299212598426,
        0.47244094488188976,
        0.5410573678290214,
        0.5286839145106862,
        0.5331833520809899,
        0.595050618672666,
        0.5770528683914511,
        0.48031496062992124,
        0.5433070866141733,
        0.6422947131608548,
        0.6389201349831272,
        0.4870641169853768,
        0.6299212598425197,
        0.5815523059617548,
        0.6321709786276716,
        0.5489313835770528,
        0.6186726659167604,
        0.5849268841394826,
        0.6535433070866141,
        0.6614173228346457,
        0.6276715410573678,
        0.6569178852643419,
        0.6287964004499438,
        0.5973003374578177,
        0.6681664791901012,
        0.6749156355455568,
        0.6209223847019123,
        0.6141732283464567,
        0.7390326209223848,
        0.7086614173228346,
        0.7255343082114736,
        0.6209223847019123,
        0.6377952755905512,
        0.6467941507311586,
        0.6017997750281214,
        0.7154105736782902,
        0.7480314960629921
    ],
    "train_f1": [
        0.063683659029473,
        0.07194502720078602,
        0.09372675517443553,
        0.10068878354794043,
        0.13580678313129516,
        0.13971992973540676,
        0.2048431312738336,
        0.20702466795660623,
        0.23189477209633835,
        0.27857385351284525,
        0.3249900965422814,
        0.33190326539046827,
        0.36181707009594166,
        0.3755493436642827,
        0.3585954061609937,
        0.3597505155630689,
        0.40220835048017134,
        0.3673222936931307,
        0.45309910228616995,
        0.43015474024180717,
        0.43667057102008994,
        0.5059606499675451,
        0.4750117809655268,
        0.4170375320706348,
        0.49375612056586227,
        0.5435285715162567,
        0.5613450791989664,
        0.3787418044958989,
        0.5662051148430041,
        0.5079404656507988,
        0.5204252805040821,
        0.44937375413390573,
        0.5289174536026869,
        0.5398656865234369,
        0.5968851492538799,
        0.5687808757678527,
        0.5511857641507965,
        0.5732390566098226,
        0.5641705710160537,
        0.568415198201108,
        0.6125396515362808,
        0.5835349087347229,
        0.5426991519784609,
        0.527580003501742,
        0.6831640778653854,
        0.5894555618793461,
        0.6530259113620636,
        0.5300802977595471,
        0.5671198769815877,
        0.5872523961193493,
        0.5497032899050459,
        0.6448299169266549,
        0.673425925618742
    ],
    "val_loss": [
        0.33089832216501236,
        0.35791973769664764,
        0.34016988426446915,
        0.3120453394949436,
        0.28126486390829086,
        0.2657870948314667,
        0.25347595661878586,
        0.23526482470333576,
        0.22017444670200348,
        0.21563416719436646,
        0.20637708343565464,
        0.19766291603446007,
        0.19877194985747337,
        0.20500197261571884,
        0.19707757234573364,
        0.1794898584485054,
        0.18003894574940205,
        0.17933951783925295,
        0.16645269934087992,
        0.17596847284585238,
        0.15858562849462032,
        0.15299498476088047,
        0.17789646331220865,
        0.16110573150217533,
        0.1530641308054328,
        0.15134481620043516,
        0.15775231830775738,
        0.1439647078514099,
        0.14883885346353054,
        0.1491187303327024,
        0.1605675294995308,
        0.15772833582013845,
        0.14912340370938182,
        0.13895732164382935,
        0.13945872243493795,
        0.1476203054189682,
        0.15775719285011292,
        0.1489083687774837,
        0.14435123465955257,
        0.15301123028621078,
        0.14137325249612331,
        0.13820517994463444,
        0.14201949536800385,
        0.1443560440093279,
        0.15250005107373,
        0.1429667454212904,
        0.15800097910687327,
        0.14590844605118036,
        0.1419613934122026,
        0.1503649316728115,
        0.15989964455366135,
        0.15680290665477514,
        0.14010797999799252
    ],
    "val_acc": [
        0.14349775784753363,
        0.17040358744394618,
        0.2242152466367713,
        0.23318385650224216,
        0.2645739910313901,
        0.29596412556053814,
        0.32286995515695066,
        0.3542600896860987,
        0.43946188340807174,
        0.4618834080717489,
        0.452914798206278,
        0.47085201793721976,
        0.515695067264574,
        0.5291479820627802,
        0.5650224215246636,
        0.5650224215246636,
        0.5695067264573991,
        0.57847533632287,
        0.6053811659192825,
        0.5426008968609866,
        0.5829596412556054,
        0.5919282511210763,
        0.5874439461883408,
        0.5829596412556054,
        0.5560538116591929,
        0.6143497757847534,
        0.5829596412556054,
        0.6233183856502242,
        0.6412556053811659,
        0.6188340807174888,
        0.57847533632287,
        0.5426008968609866,
        0.6053811659192825,
        0.6143497757847534,
        0.6322869955156951,
        0.6367713004484304,
        0.6188340807174888,
        0.6143497757847534,
        0.6278026905829597,
        0.6322869955156951,
        0.6367713004484304,
        0.6098654708520179,
        0.6143497757847534,
        0.6278026905829597,
        0.6143497757847534,
        0.6278026905829597,
        0.6188340807174888,
        0.6053811659192825,
        0.6143497757847534,
        0.6098654708520179,
        0.6053811659192825,
        0.5964125560538116,
        0.6188340807174888
    ],