{
    "train_loss": [
        2.210293173789978,
        2.098161280155182,
        2.073063999414444,
        2.1894026398658752,
        1.9515493214130402,
        1.8164736777544022,
        1.8711072355508804,
        1.9346476346254349,
        1.6588027030229568,
        1.6813234388828278,
        1.7753579169511795,
        1.541718304157257,
        1.590656578540802,
        1.4721098840236664,
        1.4287394136190414,
        1.53485606610775,
        1.5589772462844849,
        1.548423871397972,
        1.4116933792829514,
        1.488320767879486,
        1.413399562239647,
        1.266367346048355,
        1.223288208246231,
        1.2508947402238846,
        1.2573939710855484,
        1.2783668786287308,
        1.2846806645393372,
        1.220732182264328,
        1.2648732513189316,
        1.2782917320728302,
        1.1868084371089935,
        1.2696631848812103,
        1.377595193684101,
        1.1907734647393227,
        1.1562183275818825,
        1.0561159253120422,
        1.1256503090262413,
        1.0673212110996246,
        1.0010951235890388,
        0.9540123790502548,
        1.012913003563881,
        1.0285257399082184,
        1.1119461879134178,
        0.9859292730689049,
        1.0742089748382568,
        0.9363335072994232,
        0.9556066170334816,
        0.9525406807661057,
        1.0074427500367165,
        0.8690639138221741,
        0.9416722059249878,
        0.9138586148619652,
        0.9204753935337067,
        0.9304487109184265,
        0.8532552346587181,
        1.0258708745241165,
        0.9686814323067665,
        0.9527918323874474,
        0.8389989286661148,
        0.7801511436700821,
        0.8624791204929352,
        0.8740547224879265,
        0.8960109427571297,
        0.8890902101993561,
        0.9183591306209564,
        0.8503584414720535,
        0.8413242027163506,
        0.8820152804255486,
        0.8191420957446098,
        0.848322719335556,
        0.8266051560640335
    ],
    "train_acc": [
        0.05263157894736842,
        0.05263157894736842,
        0.08771929824561403,
        0.05263157894736842,
        0.11403508771929824,
        0.08333333333333333,
        0.06140350877192982,
        0.10087719298245613,
        0.12280701754385964,
        0.07017543859649122,
        0.12719298245614036,
        0.10087719298245613,
        0.13157894736842105,
        0.15350877192982457,
        0.20175438596491227,
        0.20614035087719298,
        0.16666666666666666,
        0.15789473684210525,
        0.2149122807017544,
        0.19736842105263158,
        0.27631578947368424,
        0.3157894736842105,
        0.27631578947368424,
        0.2675438596491228,
        0.25877192982456143,
        0.2675438596491228,
        0.2675438596491228,
        0.3026315789473684,
        0.3026315789473684,
        0.2894736842105263,
        0.30701754385964913,
        0.30701754385964913,
        0.32456140350877194,
        0.31140350877192985,
        0.37719298245614036,
        0.34210526315789475,
        0.38596491228070173,
        0.3201754385964912,
        0.39035087719298245,
        0.34649122807017546,
        0.4166666666666667,
        0.39035087719298245,
        0.42543859649122806,
        0.40789473684210525,
        0.37280701754385964,
        0.40350877192982454,
        0.40350877192982454,
        0.39473684210526316,
        0.40350877192982454,
        0.37280701754385964,
        0.37719298245614036,
        0.4473684210526316,
        0.39473684210526316,
        0.40350877192982454,
        0.4692982456140351,
        0.44298245614035087,
        0.3991228070175439,
        0.36403508771929827,
        0.4473684210526316,
        0.42105263157894735,
        0.41228070175438597,
        0.40350877192982454,
        0.4517543859649123,
        0.41228070175438597,
        0.42543859649122806,
        0.41228070175438597,
        0.4649122807017544,
        0.45614035087719296,
        0.40350877192982454,
        0.4824561403508772,
        0.3991228070175439
    ],
    "train_f1": [
        0.0386431860339086,
        0.03581738647077508,
        0.07122469218909616,
        0.04341911843459831,
        0.09363812403702142,
        0.04740617844748083,
        0.04765556055152446,
        0.08450980378016859,
        0.0819534949453709,
        0.057211662070997114,
        0.09468852511735315,
        0.0990527130938249,
        0.10762452115578401,
        0.13344629273748046,
        0.1455960187789984,
        0.1493763678874612,
        0.12809415167036306,
        0.15209647864107492,
        0.16364773745296898,
        0.15148400569372264,
        0.20690443815443815,
        0.2796894708877126,
        0.23584852729167263,
        0.18825512278305093,
        0.17972505718217724,
        0.17366875756095534,
        0.16968115053249033,
        0.20450691284024616,
        0.17941337712330077,
        0.2064112520503261,
        0.25565442719105397,
        0.23446925041752628,
        0.24866958815626541,
        0.19921577613569907,
        0.2781959822250324,
        0.2458473183537122,
        0.2798918615480794,
        0.25078943247711916,
        0.31017072425043,
        0.22857114820101998,
        0.33122654418113867,
        0.2953056556757105,
        0.3385812095647331,
        0.31052677054036093,
        0.2914539263185694,
        0.318736280068449,
        0.3305531868716403,
        0.30335246192343995,
        0.3215738542737597,
        0.28471320346320345,
        0.304430700342918,
        0.34236315807324663,
        0.323537861409146,
        0.3069424111120867,
        0.3922817126315472,
        0.36293053460070296,
        0.30618912337662335,
        0.26214540979177237,
        0.3372973383330455,
        0.31962933425765716,
        0.31114052208815357,
        0.3360865522247069,
        0.3788526162709309,
        0.3083647028546339,
        0.3224608708109657,
        0.30908386710608754,
        0.37715589547951417,
        0.355411735905931,
        0.3112202692107209,
        0.36528522103519473,
        0.3116837692163705
    ],