{
    "train_loss": [
        1.6468802213668823,
        1.575888991355896,
        1.4992488622665405,
        1.4406247854232788,
        1.4398386478424072,
        1.2499465465545654,
        1.2591338396072387,
        1.2135760307312011,
        1.1914110064506531,
        1.1370258331298828,
        1.0690796494483947,
        1.0706798791885377,
        0.9633698463439941,
        0.9187307834625245,
        0.8500044703483581,
        0.8810263514518738,
        0.8098184585571289,
        0.7005998730659485,
        0.8074874401092529,
        0.7588020086288452,
        0.8363610863685608,
        0.8103759169578553,
        0.6676012635231018,
        0.69821195602417,
        0.7839116811752319,
        0.6040204286575317,
        0.6097873330116272,
        0.5792474389076233,
        0.5499968349933624,
        0.5747553467750549,
        0.5277043342590332,
        0.5456805408000946,
        0.529941838979721,
        0.48534106016159057,
        0.6054267823696137,
        0.6427128136157989,
        0.5237536072731018,
        0.5015585660934448,
        0.4516521215438843,
        0.5238168239593506,
        0.43718784749507905,
        0.4022939085960388,
        0.44515628814697267,
        0.48821982741355896,
        0.38426579236984254,
        0.46943371891975405,
        0.40700575709342957,
        0.4504993259906769,
        0.42898301482200624,
        0.43639894127845763,
        0.4841132819652557,
        0.35215439200401305,
        0.5892128348350525,
        0.3470763981342316,
        0.4925433337688446,
        0.36722256541252135,
        0.40462817549705504,
        0.39296298027038573,
        0.3938561797142029,
        0.4208758473396301,
        0.3147153198719025,
        0.42461737990379333,
        0.32695493698120115,
        0.3284774661064148,
        0.3513564169406891,
        0.3445629417896271,
        0.4494686543941498,
        0.35826939940452573,
        0.46677873730659486,
        0.4712483465671539,
        0.2608358860015869,
        0.32166309356689454,
        0.2647888571023941,
        0.3796007394790649,
        0.33093818426132204,
        0.2603381186723709,
        0.26449946165084837,
        0.29188897609710696,
        0.25661478340625765,
        0.3110007673501968,
        0.2787990301847458
    ],
    "train_acc": [
        0.08450704225352113,
        0.11971830985915492,
        0.09154929577464789,
        0.14084507042253522,
        0.09154929577464789,
        0.14788732394366197,
        0.14084507042253522,
        0.21830985915492956,
        0.16901408450704225,
        0.176056338028169,
        0.176056338028169,
        0.23943661971830985,
        0.2746478873239437,
        0.29577464788732394,
        0.28169014084507044,
        0.2676056338028169,
        0.29577464788732394,
        0.4014084507042254,
        0.34507042253521125,
        0.4225352112676056,
        0.4084507042253521,
        0.3591549295774648,
        0.44366197183098594,
        0.4295774647887324,
        0.3873239436619718,
        0.43661971830985913,
        0.4225352112676056,
        0.3591549295774648,
        0.5633802816901409,
        0.5140845070422535,
        0.44366197183098594,
        0.5563380281690141,
        0.528169014084507,
        0.4859154929577465,
        0.5352112676056338,
        0.47183098591549294,
        0.5774647887323944,
        0.4154929577464789,
        0.6126760563380281,
        0.5352112676056338,
        0.528169014084507,
        0.647887323943662,
        0.6267605633802817,
        0.5915492957746479,
        0.6549295774647887,
        0.5915492957746479,
        0.6267605633802817,
        0.5140845070422535,
        0.5774647887323944,
        0.647887323943662,
        0.49295774647887325,
        0.647887323943662,
        0.5633802816901409,
        0.647887323943662,
        0.5633802816901409,
        0.6830985915492958,
        0.5422535211267606,
        0.6830985915492958,
        0.704225352112676,
        0.5845070422535211,
        0.704225352112676,
        0.6267605633802817,
        0.6971830985915493,
        0.6126760563380281,
        0.7253521126760564,
        0.6690140845070423,
        0.6197183098591549,
        0.647887323943662,
        0.5774647887323944,
        0.6619718309859155,
        0.7323943661971831,
        0.4788732394366197,
        0.7887323943661971,
        0.7183098591549296,
        0.6830985915492958,
        0.6549295774647887,
        0.7323943661971831,
        0.7183098591549296,
        0.7323943661971831,
        0.704225352112676,
        0.6971830985915493
    ],
    "train_f1": [
        0.07662994890038412,
        0.08747574005259359,
        0.07500778089013382,
        0.11222185351105211,
        0.07203463203463203,
        0.12497406702886156,
        0.10410588486444176,
        0.17432393834582618,
        0.12273191924354714,
        0.15271551170963177,
        0.1397061811191332,
        0.20897491922241643,
        0.23147923334182713,
        0.2221794078936936,
        0.23830782312925172,
        0.20517006802721088,
        0.2223139289552952,
        0.34279702892450814,
        0.2732316934217856,
        0.3601202799960564,
        0.34517262872222665,
        0.2908253069242157,
        0.3635930892782346,
        0.33355117278771856,
        0.3133299108224409,
        0.335815768930523,
        0.3362809550697749,
        0.2678612929359198,
        0.45732964410533256,
        0.4235530775579903,
        0.3017525705118494,
        0.4150332527992103,
        0.36399139192938756,
        0.3934413893273861,
        0.4125037660751946,
        0.3377188029361942,
        0.45882966960751836,
        0.3163362997781272,
        0.46744261029975315,
        0.3914162028447743,
        0.3972515580352879,
        0.5110732123537246,
        0.4939252497823436,
        0.45847783595611424,
        0.5076580562294848,
        0.5114693525652428,
        0.4581862062563817,
        0.40149892159696077,
        0.45215790019711594,
        0.49316011891199857,
        0.3778892321122788,
        0.52005402005402,
        0.43736358538201864,
        0.5313581572980068,
        0.4496943166483396,
        0.5114336914859562,
        0.43557568481938225,
        0.5720494882303054,
        0.5861459077558148,
        0.5224207518941578,
        0.5804529296911891,
        0.5187710655950221,
        0.5774973498784063,
        0.46435581082543315,
        0.5962524199537299,
        0.5147546984316932,
        0.5014409792869878,
        0.5527619905771166,
        0.4314688838498362,
        0.5511237728156251,
        0.6211615150038795,
        0.38373832308042827,
        0.6869471996627169,
        0.5526722573904629,
        0.5665718202233081,
        0.5352192696966217,
        0.604640312951357,
        0.562962962962963,
        0.632931748384071,
        0.606825492756591,
        0.5472697118786269
    ],