{
    "train_loss": [
        1.3205528497695922,
        1.3286807537078857,
        1.3079599142074585,
        1.2576051473617553,
        1.1207883596420287,
        0.947340977191925,
        0.9365142941474914,
        0.814808863401413,
        0.8170988321304321,
        0.6923689842224121,
        0.7080517768859863,
        0.7195897817611694,
        0.6549445867538453,
        0.5975056886672974,
        0.5792596220970154,
        0.577074408531189,
        0.5584933578968048,
        0.5351528048515319,
        0.4831735372543335,
        0.47199331521987914,
        0.5167852759361267,
        0.5009732782840729,
        0.4905638873577118,
        0.4805194795131683,
        0.4244277238845825,
        0.37350046038627627,
        0.43152297139167783,
        0.4128406286239624,
        0.46656500101089476,
        0.45023344159126283,
        0.459373277425766,
        0.4985077798366547,
        0.4551129400730133,
        0.44041590094566346,
        0.4483836442232132,
        0.33106825351715086,
        0.39475967884063723,
        0.3399984836578369,
        0.3153925448656082,
        0.3007648944854736,
        0.2930111289024353,
        0.3655668139457703
    ],
    "train_acc": [
        0.16901408450704225,
        0.14084507042253522,
        0.14788732394366197,
        0.20422535211267606,
        0.21830985915492956,
        0.2887323943661972,
        0.31690140845070425,
        0.28169014084507044,
        0.29577464788732394,
        0.34507042253521125,
        0.4225352112676056,
        0.44366197183098594,
        0.36619718309859156,
        0.4154929577464789,
        0.5492957746478874,
        0.4084507042253521,
        0.5211267605633803,
        0.5140845070422535,
        0.5845070422535211,
        0.5633802816901409,
        0.5492957746478874,
        0.5774647887323944,
        0.5563380281690141,
        0.5633802816901409,
        0.6126760563380281,
        0.6197183098591549,
        0.5985915492957746,
        0.6338028169014085,
        0.5704225352112676,
        0.4084507042253521,
        0.5211267605633803,
        0.6126760563380281,
        0.528169014084507,
        0.5915492957746479,
        0.5070422535211268,
        0.6619718309859155,
        0.6126760563380281,
        0.5774647887323944,
        0.6619718309859155,
        0.6830985915492958,
        0.6971830985915493,
        0.6338028169014085
    ],
    "train_f1": [
        0.11595201154814475,
        0.10072339940760992,
        0.0971402123451942,
        0.16383950881702009,
        0.14531447876975648,
        0.16994587308607656,
        0.20212446595358108,
        0.183194347348447,
        0.21912336598747748,
        0.2414410038857308,
        0.31649543357977566,
        0.34586106934784366,
        0.29935064935064937,
        0.3252037795139224,
        0.4396145462011377,
        0.3231992645036123,
        0.3844203224306589,
        0.4284961028178515,
        0.5015369279036388,
        0.454096124665405,
        0.46767944706486714,
        0.4712831933219218,
        0.4869695704368704,
        0.4657442467685055,
        0.5369510031219243,
        0.46320079276601017,
        0.49234222460449123,
        0.5323237278353091,
        0.5227473186012144,
        0.29285077441759466,
        0.40969114918694755,
        0.5182063759912877,
        0.45627358988950734,
        0.49111919339271964,
        0.4519120328709333,
        0.5389957813789131,
        0.5208250438600747,
        0.4870705751731847,
        0.5508974769581154,
        0.564341966429599,
        0.6034690020117102,
        0.5096677132391417
    ],
    "val_loss": [
        0.9002372026443481,
        0.9198153018951416,
        0.9436310231685638,
        0.9288622438907623,
        0.8656438887119293,
        0.7901813685894012,
        0.6761157214641571,
        0.7187811136245728,
        0.8332803845405579,
        0.9648371338844299,
        0.7596771419048309,
        0.7242641448974609,
        0.617992639541626,
        0.6500923037528992,
        0.6613616943359375,
        0.7150469720363617,
        0.7640411257743835,
        0.740388959646225,
        0.7093589305877686,
        0.6707736849784851,
        0.6897794306278229,
        0.6960443258285522,
        0.7301211357116699,
        0.685586005449295,
        0.6445757746696472,
        0.6382731199264526,
        0.6603214740753174,
        0.6774177253246307,
        0.7079279720783234,
        0.7843470871448517,
        0.759059727191925,
        0.7019383907318115,
        0.6608922779560089,
        0.6407516598701477,
        0.7393970489501953,
        0.7358814477920532,
        0.7587470412254333,
        0.7515169978141785,
        0.7175312936306,
        0.6432737112045288,
        0.6767998933792114,
        0.7032983601093292
    ],
    "val_acc": [
        0.14285714285714285,
        0.05714285714285714,
        0.11428571428571428,
        0.02857142857142857,
        0.2571428571428571,
        0.2571428571428571,
        0.3142857142857143,
        0.3142857142857143,
        0.3142857142857143,
        0.2,
        0.34285714285714286,
        0.2857142857142857,
        0.2857142857142857,
        0.34285714285714286,
        0.3142857142857143,
        0.34285714285714286,
        0.42857142857142855,
        0.34285714285714286,
        0.3142857142857143,
        0.37142857142857144,
        0.4,
        0.45714285714285713,
        0.45714285714285713,
        0.42857142857142855,
        0.42857142857142855,
        0.45714285714285713,
        0.42857142857142855,
        0.4,
        0.42857142857142855,
        0.45714285714285713,
        0.45714285714285713,
        0.45714285714285713,
        0.45714285714285713,
        0.42857142857142855,
        0.42857142857142855,
        0.42857142857142855,
        0.4,
        0.42857142857142855,
        0.42857142857142855,
        0.45714285714285713,
        0.45714285714285713,
        0.45714285714285713
    ],
    "val_f1": [
        0.1036682615629984,
        0.08646616541353383,
        0.14920634920634918,
        0.01680672268907563,
        0.17069369553841604,
        0.1547309833024119,
        0.19717584003298289,
        0.2290619146209208,
        0.19867346938775507,
        0.11993720565149137,
        0.23542882238534416,
        0.19900591815673638,
        0.18843537414965986,
        0.19356833642547924,
        0.18367346938775508,
        0.23231292517006802,
        0.2940455534440497,
        0.20892599464028036,
        0.1913765506202481,
        0.2180451127819549,
        0.2755102040816327,
        0.34099659930861975,
        0.33104877578561787,
        0.32937455918822384,
        0.25948399426660296,
        0.2660455486542443,
        0.2912364945978392,
        0.28015380065069506,
        0.3075630252100841,
        0.3305916305916306,
        0.3305916305916306,
        0.2714285714285714,
        0.27020515716167887,
        0.27489177489177485,
        0.3333333333333333,
        0.3333333333333333,
        0.25071119356833643,
        0.3364254792826222,
        0.32040816326530613,
        0.3357452071737786,
        0.27730364873222013,
        0.33471177944862157
    ]
}