{
    "train_loss": [
        1.9397501665003158,
        1.9563179717344397,
        1.8971314360113705,
        1.790516600889318,
        1.7437085333992453,
        1.6320763545877792,
        1.5193314902922685,
        1.5091725587844849,
        1.3667987444821526,
        1.3391381046351265,
        1.2666104190489824,
        1.1854224976371317,
        1.188679526833927,
        1.176445161595064,
        1.0972347189398373,
        1.0037157991353203,
        1.0292330910177792,
        1.0759105296695934,
        1.021673858165741,
        0.9913807020467871,
        0.9616619418649113,
        1.0363721637164844,
        0.939478709417231,
        0.9333571037825417,
        0.9016584894236397,
        0.8873459030600155,
        0.911725261632134,
        0.7864520690020393,
        0.7657533533432904,
        0.7919016480445862,
        0.8002469890257892,
        0.8354535102844238,
        0.7443362562095418,
        0.7067387209219091,
        0.7547209981609794,
        0.6834165892180275,
        0.6922224479563096,
        0.613322855795131,
        0.614424293532091,
        0.6615196308668922,
        0.6215205946389366,
        0.6193968811455894,
        0.5674681558328516,
        0.556096217211555,
        0.5224296327899484,
        0.5251028344911688,
        0.538549517883974,
        0.5117465678383323,
        0.5599643938681659,
        0.5256590159500346,
        0.4789963872993694,
        0.502324723145541,
        0.4619045432876138,
        0.44363726938472076,
        0.48340196995174184,
        0.5198701585040373,
        0.49243658781051636,
        0.4011223202242571,
        0.46995686783510093,
        0.3893172889947891,
        0.43427689724108753,
        0.35665762512122884,
        0.3941493235966739,
        0.43958019947304444,
        0.39073340857730193,
        0.3949673824450549,
        0.35771818721995635,
        0.4800719355835634,
        0.39981094178031473,
        0.3695794817279367,
        0.3991074211457196
    ],
    "train_acc": [
        0.08455882352941177,
        0.10294117647058823,
        0.0661764705882353,
        0.08088235294117647,
        0.125,
        0.16544117647058823,
        0.19852941176470587,
        0.17647058823529413,
        0.2647058823529412,
        0.2426470588235294,
        0.27205882352941174,
        0.33455882352941174,
        0.3235294117647059,
        0.3014705882352941,
        0.3639705882352941,
        0.41911764705882354,
        0.35661764705882354,
        0.40808823529411764,
        0.3492647058823529,
        0.43014705882352944,
        0.3602941176470588,
        0.38235294117647056,
        0.39338235294117646,
        0.36764705882352944,
        0.4411764705882353,
        0.4375,
        0.4007352941176471,
        0.45955882352941174,
        0.45955882352941174,
        0.4485294117647059,
        0.45588235294117646,
        0.45588235294117646,
        0.4852941176470588,
        0.47794117647058826,
        0.49264705882352944,
        0.4963235294117647,
        0.5147058823529411,
        0.4889705882352941,
        0.5294117647058824,
        0.49264705882352944,
        0.5514705882352942,
        0.5477941176470589,
        0.5477941176470589,
        0.5330882352941176,
        0.5294117647058824,
        0.5955882352941176,
        0.5477941176470589,
        0.6470588235294118,
        0.5735294117647058,
        0.5698529411764706,
        0.6360294117647058,
        0.5919117647058824,
        0.5110294117647058,
        0.5845588235294118,
        0.5661764705882353,
        0.5477941176470589,
        0.6066176470588235,
        0.625,
        0.5845588235294118,
        0.6507352941176471,
        0.5882352941176471,
        0.7058823529411765,
        0.5772058823529411,
        0.6470588235294118,
        0.6397058823529411,
        0.6654411764705882,
        0.6580882352941176,
        0.6470588235294118,
        0.6691176470588235,
        0.6507352941176471,
        0.6507352941176471
    ],
    "val_loss": [
        1.8203838109970092,
        1.886564803123474,
        1.8201662063598634,
        1.636623167991638,
        1.5573176383972167,
        1.408770704269409,
        1.3420837640762329,
        1.2970996618270874,
        1.314468002319336,
        1.2985041379928588,
        1.2219465732574464,
        1.1717149257659911,
        1.1725183010101319,
        1.1001293420791627,
        1.0481529831886292,
        1.026284682750702,
        1.0151421308517456,
        0.9851942777633667,
        0.9549569487571716,
        0.9760985851287842,
        0.9705933451652526,
        0.9189327955245972,
        0.9345417261123657,
        0.893380057811737,
        0.8682703614234925,
        0.862806761264801,
        0.8562164783477784,
        0.8473877429962158,
        0.8512250781059265,
        0.824795949459076,
        0.8515832424163818,
        0.8155420780181885,
        0.7921268701553345,
        0.7547863245010376,
        0.8308690547943115,
        0.8347108840942383,
        0.7636637687683105,
        0.7602946400642395,
        0.6561357259750367,
        0.7207007765769958,
        0.7556957364082336,
        0.7600465059280396,
        0.6354358792304993,
        0.7136355698108673,
        0.6753518879413605,
        0.7608202695846558,
        0.6822463035583496,
        0.7822921752929688,
        0.636178171634674,
        0.6962700486183167,
        0.6168014943599701,
        0.6688154339790344,
        0.6913548588752747,
        0.658554631471634,
        0.728595495223999,
        0.6986588060855865,
        0.7603805005550385,
        0.7826570868492126,
        0.7126547336578369,
        0.659042501449585,
        0.7654823184013366,
        0.65303755402565,
        0.7495134711265564,
        0.765703284740448,
        0.7866379141807556,
        0.8537919402122498,
        0.7995738744735718,
        0.7240313827991486,
        0.7067484557628632,
        0.8118417739868165,
        0.8096738934516907
    ],
    "val_acc": [
        0.1,
        0.05,
        0.125,
        0.175,
        0.2125,
        0.275,
        0.4125,
        0.3875,
        0.325,
        0.375,
        0.4625,
        0.475,
        0.45,
        0.475,
        0.525,
        0.5375,
        0.5375,
        0.5125,
        0.5375,
        0.55,
        0.5375,
        0.55,
        0.5375,
        0.5375,
        0.55,
        0.525,
        0.5375,
        0.5875,
        0.5625,
        0.55,
        0.55,
        0.5,
        0.5375,
        0.575,
        0.5625,
        0.55,
        0.525,
        0.55,
        0.625,
        0.5875,
        0.5875,
        0.55,
        0.6,
        0.6125,
        0.6375,
        0.625,
        0.6,
        0.55,
        0.5875,
        0.6125,
        0.625,
        0.6125,
        0.55,
        0.5875,
        0.6,
        0.575,
        0.575,
        0.5625,
        0.55,
        0.5875,
        0.6,
        0.5875,
        0.6,
        0.575,
        0.5875,
        0.5625,
        0.5625,
        0.55,
        0.5625,
        0.575,
        0.5125
    ],