{
    "train_loss": [
        0.6038855181799995,
        0.5832366943359375,
        0.462213310930464,
        0.38978474338849384,
        0.27246957355075413,
        0.2937072863181432,
        0.24252518680360582,
        0.3355589459339778,
        0.23026279194487465,
        0.2081770035955641,
        0.22725494040383232,
        0.20147430565622118,
        0.15059393809901345,
        0.1716391427649392,
        0.12595388127697837,
        0.15623843835459816,
        0.19516156365474066,
        0.18110147366921106,
        0.11610919402705298,
        0.17806947976350784,
        0.10917883780267504,
        0.12834546383884218,
        0.11921624549561077,
        0.10809239000082016,
        0.0978165293733279,
        0.09238034176329772,
        0.09634646938906775,
        0.0954562992685371,
        0.08054935766590966
    ],
    "train_acc": [
        0.4513888888888889,
        0.5,
        0.5347222222222222,
        0.6388888888888888,
        0.7152777777777778,
        0.6597222222222222,
        0.7361111111111112,
        0.5902777777777778,
        0.7291666666666666,
        0.7083333333333334,
        0.7083333333333334,
        0.8125,
        0.8402777777777778,
        0.6875,
        0.8263888888888888,
        0.8472222222222222,
        0.75,
        0.7222222222222222,
        0.8333333333333334,
        0.6527777777777778,
        0.8333333333333334,
        0.8125,
        0.875,
        0.7847222222222222,
        0.8819444444444444,
        0.9027777777777778,
        0.8680555555555556,
        0.9027777777777778,
        0.8680555555555556
    ],
    "val_loss": [
        0.41002099712689716,
        0.36736877759297687,
        0.298304150501887,
        0.3179416408141454,
        0.3257079025109609,
        0.24766849478085837,
        0.18270450830459595,
        0.13597920164465904,
        0.137422326952219,
        0.1731464813152949,
        0.20492958525816599,
        0.2086510956287384,
        0.1997364138563474,
        0.19738052040338516,
        0.19441896180311838,
        0.18580505003531775,
        0.1816880206267039,
        0.21201718846956888,
        0.20694352686405182,
        0.18816815813382468,
        0.1802560935417811,
        0.20059336721897125,
        0.18910934776067734,
        0.18235033750534058,
        0.18650059898694357,
        0.17504109938939413,
        0.16213621944189072,
        0.14768469706177711,
        0.16831637918949127
    ],
    "val_acc": [
        0.35294117647058826,
        0.5294117647058824,
        0.7058823529411765,
        0.6764705882352942,
        0.7352941176470589,
        0.8235294117647058,
        0.8235294117647058,
        0.8235294117647058,
        0.8529411764705882,
        0.8529411764705882,
        0.7941176470588235,
        0.7647058823529411,
        0.8235294117647058,
        0.7941176470588235,
        0.8529411764705882,
        0.8235294117647058,
        0.8529411764705882,
        0.8235294117647058,
        0.8235294117647058,
        0.7941176470588235,
        0.7647058823529411,
        0.7941176470588235,
        0.8529411764705882,
        0.7647058823529411,
        0.7352941176470589,
        0.7647058823529411,
        0.7647058823529411,
        0.7647058823529411,
        0.7647058823529411
    ],
    "val_f1": [
        0.2812121212121212,
        0.4122807017543859,
        0.6931216931216931,
        0.6435729847494553,
        0.6952702702702703,
        0.8077327327327328,
        0.8077327327327328,
        0.8077327327327328,
        0.8438438438438438,
        0.8438438438438438,
        0.7482905982905983,
        0.7520467836257311,
        0.8140350877192981,
        0.7897147147147147,
        0.8438438438438438,
        0.8194444444444445,
        0.8290598290598291,
        0.8045112781954886,
        0.8045112781954886,
        0.796078431372549,
        0.7592592592592592,
        0.7606837606837606,
        0.8438438438438438,
        0.7734204793028322,
        0.7511961722488039,
        0.7734204793028322,
        0.7734204793028322,
        0.7734204793028322,
        0.7734204793028322
    ]
}