{
    "train_loss": [
        0.6843907535076141,
        0.7571704387664795,
        0.644728884100914,
        0.48499348014593124,
        0.42365923523902893,
        0.3369835466146469,
        0.23233821615576744,
        0.253409456461668,
        0.22012203931808472,
        0.18678899854421616,
        0.16606018133461475,
        0.205947145819664,
        0.23533819243311882,
        0.16870017908513546,
        0.147222138941288,
        0.2333693876862526,
        0.14150066301226616,
        0.1405526865273714,
        0.15484904684126377,
        0.10874947719275951,
        0.14440368860960007,
        0.09799202531576157,
        0.1086330795660615,
        0.1448563700541854,
        0.1449078544974327,
        0.11637614108622074,
        0.09667155332863331,
        0.07682886067777872,
        0.09105406515300274,
        0.07036462612450123,
        0.06505865138024092,
        0.054921564646065235,
        0.18634100537747145,
        0.07610669359564781,
        0.05697327572852373,
        0.05492224544286728,
        0.04207408707588911,
        0.07429897040128708,
        0.046105608344078064,
        0.15407743491232395,
        0.03487602388486266,
        0.12058417219668627,
        0.09586846362799406
    ],
    "train_acc": [
        0.34782608695652173,
        0.3652173913043478,
        0.33043478260869563,
        0.5043478260869565,
        0.6,
        0.6347826086956522,
        0.8173913043478261,
        0.6,
        0.782608695652174,
        0.7565217391304347,
        0.7652173913043478,
        0.7913043478260869,
        0.8347826086956521,
        0.6347826086956522,
        0.8608695652173913,
        0.7391304347826086,
        0.7565217391304347,
        0.8869565217391304,
        0.8695652173913043,
        0.8869565217391304,
        0.6956521739130435,
        0.8956521739130435,
        0.8956521739130435,
        0.7565217391304347,
        0.8869565217391304,
        0.8869565217391304,
        0.9217391304347826,
        0.9391304347826087,
        0.8869565217391304,
        0.9391304347826087,
        0.9391304347826087,
        0.9304347826086956,
        0.8173913043478261,
        0.9304347826086956,
        0.9304347826086956,
        0.9391304347826087,
        0.9652173913043478,
        0.9478260869565217,
        0.9652173913043478,
        0.8956521739130435,
        0.9826086956521739,
        0.8521739130434782,
        0.8608695652173913
    ],
    "train_f1": [
        0.33170397702417403,
        0.32852228610742545,
        0.3180720618751179,
        0.46588441280174897,
        0.5562624676090687,
        0.570966070966071,
        0.7789242216079014,
        0.5372645372645373,
        0.7498455495846232,
        0.6926015894436947,
        0.72336860670194,
        0.7337712294234033,
        0.7710064579629797,
        0.5888032871083718,
        0.7918660287081339,
        0.669046480108427,
        0.7033755274261604,
        0.8313152896486229,
        0.8233063233063233,
        0.8305691543194226,
        0.6435580799217163,
        0.8399682657873275,
        0.8686459739091318,
        0.7173101483446311,
        0.8509684621349626,
        0.8440711199331888,
        0.8916014088427882,
        0.9054474362392252,
        0.8500644774328986,
        0.9054474362392252,
        0.9166470818644732,
        0.9029374201787995,
        0.7662653066441701,
        0.8985442549694268,
        0.8989697573944833,
        0.9054474362392252,
        0.9514687100893998,
        0.9223205844041381,
        0.9472222222222223,
        0.8581614463967405,
        0.9747424393486209,
        0.8483923483923483,
        0.8223787511923105
    ],
    "val_loss": [
        0.5084141492843628,
        0.5474048852920532,
        0.46098047494888306,
        0.45702382922172546,
        0.4312891364097595,
        0.37794315814971924,
        0.2822405695915222,
        0.2278813272714615,
        0.18058571219444275,
        0.17137224972248077,
        0.1695813089609146,
        0.21047861874103546,
        0.22940033674240112,
        0.23164677619934082,
        0.2362835705280304,
        0.21531666815280914,
        0.2137802094221115,
        0.20576223731040955,
        0.22339768707752228,
        0.2314644157886505,
        0.20901286602020264,
        0.1971459984779358,
        0.1857403665781021,
        0.19090776145458221,
        0.20378977060317993,
        0.22359324991703033,
        0.22018882632255554,
        0.21670757234096527,
        0.21397623419761658,
        0.2044505476951599,
        0.20633259415626526,
        0.22430916130542755,
        0.21805527806282043,
        0.22953450679779053,
        0.24599029123783112,
        0.24618199467658997,
        0.2584174871444702,
        0.23832882940769196,
        0.2131999433040619,
        0.21177488565444946,
        0.20479394495487213,
        0.2103174775838852,
        0.2295009046792984
    ],
    "val_acc": [
        0.20689655172413793,
        0.10344827586206896,
        0.5517241379310345,
        0.5517241379310345,
        0.6896551724137931,
        0.6896551724137931,
        0.7931034482758621,
        0.7931034482758621,
        0.8275862068965517,
        0.8620689655172413,
        0.8620689655172413,
        0.8620689655172413,
        0.7931034482758621,
        0.7586206896551724,
        0.7586206896551724,
        0.7931034482758621,
        0.7931034482758621,
        0.7931034482758621,
        0.7586206896551724,
        0.8275862068965517,
        0.8275862068965517,
        0.8275862068965517,
        0.8620689655172413,
        0.8275862068965517,
        0.8275862068965517,
        0.8275862068965517,
        0.8275862068965517,
        0.7931034482758621,
        0.7931034482758621,
        0.7931034482758621,
        0.7931034482758621,
        0.7931034482758621,
        0.7931034482758621,
        0.7931034482758621,
        0.7931034482758621,
        0.7931034482758621,
        0.7931034482758621,
        0.8275862068965517,
        0.8275862068965517,
        0.8275862068965517,
        0.8275862068965517,
        0.8620689655172413,
        0.8620689655172413
    ],
    "val_f1": [
        0.21019607843137256,
        0.07428571428571429,
        0.36140350877192984,
        0.36507936507936506,
        0.5041666666666667,
        0.5082402977139818,
        0.7420112781954886,
        0.7282430213464696,
        0.8232304900181489,
        0.8388888888888889,
        0.8388888888888889,
        0.8269005847953216,
        0.7333333333333334,
        0.6533026113671275,
        0.6533026113671275,
        0.7333333333333334,
        0.7333333333333334,
        0.7333333333333334,
        0.6476190476190476,
        0.7936507936507936,
        0.7936507936507936,
        0.7936507936507936,
        0.8523809523809524,
        0.7980842911877395,
        0.7980842911877395,
        0.7980842911877395,
        0.7980842911877395,
        0.7282430213464696,
        0.7282430213464696,
        0.7282430213464696,
        0.7282430213464696,
        0.7282430213464696,
        0.7282430213464696,
        0.7282430213464696,
        0.7282430213464696,
        0.7282430213464696,
        0.7333333333333334,
        0.7980842911877395,
        0.7980842911877395,
        0.7980842911877395,
        0.7980842911877395,
        0.8269005847953216,
        0.8269005847953216
    ]
}