{
    "train_loss": [
        2.9945958256721497,
        2.478788375854492,
        1.7638344168663025,
        1.2554461807012558,
        1.1331949084997177,
        0.934323638677597,
        0.733276903629303,
        0.9160441607236862,
        0.9006944298744202,
        0.5624110326170921,
        0.6421334743499756,
        0.6627341359853745,
        0.5575578659772873,
        0.681895948946476,
        0.6391633823513985,
        0.7305224686861038,
        0.6000769436359406,
        0.7768295034766197,
        0.49632931500673294,
        0.6072938963770866,
        0.40619074553251266,
        0.454103983938694,
        0.45903585106134415,
        0.5070772767066956,
        0.2546960860490799,
        0.6140025034546852,
        0.34844842180609703,
        0.2601560093462467,
        0.2866940163075924,
        0.2743059769272804,
        0.5045906342566013,
        0.4371275119483471,
        0.4223647713661194,
        0.23380785435438156,
        0.48117877542972565
    ],
    "train_acc": [
        0.3650897868628641,
        0.4336648589199029,
        0.5152813068871359,
        0.5884452745752428,
        0.6738921230279126,
        0.7049904239987864,
        0.6095290693264563,
        0.6833306469963593,
        0.6394303701456311,
        0.7145711658070388,
        0.6083771048240292,
        0.7303834192961165,
        0.7215303587682039,
        0.6948811058859223,
        0.7411469394720874,
        0.5383656325849514,
        0.5858829831614077,
        0.4141525712985437,
        0.6769806204490292,
        0.6867652078276699,
        0.7473831917475728,
        0.720873786407767,
        0.6664422785194175,
        0.7893090109223301,
        0.7660872079793689,
        0.7051160497572816,
        0.6144166224211165,
        0.7907572625910194,
        0.6895621586771845,
        0.7801620335254854,
        0.7362996814320388,
        0.7704035194174758,
        0.7603439775485437,
        0.6701589047330098,
        0.7180957979368932
    ],
    "train_f1": [],
    "val_loss": [
        0.5979217290878296,
        0.48740828037261963,
        0.4633121192455292,
        0.5324651598930359,
        0.6975013017654419,
        1.125799536705017,
        1.1294994354248047,
        1.1348263025283813,
        1.0209070444107056,
        0.7804279327392578,
        0.7325518131256104,
        0.6955757141113281,
        0.8320332169532776,
        0.6620519757270813,
        0.4832346439361572,
        0.46058765053749084,
        0.4674037992954254,
        0.46873101592063904,
        0.45405909419059753,
        0.5340875387191772,
        0.47848275303840637,
        0.40010350942611694,
        0.4702282249927521,
        0.46181342005729675,
        0.3399324417114258,
        0.31213900446891785,
        0.2798985540866852,
        0.271858811378479,
        0.3298584222793579,
        0.3787303864955902,
        0.393204927444458,
        0.36786454916000366,
        0.3459961712360382,
        0.33556440472602844,
        0.34199899435043335
    ],
    "val_acc": [
        0.4269456129807692,
        0.5647160456730769,
        0.6849177433894231,
        0.7205341045673077,
        0.7353046123798077,
        0.7196232722355769,
        0.685546875,
        0.6624098557692307,
        0.6529165414663461,
        0.7103083683894231,
        0.7204214242788461,
        0.7804987980769231,
        0.7656156099759616,
        0.7771841195913461,
        0.8001333383413461,
        0.7647611177884616,
        0.7810903695913461,
        0.7754281850961539,
        0.7719820462740384,
        0.7305908203125,
        0.6908146784855769,
        0.7194260817307693,
        0.7558499849759616,
        0.7843111478365384,
        0.7950533353365384,
        0.7902362530048077,
        0.7970440204326923,
        0.7912034254807693,
        0.7575214092548077,
        0.7394456129807693,
        0.7178861177884616,
        0.7408635066105769,
        0.769775390625,
        0.7717942457932693,
        0.7737567608173077
    ],
    "val_f1": [
        0.3270712285937987,
        0.42706774483140236,
        0.49649158215097877,
        0.523187772637393,
        0.5350075653545333,
        0.5282562598100995,
        0.5325949608683854,
        0.580939335455326,
        0.5733985723038112,
        0.6270971685169471,
        0.5508365189594031,
        0.694658142369316,
        0.6629723929355277,
        0.682591011995212,
        0.7120718322870258,
        0.6843258851380697,
        0.7041058314207014,
        0.6898623707630483,
        0.6750952908555351,
        0.6463876902435761,
        0.5489478092358315,
        0.6320300896005124,
        0.6602080370181905,
        0.6868655547430058,
        0.7082674798099079,
        0.6662390057805783,
        0.6533315691850364,
        0.6690263482386111,
        0.6908621138722117,
        0.6789913483901794,
        0.6525948669339586,
        0.6761108295910616,
        0.698820485474299,
        0.686163026730577,
        0.6849034578260175
    ]
}