{
    "train_loss": [
        0.6736631542444229,
        0.31009456142783165,
        0.24096615612506866,
        0.21710625663399696,
        0.1583985649049282,
        0.16531389020383358,
        0.20039522275328636,
        0.09785893559455872,
        0.08282540645450354,
        0.17839691415429115,
        0.08759856969118118,
        0.06437644036486745,
        0.0893815215677023,
        0.15037641301751137,
        0.3018214516341686,
        0.17456132546067238,
        0.10111238807439804,
        0.08546735346317291,
        0.08512558601796627,
        0.12100920639932156,
        0.0895021352916956,
        0.06938843242824078
    ],
    "train_acc": [
        0.53125,
        0.7265625,
        0.8125,
        0.625,
        0.6953125,
        0.7578125,
        0.8515625,
        0.859375,
        0.9375,
        0.90625,
        0.875,
        0.90625,
        0.8671875,
        0.7578125,
        0.625,
        0.8515625,
        0.8046875,
        0.890625,
        0.8828125,
        0.890625,
        0.921875,
        0.9296875
    ],
    "val_loss": [
        0.454369455575943,
        0.2625575438141823,
        0.20395277813076973,
        0.16960911452770233,
        0.13173356838524342,
        0.11869667656719685,
        0.12043993547558784,
        0.12213563546538353,
        0.11960038915276527,
        0.11918123811483383,
        0.10976565629243851,
        0.09984949789941311,
        0.10953085869550705,
        0.10869460366666317,
        0.10011184774339199,
        0.0985472584143281,
        0.11504573374986649,
        0.14109566807746887,
        0.14866195991635323,
        0.15779282711446285,
        0.16555142402648926,
        0.15936232171952724
    ],
    "val_acc": [
        0.5882352941176471,
        0.5294117647058824,
        0.5588235294117647,
        0.5588235294117647,
        0.7058823529411765,
        0.7352941176470589,
        0.7941176470588235,
        0.7941176470588235,
        0.7352941176470589,
        0.7352941176470589,
        0.7352941176470589,
        0.7352941176470589,
        0.6764705882352942,
        0.7352941176470589,
        0.7352941176470589,
        0.7058823529411765,
        0.7647058823529411,
        0.7941176470588235,
        0.7352941176470589,
        0.7058823529411765,
        0.6470588235294118,
        0.7058823529411765
    ],
    "val_f1": [
        0.5512265512265512,
        0.5873015873015873,
        0.6109195402298851,
        0.6109195402298851,
        0.721843825249398,
        0.743915343915344,
        0.7897147147147147,
        0.7897147147147147,
        0.7103785103785104,
        0.7103785103785104,
        0.7300300300300301,
        0.718918918918919,
        0.6795518207282912,
        0.7378151260504202,
        0.7535353535353536,
        0.721843825249398,
        0.7393483709273183,
        0.7606837606837606,
        0.718918918918919,
        0.6990740740740741,
        0.6601307189542484,
        0.6990740740740741
    ]
}