{
    "train_loss": [
        1.4785922765731812,
        1.0574686229228973,
        1.578525960445404,
        0.8412462770938873,
        0.8204629421234131,
        1.0117803812026978,
        0.9090045988559723,
        1.040662705898285,
        0.8122975826263428,
        1.1083658933639526,
        1.142444372177124,
        0.5021368116140366,
        0.7446021735668182,
        0.457461953163147,
        0.5080480873584747,
        0.7284640967845917,
        0.8282381296157837,
        0.7752006649971008,
        0.6797542870044708,
        0.6931703090667725,
        0.6952165067195892,
        0.3483841121196747,
        0.4181229919195175,
        0.55543452501297,
        0.3789859116077423,
        0.34734004735946655,
        0.26719342917203903,
        0.3742845505475998,
        0.5327195376157761,
        0.5064618214964867,
        0.3920235186815262,
        0.41111014783382416,
        0.3673579841852188,
        0.34976280480623245,
        0.5207768231630325,
        0.36021657288074493,
        0.2913194000720978,
        0.2627080902457237,
        0.357757993042469,
        0.7238010466098785,
        0.40945887565612793,
        0.26656173169612885,
        0.26896020770072937,
        0.24618414044380188,
        0.3684028834104538
    ],
    "train_acc": [
        0.23076923076923078,
        0.2564102564102564,
        0.23076923076923078,
        0.23076923076923078,
        0.46153846153846156,
        0.38461538461538464,
        0.4358974358974359,
        0.41025641025641024,
        0.5641025641025641,
        0.46153846153846156,
        0.41025641025641024,
        0.38461538461538464,
        0.4358974358974359,
        0.5384615384615384,
        0.5128205128205128,
        0.358974358974359,
        0.358974358974359,
        0.2564102564102564,
        0.5897435897435898,
        0.38461538461538464,
        0.1282051282051282,
        0.6153846153846154,
        0.5641025641025641,
        0.6666666666666666,
        0.717948717948718,
        0.6410256410256411,
        0.5897435897435898,
        0.5128205128205128,
        0.6410256410256411,
        0.6410256410256411,
        0.6410256410256411,
        0.5897435897435898,
        0.6923076923076923,
        0.6666666666666666,
        0.5897435897435898,
        0.5897435897435898,
        0.5897435897435898,
        0.6666666666666666,
        0.7692307692307693,
        0.717948717948718,
        0.717948717948718,
        0.717948717948718,
        0.6153846153846154,
        0.7435897435897436,
        0.5641025641025641
    ],
    "train_f1": [
        0.19474747474747475,
        0.2246117084826762,
        0.2090322580645161,
        0.2203316396864784,
        0.4666666666666666,
        0.37777777777777777,
        0.4341691588068399,
        0.4016858237547893,
        0.5605797101449276,
        0.45974235104669886,
        0.4069264069264069,
        0.3772136222910216,
        0.42917874396135264,
        0.5220959595959596,
        0.5143197631953255,
        0.36528735632183906,
        0.3611111111111111,
        0.2514009661835748,
        0.5862455977398505,
        0.38821161809667554,
        0.11784946236559139,
        0.6174228675136116,
        0.5613053613053612,
        0.6725701033101412,
        0.7239057239057239,
        0.6441725373872204,
        0.5993934381031155,
        0.5149447693307342,
        0.6428904428904428,
        0.6321416497633536,
        0.65891675374434,
        0.5813756613756614,
        0.6868686868686869,
        0.6681190994916486,
        0.6039809863339275,
        0.5916991552956465,
        0.6039809863339275,
        0.6740405563934976,
        0.777046783625731,
        0.7296296296296297,
        0.7239057239057239,
        0.7212065006182652,
        0.632363315696649,
        0.7407407407407408,
        0.5781732789519219
    ],
    "val_loss": [
        0.8516063094139099,
        0.5983520150184631,
        0.5687410831451416,
        0.5778639912605286,
        0.570439338684082,
        0.5868305563926697,
        0.5517106652259827,
        0.5507088899612427,
        0.5121150016784668,
        0.5099779963493347,
        0.4942583441734314,
        0.4979272484779358,
        0.5162829160690308,
        0.5252642035484314,
        0.475731760263443,
        0.421427845954895,
        0.39625972509384155,
        0.3573589324951172,
        0.3364162743091583,
        0.3249352276325226,
        0.28645268082618713,
        0.28190067410469055,
        0.2601543962955475,
        0.24186213314533234,
        0.25644463300704956,
        0.2652594745159149,
        0.2844091057777405,
        0.313130646944046,
        0.33925381302833557,
        0.3428073525428772,
        0.3602113723754883,
        0.34501686692237854,
        0.37239980697631836,
        0.37091049551963806,
        0.3931330740451813,
        0.4239722788333893,
        0.4906862676143646,
        0.5123926997184753,
        0.5237687230110168,
        0.5324447751045227,
        0.5370302200317383,
        0.535930871963501,
        0.5489551424980164,
        0.5517922639846802,
        0.537926197052002
    ],
    "val_acc": [
        0.1111111111111111,
        0.3333333333333333,
        0.2222222222222222,
        0.2222222222222222,
        0.4444444444444444,
        0.3333333333333333,
        0.3333333333333333,
        0.1111111111111111,
        0.2222222222222222,
        0.3333333333333333,
        0.4444444444444444,
        0.4444444444444444,
        0.2222222222222222,
        0.3333333333333333,
        0.3333333333333333,
        0.3333333333333333,
        0.4444444444444444,
        0.5555555555555556,
        0.4444444444444444,
        0.6666666666666666,
        0.6666666666666666,
        0.7777777777777778,
        0.7777777777777778,
        0.7777777777777778,
        0.8888888888888888,
        0.6666666666666666,
        0.5555555555555556,
        0.5555555555555556,
        0.5555555555555556,
        0.5555555555555556,
        0.5555555555555556,
        0.5555555555555556,
        0.6666666666666666,
        0.6666666666666666,
        0.5555555555555556,
        0.6666666666666666,
        0.5555555555555556,
        0.3333333333333333,
        0.3333333333333333,
        0.3333333333333333,
        0.3333333333333333,
        0.2222222222222222,
        0.2222222222222222,
        0.2222222222222222,
        0.2222222222222222
    ],
    "val_f1": [
        0.09523809523809523,
        0.30158730158730157,
        0.20634920634920637,
        0.20634920634920637,
        0.3968253968253968,
        0.31746031746031744,
        0.31746031746031744,
        0.08333333333333333,
        0.14814814814814814,
        0.3148148148148148,
        0.5767195767195767,
        0.5767195767195767,
        0.40740740740740744,
        0.40079365079365076,
        0.40079365079365076,
        0.3148148148148148,
        0.3666666666666667,
        0.4646464646464647,
        0.24242424242424243,
        0.41111111111111115,
        0.41111111111111115,
        0.7777777777777778,
        0.7777777777777778,
        0.7777777777777778,
        0.903030303030303,
        0.746031746031746,
        0.6444444444444445,
        0.6444444444444445,
        0.6444444444444445,
        0.6444444444444445,
        0.6444444444444445,
        0.6444444444444445,
        0.746031746031746,
        0.746031746031746,
        0.38888888888888884,
        0.45714285714285713,
        0.38888888888888884,
        0.23148148148148148,
        0.23148148148148148,
        0.22857142857142856,
        0.22857142857142856,
        0.1574074074074074,
        0.1574074074074074,
        0.1574074074074074,
        0.1574074074074074
    ]
}