{
    "train_loss": [
        0.39866823330521584,
        0.3118251492934568,
        0.43459600635937284,
        0.3083910330065659,
        0.2549553167607103,
        0.254479605704546,
        0.19471133181027003,
        0.19177595659026078,
        0.20552514333810126,
        0.19720077221947058,
        0.18565858341753483,
        0.18727373411612852,
        0.19782936067453452,
        0.18132661575717585,
        0.14193457790783473,
        0.13085622100957803,
        0.19522896515471594,
        0.12647480238229036,
        0.1680951677262783,
        0.1417235585727862,
        0.1550433308418308,
        0.12323905500982489,
        0.11326816052730594,
        0.11491284772221531,
        0.14256146709833825,
        0.11878121591040067,
        0.1377839014998504,
        0.15046874047922237,
        0.12495543488434382,
        0.13141733833721705,
        0.10420613403299026,
        0.08686278108507395,
        0.10483120035912309,
        0.1152688842266798,
        0.09868035412260465,
        0.0842569467744657,
        0.10060550804649081,
        0.08932590724102088,
        0.08577421307563782,
        0.09574876299926213,
        0.06905305837946278,
        0.09261480851897172,
        0.09072354223046984,
        0.06103116885891983,
        0.07758517862696733,
        0.09388212999328971,
        0.0799728546823774,
        0.10486465985221523
    ],
    "train_acc": [
        0.12359550561797752,
        0.12134831460674157,
        0.13258426966292136,
        0.16179775280898875,
        0.19887640449438201,
        0.22247191011235956,
        0.251685393258427,
        0.2786516853932584,
        0.35168539325842696,
        0.38202247191011235,
        0.4438202247191011,
        0.3561797752808989,
        0.45280898876404496,
        0.4842696629213483,
        0.5089887640449439,
        0.47752808988764045,
        0.4393258426966292,
        0.4887640449438202,
        0.5303370786516854,
        0.5078651685393258,
        0.5606741573033708,
        0.5865168539325842,
        0.5887640449438202,
        0.5921348314606741,
        0.5955056179775281,
        0.6640449438202247,
        0.5943820224719101,
        0.6078651685393258,
        0.5202247191011236,
        0.5393258426966292,
        0.6348314606741573,
        0.6415730337078651,
        0.6449438202247191,
        0.6561797752808989,
        0.5640449438202247,
        0.7123595505617978,
        0.5797752808988764,
        0.6449438202247191,
        0.6494382022471911,
        0.7202247191011236,
        0.7202247191011236,
        0.7123595505617978,
        0.701123595505618,
        0.7426966292134831,
        0.648314606741573,
        0.7258426966292135,
        0.7359550561797753,
        0.7112359550561798
    ],
    "train_f1": [
        0.07835969564131415,
        0.0864345701288935,
        0.08937460082588006,
        0.11496670270715074,
        0.16249925288683806,
        0.1786706404792248,
        0.21056428778117675,
        0.24455890714340858,
        0.29612947065455536,
        0.3269666959144588,
        0.3866940350597809,
        0.29237358944960595,
        0.36684099593415354,
        0.4144786084047489,
        0.4257010677366331,
        0.39845970820002446,
        0.35099852292126393,
        0.40572407651580444,
        0.4479975970151616,
        0.42799533923044353,
        0.4635649045906641,
        0.5416284459682283,
        0.51803416047707,
        0.5194604697838462,
        0.5262188957666688,
        0.5791519036878668,
        0.4869961844928331,
        0.5086240804881759,
        0.45412961652654993,
        0.4259453184813764,
        0.547048317962684,
        0.5772476315375528,
        0.5454369637908143,
        0.5900294526265772,
        0.5067820707542928,
        0.6132847354259438,
        0.4761977723073065,
        0.5658321314286275,
        0.5805192735111098,
        0.6546328996311632,
        0.6477854002177665,
        0.647071532258436,
        0.637592010964687,
        0.645146494906369,
        0.5614117847250881,
        0.6553470267736965,
        0.704067649804234,
        0.6601131621304075
    ],
    "val_loss": [
        0.3469432946294546,
        0.34607629105448723,
        0.3208217490464449,
        0.28035339526832104,
        0.2604197505861521,
        0.23111964017152786,
        0.2166906362399459,
        0.1985451327636838,
        0.18736506905406713,
        0.17992340959608555,
        0.17319651693105698,
        0.1643401002511382,
        0.15170268807560205,
        0.14243539609014988,
        0.15690991561859846,
        0.146724964492023,
        0.14086773619055748,
        0.14611636707559228,
        0.14471866469830275,
        0.12353629479184747,
        0.12449660850688815,
        0.11617803247645497,
        0.11911661829799414,
        0.1282436540350318,
        0.12513023801147938,
        0.12536843353882432,
        0.11367014888674021,
        0.11536242021247745,
        0.12305042799562216,
        0.12296901876106858,
        0.12136453296989202,
        0.11331953154876828,
        0.10825693141669035,
        0.11640763282775879,
        0.11004365561529994,
        0.10670555010437965,
        0.11796523863449693,
        0.10392243461683393,
        0.1082978486083448,
        0.10653433063998818,
        0.10425385739654303,
        0.1093706707470119,
        0.11228259792551398,
        0.12179029174149036,
        0.11320150829851627,
        0.11926413886249065,
        0.10759839322417974,
        0.1145958281122148
    ],
    "val_acc": [
        0.12612612612612611,
        0.10810810810810811,
        0.17117117117117117,
        0.22972972972972974,
        0.27927927927927926,
        0.36936936936936937,
        0.36936936936936937,
        0.4144144144144144,
        0.4144144144144144,
        0.4774774774774775,
        0.49099099099099097,
        0.5225225225225225,
        0.536036036036036,
        0.6036036036036037,
        0.5945945945945946,
        0.5990990990990991,
        0.6216216216216216,
        0.6486486486486487,
        0.5855855855855856,
        0.6171171171171171,
        0.6396396396396397,
        0.6531531531531531,
        0.6756756756756757,
        0.6396396396396397,
        0.6531531531531531,
        0.6486486486486487,
        0.6216216216216216,
        0.6531531531531531,
        0.6756756756756757,
        0.6216216216216216,
        0.6531531531531531,
        0.6441441441441441,
        0.6576576576576577,
        0.6261261261261262,
        0.6351351351351351,
        0.6666666666666666,
        0.6486486486486487,
        0.6441441441441441,
        0.6531531531531531,
        0.7162162162162162,
        0.6801801801801802,
        0.6891891891891891,
        0.6846846846846847,
        0.6486486486486487,
        0.6486486486486487,
        0.6666666666666666,
        0.6711711711711712,
        0.6486486486486487
    ],