{
    "train_loss": [
        2.0954242646694183,
        1.930956855416298,
        2.0458578020334244,
        1.9954479485750198,
        1.863030955195427,
        1.7221941351890564,
        1.7226532399654388,
        1.6525764018297195,
        1.535327598452568,
        1.5728999823331833,
        1.3456355407834053,
        1.3728264719247818,
        1.3995364010334015,
        1.3751667588949203,
        1.2756730914115906,
        1.3877695798873901,
        1.2594511806964874,
        1.3708663433790207,
        1.284135602414608,
        1.2249827086925507,
        1.3041902929544449,
        1.3793501406908035,
        1.2331592589616776,
        1.2191620171070099,
        1.3676245957612991,
        1.241218514740467,
        1.1399967521429062,
        1.084417037665844,
        1.0198055431246758,
        1.038673847913742,
        0.9602069929242134,
        1.056775189936161,
        0.9931216686964035,
        0.9334225133061409,
        1.0314567908644676,
        1.0462722182273865,
        0.8688164800405502,
        0.9418593496084213,
        0.9810092598199844,
        1.142365850508213,
        0.9425170943140984,
        1.0654550790786743,
        0.990636371076107,
        1.0478160679340363,
        1.0622818693518639,
        0.9426202103495598,
        0.9996531158685684,
        0.9556872770190239,
        0.8615997657179832,
        1.011575125157833,
        0.9679063782095909
    ],
    "train_acc": [
        0.05701754385964912,
        0.05701754385964912,
        0.11842105263157894,
        0.10087719298245613,
        0.10087719298245613,
        0.10526315789473684,
        0.16666666666666666,
        0.17105263157894737,
        0.2236842105263158,
        0.2324561403508772,
        0.2412280701754386,
        0.25877192982456143,
        0.2412280701754386,
        0.21929824561403508,
        0.2675438596491228,
        0.2894736842105263,
        0.32894736842105265,
        0.3201754385964912,
        0.3333333333333333,
        0.34210526315789475,
        0.31140350877192985,
        0.2850877192982456,
        0.32894736842105265,
        0.2894736842105263,
        0.35526315789473684,
        0.37719298245614036,
        0.33771929824561403,
        0.35964912280701755,
        0.3991228070175439,
        0.43859649122807015,
        0.3991228070175439,
        0.35964912280701755,
        0.37280701754385964,
        0.40789473684210525,
        0.39473684210526316,
        0.34649122807017546,
        0.4473684210526316,
        0.3991228070175439,
        0.37719298245614036,
        0.41228070175438597,
        0.4298245614035088,
        0.34649122807017546,
        0.36403508771929827,
        0.3991228070175439,
        0.45614035087719296,
        0.3508771929824561,
        0.37719298245614036,
        0.3508771929824561,
        0.41228070175438597,
        0.39473684210526316,
        0.4473684210526316
    ],
    "train_f1": [
        0.03629730349544591,
        0.04078579916815211,
        0.07969546393057851,
        0.060590695676747186,
        0.0594007018443596,
        0.072204977946257,
        0.08751193295662733,
        0.12140154486589481,
        0.1524920716029556,
        0.19222242166451406,
        0.1753948251944273,
        0.19801771966179582,
        0.17273378868032893,
        0.15657898213663643,
        0.19522258870142772,
        0.225672575157701,
        0.23730219837297872,
        0.2097114390276272,
        0.24205030019753337,
        0.2486944831516893,
        0.22262679259840865,
        0.21030790547619724,
        0.20453254173327884,
        0.2139547051035033,
        0.2642329725663059,
        0.27836883397586415,
        0.2649404321160916,
        0.2809195534908672,
        0.32650111558184974,
        0.36127352702800275,
        0.3149960025927518,
        0.2965680736181204,
        0.2911059884165608,
        0.3063895260584097,
        0.29873242747391354,
        0.23893491909767683,
        0.3612328864875849,
        0.31105518485069167,
        0.28912040691899504,
        0.3480901488910642,
        0.37232163966788784,
        0.2724027101963134,
        0.2675808591860644,
        0.31539006784190765,
        0.36289949914142317,
        0.2702974206487705,
        0.30171121373061227,
        0.26163157241168733,
        0.3133817813203054,
        0.30821922708951016,
        0.3627157924465146
    ],
    "val_loss": [
        1.736224353313446,
        1.7378097772598267,
        1.7727143168449402,
        1.7097247242927551,
        1.6289051175117493,
        1.6607308983802795,
        1.5461769104003906,
        1.3718238472938538,
        1.238490879535675,
        1.2562330961227417,
        1.32635098695755,
        1.3188557624816895,
        1.3043709993362427,
        1.3329461812973022,
        1.311028778553009,
        1.27231764793396,
        1.27389395236969,
        1.2839372158050537,
        1.2781740427017212,
        1.3909651041030884,
        1.3353957533836365,
        1.2963473200798035,
        1.2870180010795593,
        1.2208945155143738,
        1.1731741428375244,
        1.1625570058822632,
        1.1633211970329285,
        1.1841731071472168,
        1.15042245388031,
        1.1043769419193268,
        1.112487018108368,
        1.1609988808631897,
        1.1730200052261353,
        1.1580506563186646,
        1.1435227394104004,
        1.082917183637619,
        1.0780972242355347,
        1.0598382651805878,
        1.1220558881759644,
        1.0730318427085876,
        1.076852023601532,
        1.0782548785209656,
        1.1444796323776245,
        1.171137809753418,
        1.1628947854042053,
        1.1270322799682617,
        1.132347285747528,
        1.1163603067398071,
        1.1268640160560608,
        1.1193277835845947,
        1.1191755533218384
    ],
    "val_acc": [
        0.07017543859649122,
        0.10526315789473684,
        0.017543859649122806,
        0.08771929824561403,
        0.15789473684210525,
        0.15789473684210525,
        0.22807017543859648,
        0.3157894736842105,
        0.2982456140350877,
        0.2807017543859649,
        0.3157894736842105,
        0.2807017543859649,
        0.2982456140350877,
        0.24561403508771928,
        0.3333333333333333,
        0.3333333333333333,
        0.3508771929824561,
        0.3333333333333333,
        0.3157894736842105,
        0.2982456140350877,
        0.2807017543859649,
        0.3684210526315789,
        0.3508771929824561,
        0.3157894736842105,
        0.3333333333333333,
        0.2982456140350877,
        0.3157894736842105,
        0.3508771929824561,
        0.3508771929824561,
        0.2807017543859649,
        0.40350877192982454,
        0.3157894736842105,
        0.2982456140350877,
        0.3157894736842105,
        0.3157894736842105,
        0.3333333333333333,
        0.3333333333333333,
        0.3333333333333333,
        0.3684210526315789,
        0.3508771929824561,
        0.3508771929824561,
        0.3333333333333333,
        0.3333333333333333,
        0.3508771929824561,
        0.3333333333333333,
        0.2982456140350877,
        0.3508771929824561,
        0.3508771929824561,
        0.38596491228070173,
        0.40350877192982454,
        0.3684210526315789
    ],