{
    "train_loss": [
        2.034404695034027,
        2.0091491788625717,
        1.9513656497001648,
        1.8557908236980438,
        1.9284577369689941,
        1.7578572928905487,
        1.758166566491127,
        1.6616367846727371,
        1.6703907400369644,
        1.6017839014530182,
        1.5831378698349,
        1.690994769334793,
        1.5500377714633942,
        1.6419301182031631,
        1.4358379691839218,
        1.3695404529571533,
        1.3843919336795807,
        1.3829639554023743,
        1.319802150130272,
        1.3949999064207077,
        1.2186694890260696,
        1.2015545889735222,
        1.2570294439792633,
        1.120067574083805,
        1.201812595129013,
        1.2158696055412292,
        1.147917553782463,
        1.155690461397171,
        1.0916498824954033,
        1.120567262172699,
        1.0947089120745659,
        1.2235611230134964,
        1.1041810661554337,
        0.9931783825159073,
        1.103709526360035,
        1.1467318683862686,
        1.0486017540097237,
        0.8675665780901909,
        0.8589468151330948,
        0.9854559749364853,
        0.952780470252037,
        1.019529439508915,
        0.9229851365089417,
        0.8056008145213127,
        0.8875755369663239,
        0.9589067623019218,
        0.9425595328211784,
        0.9820129945874214,
        1.0210507065057755,
        0.9103734120726585,
        0.8982956856489182,
        0.9565417990088463,
        0.9684806764125824,
        0.8104107901453972,
        0.874297060072422,
        0.7774419859051704,
        0.8571743965148926,
        0.852631226181984,
        0.9647909477353096,
        0.8235446289181709,
        0.8516762107610703,
        0.9314905628561974,
        0.7877242714166641,
        0.8777803406119347,
        0.7946517765522003,
        0.8155827671289444,
        0.8620491176843643,
        0.8605824410915375,
        0.8178785741329193,
        0.8465293198823929,
        0.9101914912462234,
        0.8281297534704208,
        0.6578488349914551,
        0.7375318184494972,
        0.7572546154260635,
        0.8148688971996307
    ],
    "train_acc": [
        0.10087719298245613,
        0.08771929824561403,
        0.08333333333333333,
        0.10526315789473684,
        0.07017543859649122,
        0.10964912280701754,
        0.14035087719298245,
        0.17982456140350878,
        0.16666666666666666,
        0.17982456140350878,
        0.23684210526315788,
        0.20175438596491227,
        0.22807017543859648,
        0.18421052631578946,
        0.2324561403508772,
        0.2894736842105263,
        0.2894736842105263,
        0.2675438596491228,
        0.25877192982456143,
        0.2631578947368421,
        0.32456140350877194,
        0.29385964912280704,
        0.2982456140350877,
        0.34210526315789475,
        0.3991228070175439,
        0.3333333333333333,
        0.42543859649122806,
        0.3684210526315789,
        0.34649122807017546,
        0.32456140350877194,
        0.3508771929824561,
        0.35964912280701755,
        0.3684210526315789,
        0.37280701754385964,
        0.3508771929824561,
        0.35964912280701755,
        0.2719298245614035,
        0.4298245614035088,
        0.4868421052631579,
        0.34210526315789475,
        0.41228070175438597,
        0.44298245614035087,
        0.4166666666666667,
        0.4473684210526316,
        0.47368421052631576,
        0.4517543859649123,
        0.43859649122807015,
        0.47368421052631576,
        0.44298245614035087,
        0.42543859649122806,
        0.4692982456140351,
        0.47368421052631576,
        0.42105263157894735,
        0.4824561403508772,
        0.47368421052631576,
        0.4780701754385965,
        0.4605263157894737,
        0.42543859649122806,
        0.33771929824561403,
        0.4956140350877193,
        0.45614035087719296,
        0.40350877192982454,
        0.5,
        0.42105263157894735,
        0.4692982456140351,
        0.4868421052631579,
        0.35526315789473684,
        0.34210526315789475,
        0.4605263157894737,
        0.4517543859649123,
        0.44298245614035087,
        0.3815789473684211,
        0.49122807017543857,
        0.5131578947368421,
        0.5131578947368421,
        0.41228070175438597
    ],
    "train_f1": [
        0.08405308589132117,
        0.06883901711568309,
        0.06233148414520964,
        0.10042725030319648,
        0.058625838811119296,
        0.08617746566899492,
        0.09208769625436292,
        0.14842916240586582,
        0.14198774521695642,
        0.12532149266108103,
        0.1928268930536785,
        0.14920743500749195,
        0.16650540115222462,
        0.13658176752843085,
        0.19936906183205905,
        0.2375155226271571,
        0.25882098124135533,
        0.22322687890945145,
        0.1872151418379355,
        0.20121807819620496,
        0.2457774548902767,
        0.2106704740695654,
        0.2082973040744748,
        0.2694455154119834,
        0.3384643025793832,
        0.2553735817638272,
        0.3228271262203591,
        0.2801529541846924,
        0.24812588353795365,
        0.23127890942341275,
        0.2714494178141239,
        0.2610111531986532,
        0.24919954196902114,
        0.2790234624820457,
        0.2590218409982192,
        0.2808698670381368,
        0.19267121767121764,
        0.367922771222118,
        0.41430271683531444,
        0.25551722902835655,
        0.322495452167847,
        0.3582267910959038,
        0.34167048286072843,
        0.3549182245495266,
        0.3688757287563434,
        0.35637067107912745,
        0.3274660920117544,
        0.3908386902903218,
        0.3836105177004838,
        0.3362505687505688,
        0.36438558976709023,
        0.36515594237508986,
        0.32175186357865726,
        0.37447402421033255,
        0.3912943398596196,
        0.3664817595766438,
        0.3487468439580188,
        0.32970735336424584,
        0.2750474265825143,
        0.44326760452103486,
        0.3772555343207517,
        0.32323860476563465,
        0.4110438111069761,
        0.3531948065314623,
        0.3860697319299413,
        0.39979762093442467,
        0.26453907611845756,
        0.25742316188350706,
        0.38690530358110586,
        0.38964892171593424,
        0.379422237383826,
        0.33400938719302564,
        0.41485419221992115,
        0.4091032716032716,
        0.4274361029152219,
        0.35869843570041643
    ],