{
  "dynamic": {
    "mean": [
      1579.0601658083986
    ],
    "std": [
      1804.0384491784105
    ],
    "num_channels": 1,
    "channel_names": [
      "Band_0"
    ],
    "total_samples": 887024375
  },
  "static": {
    "mean": [
      2218.603415148244
    ],
    "std": [
      1611.6093941764545
    ],
    "num_channels": 1,
    "channel_names": [
      "Band_0"
    ],
    "total_samples": 471345270
  }
}