{
  "dynamic": {
    "mean": [
      1533.4851615631972
    ],
    "std": [
      2051.329888285867
    ],
    "num_channels": 1,
    "channel_names": [
      "Band_0"
    ],
    "total_samples": 1056728867
  },
  "static": {
    "mean": [
      0.399880036415957
    ],
    "std": [
      0.32252416822464797
    ],
    "num_channels": 1,
    "channel_names": [
      "Band_0"
    ],
    "total_samples": 471345270
  }
}