{
    "train_loss": [
        1.080806601047516,
        1.0352984428405763,
        0.6911827206611634,
        0.8426572918891907,
        0.5988904953002929,
        0.5781548142433166,
        0.8531364917755127,
        0.5045437157154083,
        0.6018040180206299,
        1.1485113024711608,
        0.7640999913215637,
        0.5547911643981933,
        0.5417998850345611,
        0.6052133440971375,
        0.5312857270240784,
        0.603149276971817,
        0.5751458793878556,
        0.9996756792068482,
        0.6199508726596832,
        0.6099452495574951,
        0.5939638018608093,
        0.48905292749404905,
        0.9723833918571472,
        0.6221019387245178,
        0.5854740619659424,
        0.6769583702087403,
        0.49772077798843384,
        0.48178206384181976,
        0.4717510223388672,
        0.8821662664413452,
        0.47308977246284484,
        0.5720864653587341,
        0.6021658718585968,
        0.3312501311302185,
        0.87944256067276,
        0.5373728513717652,
        0.750985586643219,
        0.6013566255569458,
        0.4081575393676758
    ],
    "val_loss": [
        0.858108401298523,
        0.7582278847694397,
        1.0108211040496826,
        0.7911211252212524,
        0.9133822917938232,
        0.9126517176628113,
        0.8135003447532654,
        0.6470028162002563,
        0.5801013112068176,
        0.7015470266342163,
        0.47354012727737427,
        0.5811952352523804,
        1.2364450693130493,
        0.4955795407295227,
        0.5929012894630432,
        0.6096996665000916,
        0.721195638179779,
        0.5711728930473328,
        0.5236758589744568,
        0.4548722803592682,
        0.3907032310962677,
        0.42539626359939575,
        0.6477575898170471,
        0.5274484157562256,
        0.5271324515342712,
        0.6756098866462708,
        0.5673441886901855,
        0.7730149030685425,
        0.48541349172592163,
        0.7219456434249878,
        0.5696585774421692,
        0.3855080306529999,
        0.8503630757331848,
        0.5104286670684814,
        1.0003169775009155,
        1.0692416429519653,
        0.599977433681488,
        1.1963874101638794,
        0.5409936308860779
    ],
    "val_acc": [
        0.5,
        0.8076923076923077,
        0.6923076923076923,
        0.6538461538461539,
        0.6538461538461539,
        0.6538461538461539,
        0.5384615384615384,
        0.6923076923076923,
        0.8461538461538461,
        0.7692307692307693,
        0.7692307692307693,
        0.7692307692307693,
        0.38461538461538464,
        0.7692307692307693,
        0.7307692307692307,
        0.6923076923076923,
        0.8076923076923077,
        0.7692307692307693,
        0.8076923076923077,
        0.8461538461538461,
        0.8461538461538461,
        0.8461538461538461,
        0.6923076923076923,
        0.8846153846153846,
        0.7307692307692307,
        0.7307692307692307,
        0.7307692307692307,
        0.5769230769230769,
        0.7692307692307693,
        0.5769230769230769,
        0.6923076923076923,
        0.8076923076923077,
        0.5384615384615384,
        0.7692307692307693,
        0.5384615384615384,
        0.4230769230769231,
        0.6923076923076923,
        0.38461538461538464,
        0.7307692307692307
    ],
    "val_f1": [
        0.2280701754385965,
        0.5851851851851851,
        0.48484848484848486,
        0.4404040404040404,
        0.4453781512605042,
        0.4453781512605042,
        0.4748704079332882,
        0.48484848484848486,
        0.7168253968253969,
        0.5540796963946869,
        0.544464609800363,
        0.5481481481481482,
        0.28273809523809523,
        0.544464609800363,
        0.5148640101201771,
        0.6180708180708181,
        0.6914431673052363,
        0.657516339869281,
        0.6893939393939394,
        0.7209876543209877,
        0.7209876543209877,
        0.7168253968253969,
        0.6038647342995168,
        0.7523809523809524,
        0.6429951690821256,
        0.6429951690821256,
        0.6429951690821256,
        0.5308641975308642,
        0.5481481481481482,
        0.5254150702426564,
        0.48484848484848486,
        0.6914431673052363,
        0.48408057179986996,
        0.544464609800363,
        0.4748704079332882,
        0.34623015873015867,
        0.605079365079365,
        0.2929292929292929,
        0.646060606060606
    ]
}