{
    "train_loss": [
        0.6637921184301376,
        0.7584702670574188,
        0.6270437240600586,
        0.569772332906723,
        0.4501320719718933,
        0.3738262578845024,
        0.28293023258447647,
        0.27608831599354744,
        0.26222294196486473,
        0.2824454791843891,
        0.31748275458812714,
        0.21475094929337502,
        0.20082232356071472,
        0.17050647176802158,
        0.1780444085597992,
        0.19275017827749252,
        0.16484202817082405,
        0.16945933923125267,
        0.21750906854867935,
        0.12257042527198792,
        0.1971625555306673,
        0.1332108359783888,
        0.15679257363080978,
        0.13634749874472618,
        0.13192318566143513,
        0.1013233195990324,
        0.10214703530073166,
        0.11012315936386585,
        0.10227286629378796,
        0.10809918958693743,
        0.08053968474268913,
        0.10212604701519012,
        0.1786956936120987,
        0.10394143033772707,
        0.08156512584537268,
        0.07224654220044613,
        0.055125595070421696,
        0.08203116431832314,
        0.07946037407964468
    ],
    "train_acc": [
        0.2782608695652174,
        0.30434782608695654,
        0.40869565217391307,
        0.4,
        0.48695652173913045,
        0.5043478260869565,
        0.6782608695652174,
        0.7391304347826086,
        0.7391304347826086,
        0.7478260869565218,
        0.7304347826086957,
        0.7304347826086957,
        0.7652173913043478,
        0.7739130434782608,
        0.808695652173913,
        0.8173913043478261,
        0.8347826086956521,
        0.8173913043478261,
        0.6347826086956522,
        0.8608695652173913,
        0.6956521739130435,
        0.8695652173913043,
        0.8782608695652174,
        0.8956521739130435,
        0.8260869565217391,
        0.8956521739130435,
        0.9130434782608695,
        0.8782608695652174,
        0.9043478260869565,
        0.8869565217391304,
        0.9304347826086956,
        0.8869565217391304,
        0.7391304347826086,
        0.9043478260869565,
        0.9304347826086956,
        0.9565217391304348,
        0.9565217391304348,
        0.9304347826086956,
        0.9130434782608695
    ],
    "train_f1": [
        0.28151707262818376,
        0.2997724329933285,
        0.4055510824834496,
        0.394047619047619,
        0.4752331562941386,
        0.48822718500137857,
        0.6599853094895048,
        0.7158293607138492,
        0.724664059722716,
        0.7252476972865322,
        0.7118769526556116,
        0.7036840762330958,
        0.7421523540433036,
        0.7490065490065491,
        0.7698877368193431,
        0.7781781781781781,
        0.8006845867310983,
        0.7806197867173476,
        0.5870675870675871,
        0.8358436515766207,
        0.6621512038009397,
        0.8353256704980843,
        0.8486649044171167,
        0.8693487982853746,
        0.7943060904293254,
        0.8728070175438597,
        0.8979441611020559,
        0.8489855072463768,
        0.8747731397459165,
        0.8639553429027114,
        0.9064054589478318,
        0.8559608604935608,
        0.7028383968050207,
        0.8852492267126414,
        0.9068360556563824,
        0.9428428428428429,
        0.942772203641769,
        0.9124501229764387,
        0.8858542824060066
    ],
    "val_loss": [
        0.48039746284484863,
        0.5241440534591675,
        0.4868570864200592,
        0.42858946323394775,
        0.36137449741363525,
        0.31395286321640015,
        0.2497968226671219,
        0.26724591851234436,
        0.31123587489128113,
        0.2783142626285553,
        0.24658827483654022,
        0.19925113022327423,
        0.18704865872859955,
        0.1768070012331009,
        0.19130513072013855,
        0.2022549957036972,
        0.1952115148305893,
        0.1868244707584381,
        0.17824415862560272,
        0.17228999733924866,
        0.18723352253437042,
        0.1937640756368637,
        0.2252923995256424,
        0.22890856862068176,
        0.20800499618053436,
        0.20457671582698822,
        0.19837595522403717,
        0.18808312714099884,
        0.18982325494289398,
        0.17907731235027313,
        0.17531685531139374,
        0.17043110728263855,
        0.17617808282375336,
        0.17652864754199982,
        0.1655595749616623,
        0.17244291305541992,
        0.16632983088493347,
        0.17772017419338226,
        0.17110656201839447
    ],
    "val_acc": [
        0.3103448275862069,
        0.41379310344827586,
        0.5172413793103449,
        0.4482758620689655,
        0.4827586206896552,
        0.6206896551724138,
        0.6896551724137931,
        0.6896551724137931,
        0.6551724137931034,
        0.6551724137931034,
        0.6896551724137931,
        0.7931034482758621,
        0.7586206896551724,
        0.7931034482758621,
        0.7586206896551724,
        0.7586206896551724,
        0.7931034482758621,
        0.8275862068965517,
        0.8620689655172413,
        0.8275862068965517,
        0.8275862068965517,
        0.7931034482758621,
        0.7931034482758621,
        0.7931034482758621,
        0.7586206896551724,
        0.7586206896551724,
        0.7586206896551724,
        0.7586206896551724,
        0.7931034482758621,
        0.7586206896551724,
        0.7931034482758621,
        0.7586206896551724,
        0.7241379310344828,
        0.6896551724137931,
        0.7241379310344828,
        0.7586206896551724,
        0.7241379310344828,
        0.7241379310344828,
        0.7586206896551724
    ],
    "val_f1": [
        0.1714285714285714,
        0.3557692307692308,
        0.4700980392156863,
        0.3892156862745098,
        0.4367848970251716,
        0.5873015873015873,
        0.6746031746031745,
        0.6806722689075629,
        0.6545420100407312,
        0.6435185185185185,
        0.6696296296296297,
        0.7564102564102564,
        0.7271794871794871,
        0.7564102564102564,
        0.7271794871794871,
        0.7271794871794871,
        0.7564102564102564,
        0.7867564534231201,
        0.8190476190476191,
        0.7867564534231201,
        0.7867564534231201,
        0.7564102564102564,
        0.7564102564102564,
        0.7564102564102564,
        0.7271794871794871,
        0.7271794871794871,
        0.7271794871794871,
        0.7271794871794871,
        0.7564102564102564,
        0.7271794871794871,
        0.7564102564102564,
        0.7271794871794871,
        0.6984126984126983,
        0.6695652173913044,
        0.6984126984126983,
        0.7271794871794871,
        0.6984126984126983,
        0.6984126984126983,
        0.7271794871794871
    ]
}