{
    "train_loss": [
        1.2594634890556335,
        1.0240125358104706,
        0.9152154922485352,
        0.8691738843917847,
        0.7984371185302734,
        0.9259721338748932,
        0.7857708930969238,
        0.7195155024528503,
        0.8363584280014038,
        0.5672300606966019,
        0.7241710126399994,
        0.6976332664489746,
        0.7669645845890045,
        0.6435595154762268,
        0.5853867530822754,
        0.8033906817436218
    ],
    "train_acc": [
        0.3125,
        0.3541666666666667,
        0.5833333333333334,
        0.6041666666666666,
        0.6458333333333334,
        0.5,
        0.6458333333333334,
        0.4791666666666667,
        0.5,
        0.75,
        0.7291666666666666,
        0.6875,
        0.4166666666666667,
        0.7708333333333334,
        0.75,
        0.5625
    ],
    "val_loss": [
        0.941667914390564,
        1.035833477973938,
        1.0886623859405518,
        1.2555617094039917,
        1.511313557624817,
        1.8416320085525513,
        2.00551176071167,
        2.2189230918884277,
        2.34722900390625,
        2.3560707569122314,
        2.658027410507202,
        2.64324688911438,
        2.5980589389801025,
        2.6661975383758545,
        2.917036771774292,
        2.914661169052124
    ],
    "val_acc": [
        0.6666666666666666,
        0.4666666666666667,
        0.4,
        0.3333333333333333,
        0.3333333333333333,
        0.13333333333333333,
        0.13333333333333333,
        0.13333333333333333,
        0.13333333333333333,
        0.13333333333333333,
        0.13333333333333333,
        0.13333333333333333,
        0.13333333333333333,
        0.13333333333333333,
        0.13333333333333333,
        0.13333333333333333
    ],
    "val_f1": [
        0.611965811965812,
        0.4388888888888889,
        0.3703703703703704,
        0.3433048433048433,
        0.3433048433048433,
        0.08333333333333333,
        0.08333333333333333,
        0.08333333333333333,
        0.08333333333333333,
        0.08333333333333333,
        0.08333333333333333,
        0.08333333333333333,
        0.08333333333333333,
        0.08333333333333333,
        0.08333333333333333,
        0.08333333333333333
    ]
}