{
    "train_loss": [
        0.7309398949146271,
        0.7280074656009674,
        0.6083145886659622,
        0.5374027043581009,
        0.3703671991825104,
        0.35958972573280334,
        0.2618100717663765,
        0.2860384099185467,
        0.2592040225863457,
        0.2731149960309267,
        0.23731733113527298,
        0.16963901929557323,
        0.34041962027549744,
        0.28914375603199005,
        0.16652704402804375,
        0.1665942668914795,
        0.1860630139708519,
        0.16053122282028198,
        0.13466350361704826,
        0.13509917818009853,
        0.14066558331251144,
        0.14724695682525635,
        0.12872621044516563,
        0.12020716071128845,
        0.12488256953656673,
        0.12058421969413757,
        0.11375340074300766,
        0.12260984070599079,
        0.1082653496414423,
        0.18789390102028847,
        0.10552209988236427,
        0.09808024764060974,
        0.2756221666932106
    ],
    "train_acc": [
        0.3652173913043478,
        0.3391304347826087,
        0.41739130434782606,
        0.45217391304347826,
        0.5304347826086957,
        0.6782608695652174,
        0.7391304347826086,
        0.6869565217391305,
        0.7913043478260869,
        0.6434782608695652,
        0.7913043478260869,
        0.8260869565217391,
        0.7304347826086957,
        0.6782608695652174,
        0.8173913043478261,
        0.7304347826086957,
        0.8260869565217391,
        0.8260869565217391,
        0.8782608695652174,
        0.8434782608695652,
        0.8608695652173913,
        0.7565217391304347,
        0.8521739130434782,
        0.8869565217391304,
        0.9043478260869565,
        0.8434782608695652,
        0.8782608695652174,
        0.8608695652173913,
        0.9043478260869565,
        0.7739130434782608,
        0.8608695652173913,
        0.8782608695652174,
        0.8347826086956521
    ],
    "train_f1": [
        0.29200970276239097,
        0.2907823129251701,
        0.3370525841243918,
        0.37789290757032695,
        0.4533980781445284,
        0.582924168030551,
        0.6649708517124913,
        0.5932131619101854,
        0.7091258909440729,
        0.5676058476487941,
        0.6891021278526382,
        0.7338852692388046,
        0.6269338504632623,
        0.5483786999851257,
        0.7152629695164063,
        0.6668004082638229,
        0.719994749805048,
        0.7368918530617182,
        0.8181957666422569,
        0.7631647485306022,
        0.8116376883589999,
        0.6958005249343833,
        0.8100680959447654,
        0.8439273145155498,
        0.8519101320045458,
        0.7618253366053952,
        0.7802197802197802,
        0.7969001490312966,
        0.8519101320045458,
        0.7058919920205188,
        0.8015315803740851,
        0.8259272063255683,
        0.8029537119635246
    ],
    "val_loss": [
        0.529438853263855,
        0.4847905933856964,
        0.39967164397239685,
        0.32471367716789246,
        0.26165926456451416,
        0.24581050872802734,
        0.2085869014263153,
        0.17289859056472778,
        0.16693490743637085,
        0.1608542948961258,
        0.1626240313053131,
        0.15801426768302917,
        0.15486061573028564,
        0.15095588564872742,
        0.14497363567352295,
        0.14078481495380402,
        0.13840733468532562,
        0.14538967609405518,
        0.14815855026245117,
        0.14766564965248108,
        0.1518978625535965,
        0.158945232629776,
        0.16534371674060822,
        0.16422505676746368,
        0.16689099371433258,
        0.16296978294849396,
        0.16451042890548706,
        0.16864365339279175,
        0.16953511536121368,
        0.17098954319953918,
        0.17213883996009827,
        0.1723654866218567,
        0.1678551733493805
    ],
    "val_acc": [
        0.20689655172413793,
        0.2413793103448276,
        0.6551724137931034,
        0.5862068965517241,
        0.6551724137931034,
        0.6896551724137931,
        0.8275862068965517,
        0.896551724137931,
        0.8620689655172413,
        0.896551724137931,
        0.896551724137931,
        0.896551724137931,
        0.9655172413793104,
        0.9655172413793104,
        0.9310344827586207,
        0.9310344827586207,
        0.9310344827586207,
        0.9310344827586207,
        0.9310344827586207,
        0.9310344827586207,
        0.9310344827586207,
        0.9310344827586207,
        0.896551724137931,
        0.896551724137931,
        0.8275862068965517,
        0.7931034482758621,
        0.8275862068965517,
        0.8620689655172413,
        0.896551724137931,
        0.896551724137931,
        0.8620689655172413,
        0.8620689655172413,
        0.8620689655172413
    ],
    "val_f1": [
        0.22291021671826625,
        0.24861111111111112,
        0.48691358024691356,
        0.4644444444444445,
        0.5698550724637682,
        0.594698377307073,
        0.7015873015873014,
        0.7632936507936506,
        0.7296466973886329,
        0.8248847926267281,
        0.8248847926267281,
        0.8248847926267281,
        0.9416282642089094,
        0.9416282642089094,
        0.8944444444444445,
        0.8944444444444445,
        0.8944444444444445,
        0.8944444444444445,
        0.8944444444444445,
        0.8944444444444445,
        0.8944444444444445,
        0.8944444444444445,
        0.8544061302681992,
        0.8544061302681992,
        0.7867564534231201,
        0.7564102564102564,
        0.7867564534231201,
        0.8190476190476191,
        0.8544061302681992,
        0.8544061302681992,
        0.8190476190476191,
        0.8190476190476191,
        0.8190476190476191
    ]
}