{
    "train_loss": [
        2.977885675430298,
        3.2292978763580322,
        2.5273680686950684,
        2.2629260301589964,
        1.8412860870361327,
        1.5594903230667114,
        1.2491167545318604,
        1.224506425857544,
        0.8606966137886047,
        0.6936566233634949,
        0.7512280941009521,
        0.8424379050731658,
        0.7731968998908997,
        0.6272578001022339,
        0.5596707105636597,
        0.4782255172729492,
        0.4970966041088104,
        0.49070042967796323,
        0.53833087682724,
        0.4271865367889404,
        0.3426805853843689,
        0.38876086473464966,
        0.4866651952266693,
        0.465953528881073,
        0.38256736397743224,
        0.46439555287361145,
        0.4157112956047058,
        0.4162768661975861,
        0.5096251845359803,
        0.37116546034812925,
        0.3438262939453125,
        0.3300298869609833,
        0.3861620843410492,
        0.36564592719078065,
        0.3253570020198822,
        0.28124761283397676,
        0.42380112409591675,
        0.46103136241436005,
        0.35469667315483094,
        0.33498493432998655,
        0.3357496440410614,
        0.6055524945259094,
        0.26619104146957395,
        0.3479448437690735,
        0.31716459095478056,
        0.28218863606452943,
        0.36182878613471986,
        0.3396896064281464,
        0.25322283506393434,
        0.2962767779827118,
        0.22127331495285035
    ],
    "train_acc": [
        0.17211394614361702,
        0.15317486702127658,
        0.20817057291666666,
        0.23015361812943264,
        0.2994462682845745,
        0.29431758366578015,
        0.33208146332003546,
        0.3434192846852837,
        0.460295115802305,
        0.4988364361702128,
        0.5040620844414894,
        0.40439903313386527,
        0.3619878241356383,
        0.4528323775487589,
        0.4262002714982269,
        0.570726327016844,
        0.5328377798093972,
        0.5547411763076241,
        0.5768177221852837,
        0.5949568511746454,
        0.6047103557180851,
        0.586669921875,
        0.5643353834219859,
        0.4974391206781915,
        0.5988734901374113,
        0.5824468085106383,
        0.6381437693927305,
        0.59674375277039,
        0.5815204593306738,
        0.5585625831117021,
        0.6046272440159575,
        0.5206896193484043,
        0.5167677859042553,
        0.62530820589539,
        0.6115462932180851,
        0.5502843112810284,
        0.5474411984707447,
        0.6305113447473404,
        0.4319713403147163,
        0.6116415253767731,
        0.6216166611258865,
        0.44583541112588654,
        0.6584645805629432,
        0.6022706809618794,
        0.6600575548537234,
        0.6629145196143617,
        0.6507767481161347,
        0.5788453014184397,
        0.5649188968306738,
        0.5623060726950354,
        0.5782167691710993
    ],
    "train_f1": [],
    "val_loss": [
        1.217018723487854,
        1.8109214901924133,
        2.3489855527877808,
        2.5838472843170166,
        2.4310996532440186,
        2.199595093727112,
        1.9021446704864502,
        1.6645082831382751,
        1.278849720954895,
        1.2753934860229492,
        1.0601212084293365,
        1.3953019380569458,
        1.336536467075348,
        1.2650744915008545,
        1.2073675394058228,
        1.2490971684455872,
        1.0058597922325134,
        0.9136093258857727,
        0.9436835944652557,
        0.8504807949066162,
        0.7755207419395447,
        0.6672759056091309,
        0.7169267535209656,
        0.6985493153333664,
        0.7043963372707367,
        0.8053478002548218,
        1.0071404576301575,
        1.0432689487934113,
        0.8189122378826141,
        0.6023458391427994,
        0.535468727350235,
        0.545986607670784,
        0.6098134815692902,
        0.672461673617363,
        0.7100895345211029,
        0.7882798910140991,
        0.769925445318222,
        0.8116652369499207,
        0.8566553890705109,
        0.7317599058151245,
        0.61367467045784,
        0.6596205085515976,
        0.6463506519794464,
        0.6283040642738342,
        0.6068786382675171,
        0.5944865345954895,
        0.5925304293632507,
        0.650245875120163,
        0.9029196202754974,
        0.9599639177322388,
        0.7970057725906372
    ],
    "val_acc": [
        0.15055338541666666,
        0.10333251953125,
        0.13776991102430555,
        0.1803046332465278,
        0.2542521158854167,
        0.3293796115451389,
        0.4003838433159722,
        0.4097561306423611,
        0.4050428602430556,
        0.4137912326388889,
        0.4377373589409722,
        0.4169786241319444,
        0.4283921983506944,
        0.4658270941840278,
        0.4794379340277778,
        0.4737481011284722,
        0.4993489583333333,
        0.5221964518229166,
        0.53900146484375,
        0.5406901041666666,
        0.5319417317708334,
        0.5285305447048612,
        0.5313449435763888,
        0.5448201497395834,
        0.5475260416666666,
        0.5450032552083334,
        0.5417751736111112,
        0.5478786892361112,
        0.5449557834201388,
        0.5547214084201388,
        0.5545722113715278,
        0.5491604275173612,
        0.5390692816840278,
        0.5353461371527778,
        0.5453084309895834,
        0.56768798828125,
        0.5692003038194444,
        0.5414835611979166,
        0.4935845269097222,
        0.5086398654513888,
        0.55169677734375,
        0.5580105251736112,
        0.5395236545138888,
        0.5500149197048612,
        0.5451185438368056,
        0.5433485243055556,
        0.5593126085069444,
        0.5260145399305556,
        0.5085652669270834,
        0.4995456271701389,
        0.5106947157118056
    ],
    "val_f1": [
        0.11123405292800607,
        0.06771323685147458,
        0.09772827000312381,
        0.13849516135199738,
        0.19009940682403806,
        0.22923235458793495,
        0.2641770706534728,
        0.2631912200461314,
        0.2975637269124058,
        0.3263346530504679,
        0.3384545463119889,
        0.32234529654812827,
        0.33624647608916775,
        0.3692074927780638,
        0.3762860855316042,
        0.37940078120436654,
        0.3928687344854477,
        0.40621250265858905,
        0.42479643552878565,
        0.41945877257916264,
        0.40892721883896826,
        0.4070174928268052,
        0.4145086024039508,
        0.42389943386840534,
        0.4226992813423481,
        0.4227426253972027,
        0.41070926768002725,
        0.40936945129514163,
        0.41188795262179945,
        0.43855821154391256,
        0.4449664754107657,
        0.4393991294677862,
        0.42365133364457563,
        0.41785212534845995,
        0.4228180417794907,
        0.43592184774207204,
        0.4357289648511723,
        0.4204647294474197,
        0.38356557855688367,
        0.40369648404737946,
        0.4273052829812661,
        0.43166281758811104,
        0.42572553122783857,
        0.4326550338402067,
        0.4255896454399569,
        0.42016822765977174,
        0.428496296821263,
        0.41133302495733165,
        0.411681852678782,
        0.41323966158078945,
        0.41954953340358786
    ]
}