{
    "train_loss": [
        2.0588372548421225,
        1.6750082770983379,
        1.693671961625417,
        1.643095890680949,
        1.4852917989095051,
        1.390068272749583,
        1.4461472829182942,
        1.3708603779474895,
        1.5236523548762004,
        1.3674340049425762,
        1.3688684900601704,
        1.2400258779525757,
        1.3520775437355042,
        1.2560745378335316,
        1.2648345232009888,
        1.3143264055252075,
        1.2617863217989604,
        1.1826348702112834,
        1.2524680097897847,
        1.254643013079961,
        1.1935226917266846,
        1.14025084177653,
        1.0924295981725056,
        1.1042541861534119,
        1.159714678923289,
        1.2433382272720337,
        1.181601603825887,
        1.0827117363611858,
        1.132939636707306,
        1.074581762154897,
        1.0760314265886943,
        0.9589623610178629,
        0.9989247520764669,
        0.9378848870595297,
        1.374976893266042,
        1.1764444708824158,
        1.0706074833869934,
        1.1659957369168599,
        1.0065279006958008,
        1.1073201696077983
    ],
    "val_loss": [
        1.515306293964386,
        1.4905283451080322,
        1.4916747212409973,
        1.366048276424408,
        1.373120129108429,
        1.3720508217811584,
        1.3261505365371704,
        1.3160116076469421,
        1.396625816822052,
        1.3193864226341248,
        1.3604656457901,
        1.3385555148124695,
        1.7326536774635315,
        1.3342914581298828,
        1.3776390552520752,
        1.3228904008865356,
        1.6236695647239685,
        1.5722447633743286,
        1.3044554591178894,
        1.504266619682312,
        1.2879999279975891,
        1.2253887057304382,
        1.3475171327590942,
        1.3785550594329834,
        1.3194082379341125,
        1.6739217042922974,
        1.3635355234146118,
        1.2024211287498474,
        1.2497788071632385,
        1.3768261671066284,
        1.5348212122917175,
        1.4373032450675964,
        1.3418666124343872,
        1.2593917846679688,
        1.2503332495689392,
        1.3289642930030823,
        1.29044508934021,
        1.3081765174865723,
        1.41033536195755,
        1.2594349384307861
    ],
    "val_acc": [
        0.4444444444444444,
        0.48148148148148145,
        0.48148148148148145,
        0.5185185185185185,
        0.5555555555555556,
        0.5740740740740741,
        0.5370370370370371,
        0.5370370370370371,
        0.5,
        0.48148148148148145,
        0.5,
        0.5185185185185185,
        0.25925925925925924,
        0.4444444444444444,
        0.4444444444444444,
        0.46296296296296297,
        0.35185185185185186,
        0.35185185185185186,
        0.5185185185185185,
        0.3888888888888889,
        0.5185185185185185,
        0.5555555555555556,
        0.5,
        0.46296296296296297,
        0.5740740740740741,
        0.3333333333333333,
        0.42592592592592593,
        0.6296296296296297,
        0.5185185185185185,
        0.4074074074074074,
        0.42592592592592593,
        0.4444444444444444,
        0.4444444444444444,
        0.5555555555555556,
        0.6111111111111112,
        0.5370370370370371,
        0.46296296296296297,
        0.48148148148148145,
        0.42592592592592593,
        0.5555555555555556
    ],
    "val_f1": [
        0.19999999999999998,
        0.22342215988779804,
        0.2239158690771594,
        0.2410018552875696,
        0.3176935846108778,
        0.3250416250416251,
        0.2482525604476824,
        0.2482525604476824,
        0.28967199783139064,
        0.28320830308407946,
        0.2970978714066272,
        0.3581092271507432,
        0.19685771114342546,
        0.3058118899733806,
        0.30930395346544415,
        0.3356865321379388,
        0.250453514739229,
        0.251613845092106,
        0.3555917194463993,
        0.272562358276644,
        0.286524002313476,
        0.30652654452811806,
        0.34356462891670075,
        0.3219954648526077,
        0.3821741854636591,
        0.24317315026697178,
        0.29780801209372637,
        0.3753968253968254,
        0.3339959639769886,
        0.2847738468428124,
        0.29864976293547724,
        0.309511910711311,
        0.29848246991104127,
        0.3784683757460527,
        0.32424335587893693,
        0.35720736570490264,
        0.2866525920713113,
        0.30201123927832,
        0.28448857020285595,
        0.34025096525096526
    ]
}