{
  "train_loss": [
    2.031938337510632,
    1.9525217433129587,
    1.9198014928448586,
    1.9102472951335292,
    1.870794830783721,
    1.8626139356243996,
    1.8404505868111887,
    1.8391896101736254,
    1.821569973422635,
    1.8026098089833413,
    1.8254706667315574,
    1.799727782126396,
    1.8199317109200261,
    1.7813123310765913,
    1.7628772489486202,
    1.7473642864534933,
    1.7395504713058472
  ],
  "train_accuracy": [],
  "train_f1_macro": [],
  "train_f1_weighted": [],
  "val_loss": [
    597913709.7142857,
    556481325.7142857,
    591052964.5714285,
    674140251.4285715,
    674140251.4285715,
    596107945.1428572,
    672334491.4285715,
    593519062.8571428,
    596790125.7142857,
    597134308.5714285,
    541493517.7142857,
    650934893.7142857,
    650934893.7142857,
    597913709.7142857,
    653597942.8571428,
    653597942.8571428,
    652184347.4285715
  ],
  "val_accuracy": [],
  "val_f1_macro": [],
  "val_f1_weighted": [],
  "val_iou": []
}