{
    "train_loss": [
        0.390053749616657,
        0.3420067046369825,
        0.34682120968188557,
        0.3133795303957803,
        0.3452620596757957,
        0.25067474586623056,
        0.27941019141248297,
        0.22893420766506875,
        0.2737493243600641,
        0.297905902245215,
        0.2245026957243681,
        0.22494011744856834,
        0.14666012355259486,
        0.1650869907545192,
        0.1871288064867258,
        0.14539189689925738,
        0.161269891208836,
        0.180740443191358,
        0.15381674521735736,
        0.12934555858373642,
        0.1215738934863891,
        0.14369851936187064,
        0.10083709337881633,
        0.11997985626970019,
        0.10711195825466088,
        0.09148999968809741,
        0.12317134266985315,
        0.11828548847032445,
        0.10246939997055701,
        0.1157087232651455,
        0.08683142358703273,
        0.09718757628330163,
        0.1360195084874119,
        0.07655192126653024,
        0.07987742006246533,
        0.0725231898416366,
        0.08408596632736069,
        0.0665096518849688,
        0.08388158066996507
    ],
    "train_acc": [
        0.08876404494382023,
        0.12247191011235956,
        0.11235955056179775,
        0.14269662921348314,
        0.15617977528089888,
        0.23258426966292134,
        0.22696629213483147,
        0.2955056179775281,
        0.31685393258426964,
        0.3438202247191011,
        0.3955056179775281,
        0.36179775280898874,
        0.4157303370786517,
        0.48314606741573035,
        0.44269662921348313,
        0.5528089887640449,
        0.5719101123595506,
        0.5056179775280899,
        0.550561797752809,
        0.5662921348314607,
        0.5674157303370787,
        0.5707865168539326,
        0.6191011235955056,
        0.6101123595505618,
        0.5853932584269663,
        0.5550561797752809,
        0.5955056179775281,
        0.6269662921348315,
        0.697752808988764,
        0.6629213483146067,
        0.5786516853932584,
        0.7056179775280899,
        0.597752808988764,
        0.6921348314606741,
        0.6258426966292134,
        0.650561797752809,
        0.6719101123595506,
        0.6966292134831461,
        0.7337078651685394
    ],
    "train_f1": [
        0.07650754137092741,
        0.08867990622096895,
        0.09089659804909095,
        0.11487019793724687,
        0.13842792012834004,
        0.20914864333691854,
        0.21344944849354347,
        0.2754838303473153,
        0.27405036905593916,
        0.3070726631656904,
        0.3380535861083541,
        0.2943350223878908,
        0.3420763094435929,
        0.398735200885657,
        0.3677309819082791,
        0.4602700302432036,
        0.4781078235843219,
        0.4251400053997381,
        0.4860322118549528,
        0.48158961335414,
        0.4872354452270345,
        0.48741867484873247,
        0.5433171893370796,
        0.5137233444505335,
        0.5012516843448319,
        0.4454857291079503,
        0.5165018567967297,
        0.5231514087100492,
        0.6039025269713012,
        0.6005641658538723,
        0.469402460279956,
        0.6022678191418614,
        0.5283126921157417,
        0.6121760564177952,
        0.5255091903749639,
        0.5749538176212058,
        0.6231214374079489,
        0.5974384490321489,
        0.658405793189584
    ],
    "val_loss": [
        0.34290430694818497,
        0.3495341222733259,
        0.3285136725753546,
        0.2973027341067791,
        0.2638799697160721,
        0.22841700911521912,
        0.22389760799705982,
        0.2120886594057083,
        0.2115007620304823,
        0.19344211090356112,
        0.19542877934873104,
        0.17077257111668587,
        0.158055966719985,
        0.15859872847795486,
        0.15500801615417004,
        0.16406897082924843,
        0.15481308288872242,
        0.14741116110235453,
        0.14529223833233118,
        0.13093250710517168,
        0.1362243751063943,
        0.13528962712734938,
        0.13229217007756233,
        0.13533964287489653,
        0.13203359488397837,
        0.1399306869134307,
        0.12403171695768833,
        0.12035391060635448,
        0.13168286019936204,
        0.13111277855932713,
        0.1269201710820198,
        0.12633111141622066,
        0.12901364546269178,
        0.13166965451091528,
        0.1381789157167077,
        0.11815292574465275,
        0.10473311506211758,
        0.12248939834535122,
        0.11795914731919765
    ],
    "val_acc": [
        0.05855855855855856,
        0.0990990990990991,
        0.13513513513513514,
        0.20270270270270271,
        0.2702702702702703,
        0.36936936936936937,
        0.36036036036036034,
        0.40540540540540543,
        0.40540540540540543,
        0.46396396396396394,
        0.44594594594594594,
        0.509009009009009,
        0.5225225225225225,
        0.581081081081081,
        0.5585585585585585,
        0.5675675675675675,
        0.527027027027027,
        0.5675675675675675,
        0.5765765765765766,
        0.5675675675675675,
        0.5900900900900901,
        0.5945945945945946,
        0.6441441441441441,
        0.6306306306306306,
        0.5855855855855856,
        0.5855855855855856,
        0.6036036036036037,
        0.6126126126126126,
        0.5945945945945946,
        0.5945945945945946,
        0.6126126126126126,
        0.6081081081081081,
        0.6261261261261262,
        0.6081081081081081,
        0.5945945945945946,
        0.6126126126126126,
        0.6171171171171171,
        0.5945945945945946,
        0.6216216216216216
    ],
    "val_f1": [
        0.0646137891693512,
        0.0952404476002287,
        0.12789211667692932,
        0.1880621233853616,
        0.261925376094243,
        0.36386940541181484,
        0.3366099378084282,
        0.3797918707401851,
        0.3919183677595388,
        0.41477218285728923,
        0.40602320707202477,
        0.45005223984552145,
        0.4439325543454671,
        0.5473449986044466,
        0.48410990455200537,
        0.4758690388283239,
        0.4522332514799807,
        0.46709537757675,
        0.49444227937654145,
        0.4676710877623829,
        0.4771716086866383,
        0.5061332082270251,
        0.5397914367716583,
        0.5061919935928345,
        0.4831145094535241,
        0.4696170437709884,
        0.5076922348824983,
        0.5138659852582959,
        0.49802989115557594,
        0.4701883774316235,
        0.5023437310793634,
        0.5140745650233486,
        0.5345548750875166,
        0.48213374485596705,
        0.4942906509765369,
        0.5138762272420055,
        0.5216984375885927,
        0.49068254315702414,
        0.5268637667241385
    ]
}