{
    "train_loss": [
        0.8498961925506592,
        0.6320385932922363,
        0.3091779947280884,
        0.27772802114486694,
        0.2866239547729492,
        0.2936050295829773,
        0.28527796268463135,
        0.19297653436660767,
        0.4771648049354553,
        0.5636579990386963,
        0.22765934467315674,
        0.24157749116420746,
        0.15922631323337555,
        0.17785349488258362,
        0.15789900720119476,
        0.5325900912284851,
        0.15052977204322815,
        0.17626076936721802,
        0.18666931986808777,
        0.11892876029014587,
        0.21075905859470367,
        0.15109825134277344,
        0.1802809089422226,
        0.09434884786605835,
        0.08260439336299896,
        0.1372285634279251,
        0.2629914879798889,
        0.06629466265439987,
        0.14015337824821472,
        0.21023741364479065,
        0.1099676638841629,
        0.12465827912092209,
        0.05176398903131485,
        0.09581993520259857,
        0.02421075478196144,
        0.13927491009235382,
        0.05303056538105011,
        0.11764492094516754,
        0.03812561184167862,
        0.1064244881272316,
        0.03084370866417885,
        0.032316893339157104,
        0.07093650102615356,
        0.1688845157623291,
        0.10250908881425858,
        0.0733126699924469,
        0.03230777010321617,
        0.09623859077692032,
        0.08902204781770706,
        0.029207799583673477
    ],
    "train_acc": [
        0.4375,
        0.40625,
        0.6875,
        0.78125,
        0.71875,
        0.8125,
        0.75,
        0.90625,
        0.75,
        0.6875,
        0.75,
        0.78125,
        0.875,
        0.8125,
        0.375,
        0.65625,
        0.78125,
        0.8125,
        0.75,
        0.84375,
        0.71875,
        0.8125,
        0.78125,
        0.84375,
        0.90625,
        0.875,
        0.78125,
        0.9375,
        0.8125,
        0.40625,
        0.875,
        0.84375,
        0.9375,
        0.84375,
        1.0,
        0.84375,
        0.375,
        0.90625,
        0.9375,
        0.84375,
        1.0,
        0.28125,
        0.9375,
        0.9375,
        0.90625,
        0.96875,
        0.96875,
        0.9375,
        0.9375,
        0.96875
    ],
    "val_loss": [
        0.6034313440322876,
        0.5816267728805542,
        0.5688216090202332,
        0.5525505542755127,
        0.4791967570781708,
        0.4645678997039795,
        0.4497508108615875,
        0.4299859404563904,
        0.4120366871356964,
        0.4020889699459076,
        0.38181760907173157,
        0.35379162430763245,
        0.3342483639717102,
        0.31553569436073303,
        0.3022400736808777,
        0.2928929924964905,
        0.29529914259910583,
        0.28952062129974365,
        0.2897952198982239,
        0.2873408794403076,
        0.28338927030563354,
        0.2874751687049866,
        0.28251954913139343,
        0.2917342782020569,
        0.29550230503082275,
        0.29558780789375305,
        0.3011380732059479,
        0.30224114656448364,
        0.3064582645893097,
        0.3041759431362152,
        0.30075958371162415,
        0.31196337938308716,
        0.3270593285560608,
        0.34410396218299866,
        0.3780342936515808,
        0.38941627740859985,
        0.3920920193195343,
        0.3504568338394165,
        0.29660266637802124,
        0.2620818018913269,
        0.2513008117675781,
        0.2570312023162842,
        0.27660122513771057,
        0.29185718297958374,
        0.2628634572029114,
        0.25412458181381226,
        0.2546210289001465,
        0.26349297165870667,
        0.27620020508766174,
        0.29298824071884155
    ],
    "val_acc": [
        0.2,
        0.3333333333333333,
        0.26666666666666666,
        0.4666666666666667,
        0.5333333333333333,
        0.5333333333333333,
        0.5333333333333333,
        0.6666666666666666,
        0.6666666666666666,
        0.6666666666666666,
        0.6,
        0.6666666666666666,
        0.6666666666666666,
        0.6666666666666666,
        0.6666666666666666,
        0.6,
        0.5333333333333333,
        0.5333333333333333,
        0.4666666666666667,
        0.6,
        0.7333333333333333,
        0.7333333333333333,
        0.6666666666666666,
        0.6666666666666666,
        0.6666666666666666,
        0.6666666666666666,
        0.6666666666666666,
        0.6666666666666666,
        0.7333333333333333,
        0.7333333333333333,
        0.6,
        0.6,
        0.6,
        0.6,
        0.7333333333333333,
        0.7333333333333333,
        0.7333333333333333,
        0.7333333333333333,
        0.6666666666666666,
        0.6666666666666666,
        0.7333333333333333,
        0.8666666666666667,
        0.8,
        0.8,
        0.8666666666666667,
        0.8666666666666667,
        0.8666666666666667,
        0.8666666666666667,
        0.8,
        0.8
    ],
    "val_f1": [
        0.1693121693121693,
        0.27705627705627706,
        0.22222222222222224,
        0.37142857142857144,
        0.45751633986928103,
        0.48888888888888893,
        0.543859649122807,
        0.7167755991285403,
        0.7167755991285403,
        0.7167755991285403,
        0.5908496732026144,
        0.7373737373737373,
        0.7167755991285403,
        0.7167755991285403,
        0.7167755991285403,
        0.5925925925925926,
        0.35555555555555557,
        0.35555555555555557,
        0.28460038986354774,
        0.6388888888888888,
        0.7592592592592592,
        0.7592592592592592,
        0.7167755991285403,
        0.7167755991285403,
        0.7167755991285403,
        0.7167755991285403,
        0.7167755991285403,
        0.7167755991285403,
        0.7833333333333333,
        0.7833333333333333,
        0.6749999999999999,
        0.6749999999999999,
        0.6749999999999999,
        0.6388888888888888,
        0.7833333333333333,
        0.7833333333333333,
        0.7833333333333333,
        0.7833333333333333,
        0.7373737373737373,
        0.7373737373737373,
        0.7936507936507936,
        0.8916666666666666,
        0.8424242424242424,
        0.8424242424242424,
        0.8916666666666666,
        0.8916666666666666,
        0.8916666666666666,
        0.8916666666666666,
        0.8300653594771242,
        0.8300653594771242
    ]
}