{
    "train_loss": [
        3.443102180957794,
        3.216862678527832,
        3.016884207725525,
        2.7394149899482727,
        2.2848863303661346,
        2.0048103630542755,
        1.7247806191444397,
        1.6833048462867737,
        1.5317209362983704,
        1.3639081493020058,
        1.2941143661737442,
        1.3218009024858475,
        1.2882811725139618,
        1.1089045107364655,
        1.1189241111278534,
        1.1602883264422417,
        1.1311721503734589,
        1.1995203346014023,
        1.110231764614582,
        0.9343301653862,
        0.9009895324707031,
        0.9692411869764328,
        0.9913814961910248,
        0.9547859951853752,
        1.030327245593071,
        1.0180478915572166,
        0.88119026273489,
        1.026463232934475,
        0.8250790163874626,
        0.7379186525940895,
        1.220687374472618,
        0.9152657613158226,
        1.2006706893444061,
        1.0295582339167595,
        0.8815997019410133,
        0.9163275510072708,
        0.8119357079267502,
        1.1746586188673973,
        0.712301317602396,
        0.6228832751512527,
        0.724990725517273,
        0.7246747687458992,
        0.6428381651639938,
        0.7232221327722073,
        0.6999782286584377,
        0.8291297182440758,
        0.7645660936832428
    ],
    "train_acc": [
        0.08304957339638158,
        0.08676950555098684,
        0.11082592345120613,
        0.1375903748629386,
        0.1798973752741228,
        0.24338036252741227,
        0.2545969109786184,
        0.2964670281661184,
        0.28296862150493424,
        0.24416418242872806,
        0.3829827559621711,
        0.3277448687637061,
        0.36093193188048245,
        0.41692151521381576,
        0.4501407020970395,
        0.3835920367324561,
        0.46979188082510964,
        0.3736486602247807,
        0.42963717276589913,
        0.44732237698739036,
        0.4023105554413377,
        0.39595861602247806,
        0.4385236773574561,
        0.4240883275082237,
        0.438232421875,
        0.4239951685855263,
        0.4483224969161184,
        0.46597236499451755,
        0.5000578227796053,
        0.4896582887883772,
        0.46923828125,
        0.48002437123081143,
        0.4615810461211623,
        0.4505818684895833,
        0.4237810101425439,
        0.44897139699835525,
        0.47061210766173245,
        0.4294497841282895,
        0.4579928214089912,
        0.4613369054961623,
        0.552075837787829,
        0.5113075657894737,
        0.38533207408168857,
        0.5168564110471491,
        0.5299629077576754,
        0.46624327542489036,
        0.44730203193530704
    ],
    "train_f1": [],
    "val_loss": [
        2.0466946959495544,
        2.167156934738159,
        2.1740084290504456,
        2.038675904273987,
        1.8805973529815674,
        1.7610580325126648,
        1.8242130279541016,
        1.582262933254242,
        1.4157915711402893,
        1.3043164610862732,
        1.2589487433433533,
        1.2378411293029785,
        1.1915190815925598,
        1.2302380204200745,
        1.1843643188476562,
        1.133568286895752,
        1.217803716659546,
        1.1831391751766205,
        0.9878102242946625,
        1.0694942772388458,
        1.0534002780914307,
        1.0073967576026917,
        1.0427579581737518,
        1.0149859189987183,
        1.0385820865631104,
        0.980882078409195,
        0.9314613342285156,
        1.0286017656326294,
        0.895880401134491,
        1.0030510425567627,
        1.0685859024524689,
        1.0406672656536102,
        0.9830581247806549,
        1.0184341967105865,
        0.998594343662262,
        0.9122230708599091,
        0.9309988915920258,
        0.9281729757785797,
        0.9660600423812866,
        0.9201050400733948,
        0.9047794044017792,
        0.9337288737297058,
        0.9568556249141693,
        0.9149632155895233,
        0.9496193528175354,
        1.0202185809612274,
        1.0513900518417358
    ],
    "val_acc": [
        0.08249811540570176,
        0.07294664884868421,
        0.13889031661184212,
        0.23108124314692982,
        0.29476339775219296,
        0.3198156524122807,
        0.31335663377192985,
        0.35513894599780704,
        0.3779982182017544,
        0.4074107387609649,
        0.39269805372807015,
        0.4091197231359649,
        0.4381510416666667,
        0.4326043379934211,
        0.43965871710526316,
        0.45010964912280704,
        0.48592550712719296,
        0.4465803179824561,
        0.47818153782894735,
        0.4710971765350877,
        0.4730845668859649,
        0.4873732182017544,
        0.48415227521929827,
        0.47375702439692985,
        0.4582605194627193,
        0.4750633908991228,
        0.5249366091008771,
        0.45760519462719296,
        0.5158220257675439,
        0.4703176398026316,
        0.4599523711622807,
        0.4847219366776316,
        0.49292420504385964,
        0.48928779468201755,
        0.4970574629934211,
        0.5166915090460527,
        0.49614514802631576,
        0.5011950041118421,
        0.4978155838815789,
        0.5034650836074561,
        0.4956739994517544,
        0.49949030290570173,
        0.46198687637061403,
        0.47074167351973684,
        0.49098821271929827,
        0.47567588404605265,
        0.47442091557017546
    ],
    "val_f1": [
        0.05878417958981069,
        0.06651761781679878,
        0.12204558828576877,
        0.18945662791175233,
        0.23090505789928584,
        0.23152438925941501,
        0.24155201653645528,
        0.2774129150959114,
        0.31444223137375865,
        0.3258602069427005,
        0.3272512765708348,
        0.3346971435478701,
        0.377582334645592,
        0.36820410306760404,
        0.3694405731907764,
        0.36813985377140135,
        0.3955851117133748,
        0.376339657324085,
        0.40784922404604407,
        0.3856699322104034,
        0.40426147701459225,
        0.43345888910966157,
        0.42146493979682015,
        0.3945585978195934,
        0.37558021821647225,
        0.40161261018567845,
        0.45221564202725073,
        0.4278953634701048,
        0.44960013094935286,
        0.4037640820058177,
        0.3750492822995599,
        0.39315912731898517,
        0.39983258552372875,
        0.38907044142343133,
        0.39970147882339085,
        0.4226680634682387,
        0.4273383733277483,
        0.43091126072820923,
        0.4153011506043181,
        0.4190417857165601,
        0.42139816820526593,
        0.43179724790437635,
        0.3744714884838814,
        0.3791426302316163,
        0.40787753813626265,
        0.3961414452979761,
        0.40223285784673385
    ]
}