{
    "train_loss": [
        3.110565721988678,
        2.967090368270874,
        2.0665618777275085,
        1.7199376225471497,
        1.1668718755245209,
        1.5809101909399033,
        0.9080937802791595,
        0.8721441030502319,
        0.9382096752524376,
        0.6999145746231079,
        0.6230462267994881,
        0.5457488149404526,
        0.48854174464941025,
        0.8149260468780994,
        0.5223329737782478,
        0.6507529020309448,
        0.40830884873867035,
        0.3892352506518364,
        0.29106562584638596,
        0.33257781714200974,
        0.46839141473174095,
        0.4972349517047405,
        0.399064552038908,
        0.4569803774356842,
        0.2456796057522297,
        0.30191780626773834,
        0.37693754583597183,
        0.28238704800605774,
        0.4494624696671963,
        0.3419497646391392,
        0.28192273154854774,
        0.2882338613271713,
        0.2072778157889843,
        0.2928451597690582,
        0.21388892643153667,
        0.2013460025191307,
        0.22469615191221237,
        0.3081546202301979,
        0.28983132913708687,
        0.3193149231374264,
        0.2618085239082575,
        0.3493042290210724,
        0.23253703862428665,
        0.24488470703363419,
        0.25448892265558243,
        0.16468830592930317,
        0.2683346476405859,
        0.1904822401702404,
        0.20648545026779175,
        0.20830965600907803,
        0.23059052973985672,
        0.36437344551086426,
        0.21544893085956573,
        0.1450059525668621,
        0.24720568303018808,
        0.3177631162106991,
        0.23961890116333961,
        0.13885356672108173,
        0.1957081686705351,
        0.22967921197414398,
        0.1191068273037672,
        0.1915045641362667
    ],
    "train_acc": [
        0.3609796912924757,
        0.38423704869538833,
        0.44925904505461167,
        0.5006447208737864,
        0.6234664176274272,
        0.6914038797026699,
        0.5945298278216019,
        0.7195274575242718,
        0.7260623672633495,
        0.7192667248179612,
        0.7387576797633495,
        0.7197384139866505,
        0.7708918006674758,
        0.7741580703883495,
        0.7819231644417476,
        0.6425212378640777,
        0.7663621624696602,
        0.7782942392293689,
        0.8102624393203883,
        0.8049411218143204,
        0.7948436551881068,
        0.7769194667779126,
        0.7891928663531553,
        0.7329220077366505,
        0.7891146465412622,
        0.6441377806432039,
        0.6135135391383495,
        0.822045187348301,
        0.7744614684466019,
        0.7708349135315534,
        0.8208932228458737,
        0.800219489532767,
        0.8145360854065534,
        0.8515743514866505,
        0.869408468598301,
        0.8162521806735437,
        0.8527879437196602,
        0.8430152078276699,
        0.8296230279126213,
        0.6440026736953883,
        0.8210141080097088,
        0.6571104179308253,
        0.8408250530946602,
        0.8403249203580098,
        0.8424961127123787,
        0.8680289555521845,
        0.7184987484830098,
        0.8300947170813107,
        0.714820047026699,
        0.8650257888349514,
        0.8326830817657767,
        0.7360745031856796,
        0.8537502844356796,
        0.8465516914441747,
        0.7389307114684466,
        0.850194838440534,
        0.8257855165351942,
        0.8882357402912622,
        0.8668082524271845,
        0.7168419106492718,
        0.881615499848301,
        0.7254294978762136
    ],
    "train_f1": [],
    "val_loss": [
        0.7516517639160156,
        0.5967408418655396,
        0.5950729250907898,
        0.7386186122894287,
        0.986436128616333,
        1.3817634582519531,
        1.4808554649353027,
        1.4408928155899048,
        1.7509443759918213,
        1.6648893356323242,
        1.8493491411209106,
        1.9352056980133057,
        1.8816710710525513,
        2.078467845916748,
        2.055730104446411,
        1.7116055488586426,
        1.5434426069259644,
        1.479279637336731,
        1.4924086332321167,
        1.5874754190444946,
        1.5654778480529785,
        1.691080927848816,
        1.5958400964736938,
        1.5573768615722656,
        1.4896363019943237,
        1.382175087928772,
        1.398904800415039,
        1.5161117315292358,
        1.9311119318008423,
        1.7730690240859985,
        1.4048165082931519,
        1.5320408344268799,
        1.4485167264938354,
        1.3950527906417847,
        1.2338539361953735,
        1.129589319229126,
        1.096900224685669,
        1.1530992984771729,
        1.272149682044983,
        1.3083816766738892,
        1.3361752033233643,
        1.230383276939392,
        1.3840065002441406,
        1.4651333093643188,
        1.0962142944335938,
        1.0001955032348633,
        1.0750929117202759,
        1.1549395322799683,
        1.2660492658615112,
        1.485336184501648,
        1.567051887512207,
        1.5850660800933838,
        1.2090286016464233,
        1.0358697175979614,
        1.0652488470077515,
        1.1118643283843994,
        1.1047446727752686,
        1.0823631286621094,
        1.1912896633148193,
        1.3250706195831299,
        1.4276001453399658,
        1.3830652236938477
    ],
    "val_acc": [
        0.3239933894230769,
        0.4656512920673077,
        0.5638521634615384,
        0.5693828876201923,
        0.5853271484375,
        0.5845289963942307,
        0.5891958383413461,
        0.6027268629807693,
        0.6190842848557693,
        0.6417236328125,
        0.6514798677884616,
        0.6423621544471154,
        0.6091402493990384,
        0.5046105018028846,
        0.5130896935096154,
        0.6457331730769231,
        0.6611985426682693,
        0.6042762169471154,
        0.5807729867788461,
        0.5877403846153846,
        0.6208871694711539,
        0.6399864783653846,
        0.6652362530048077,
        0.6668513371394231,
        0.6668513371394231,
        0.6843731219951923,
        0.6556208683894231,
        0.6620436448317307,
        0.6502779447115384,
        0.6542874849759616,
        0.6882042518028846,
        0.68017578125,
        0.6816781850961539,
        0.6909743088942307,
        0.6969181941105769,
        0.6761944110576923,
        0.6643160306490384,
        0.6985990084134616,
        0.7017634465144231,
        0.7005896935096154,
        0.7053128756009616,
        0.7246469350961539,
        0.6746356670673077,
        0.6697904146634616,
        0.6891995943509616,
        0.7086838942307693,
        0.7149846003605769,
        0.7060171274038461,
        0.6937725360576923,
        0.6658466045673077,
        0.6527569110576923,
        0.6498178335336539,
        0.6625788762019231,
        0.6933030348557693,
        0.6941293569711539,
        0.6972937950721154,
        0.6869459885817307,
        0.6982046274038461,
        0.6981764573317307,
        0.6982703575721154,
        0.7025522085336539,
        0.6961857722355769
    ],