{
    "train_loss": [
        0.9299094676971436,
        0.8084976673126221,
        0.8543971627950668,
        0.6343843936920166,
        0.614697054028511,
        0.5982826501131058,
        0.41959764808416367,
        0.5437387228012085,
        0.3873921409249306,
        0.4560256153345108,
        0.36228446662425995,
        0.38686900585889816,
        0.27477118745446205,
        0.47741545736789703,
        0.4388178735971451,
        0.4218301437795162,
        0.28033552318811417,
        0.3935805708169937,
        0.34515567868947983,
        0.2902398779988289,
        0.3971957638859749,
        0.35490917414426804,
        0.3388121910393238,
        0.2568473368883133,
        0.2961747385561466,
        0.3135535717010498,
        0.3172011636197567,
        0.2429688796401024,
        0.3347218334674835,
        0.29006823524832726
    ],
    "train_acc": [
        0.33980582524271846,
        0.34951456310679613,
        0.32038834951456313,
        0.39805825242718446,
        0.4077669902912621,
        0.46601941747572817,
        0.5728155339805825,
        0.47572815533980584,
        0.6504854368932039,
        0.4854368932038835,
        0.6019417475728155,
        0.6213592233009708,
        0.6504854368932039,
        0.6116504854368932,
        0.6504854368932039,
        0.7087378640776699,
        0.7378640776699029,
        0.5242718446601942,
        0.6407766990291263,
        0.6990291262135923,
        0.6893203883495146,
        0.6601941747572816,
        0.7184466019417476,
        0.6407766990291263,
        0.7378640776699029,
        0.7766990291262136,
        0.7475728155339806,
        0.7669902912621359,
        0.7184466019417476,
        0.6601941747572816
    ],
    "train_f1": [
        0.2864372469635627,
        0.28393514033721456,
        0.254840295673403,
        0.29783666625771893,
        0.3480852166509338,
        0.4058608058608059,
        0.4976897689768977,
        0.404079148172742,
        0.5694589989805884,
        0.3661728395061728,
        0.5422954822954823,
        0.5398459845984598,
        0.652993870815653,
        0.49596872888012133,
        0.5688888888888889,
        0.6377583979328165,
        0.6426619132501487,
        0.4548992673992674,
        0.5440618640618641,
        0.6291858939079632,
        0.6042083125104114,
        0.5573320413436692,
        0.5842932652143179,
        0.5707070707070706,
        0.6211847993054164,
        0.6883394383394382,
        0.6858585858585858,
        0.6839601032816925,
        0.626134734830387,
        0.603947846865098
    ],
    "val_loss": [
        0.5277697443962097,
        0.5136916041374207,
        0.4878329634666443,
        0.47105684876441956,
        0.4603416919708252,
        0.36279019713401794,
        0.3567732572555542,
        0.354288786649704,
        0.39082977175712585,
        0.24837520718574524,
        0.2545274794101715,
        0.23882536590099335,
        0.21783770620822906,
        0.24410156905651093,
        0.25081783533096313,
        0.2755078077316284,
        0.2735860049724579,
        0.28606387972831726,
        0.2750573754310608,
        0.2504354417324066,
        0.29669612646102905,
        0.24654902517795563,
        0.23381604254245758,
        0.20105135440826416,
        0.21983158588409424,
        0.229476660490036,
        0.20727160573005676,
        0.15724413096904755,
        0.18409784138202667,
        0.16054311394691467
    ],
    "val_acc": [
        0.2692307692307692,
        0.3076923076923077,
        0.4230769230769231,
        0.4230769230769231,
        0.46153846153846156,
        0.5384615384615384,
        0.5769230769230769,
        0.5384615384615384,
        0.5384615384615384,
        0.8076923076923077,
        0.7692307692307693,
        0.7692307692307693,
        0.7307692307692307,
        0.6153846153846154,
        0.7692307692307693,
        0.6923076923076923,
        0.6153846153846154,
        0.6538461538461539,
        0.6538461538461539,
        0.7307692307692307,
        0.6923076923076923,
        0.7307692307692307,
        0.6923076923076923,
        0.7692307692307693,
        0.7307692307692307,
        0.7307692307692307,
        0.8076923076923077,
        0.8461538461538461,
        0.8076923076923077,
        0.8076923076923077
    ],
    "val_f1": [
        0.16824794433902593,
        0.1568627450980392,
        0.24963924963924966,
        0.2962962962962963,
        0.38095238095238093,
        0.52,
        0.5450216450216451,
        0.5292397660818713,
        0.51010101010101,
        0.7954545454545455,
        0.7226678550207962,
        0.7226678550207962,
        0.6986531986531986,
        0.5428571428571428,
        0.704669887278583,
        0.6393939393939393,
        0.5380625476735317,
        0.5704665704665705,
        0.5690235690235691,
        0.6275174101261057,
        0.6180708180708181,
        0.6437118437118436,
        0.5096618357487923,
        0.7454106280193237,
        0.6894117647058824,
        0.6519188872130048,
        0.7229484386347131,
        0.7745098039215685,
        0.7671957671957671,
        0.774528914879792
    ]
}