{
    "train_loss": [
        1.8553561449050904,
        1.5247838973999024,
        1.417140007019043,
        1.233357548713684,
        1.2160533905029296,
        1.1264042377471923,
        0.9764256477355957,
        1.001872181892395,
        1.0129303574562072,
        0.9776032924652099,
        0.965004813671112,
        0.8627919912338257,
        0.985689389705658,
        1.134035885334015,
        0.7550950646400452,
        0.836851954460144,
        0.7816970586776734,
        0.889030122756958,
        0.8689991235733032,
        0.7504696547985077,
        0.8591947317123413,
        0.8040079593658447
    ],
    "train_acc": [
        0.175,
        0.3,
        0.24375,
        0.34375,
        0.34375,
        0.3875,
        0.40625,
        0.4375,
        0.45,
        0.46875,
        0.36875,
        0.4875,
        0.49375,
        0.425,
        0.41875,
        0.55625,
        0.36875,
        0.3625,
        0.5125,
        0.55,
        0.5,
        0.46875
    ],
    "val_loss": [
        1.5477243065834045,
        1.1969473361968994,
        1.0493252873420715,
        0.9713009893894196,
        0.9257572889328003,
        0.8506719768047333,
        0.8041787445545197,
        0.7777356803417206,
        0.7688801288604736,
        0.7676067650318146,
        0.7269748449325562,
        0.6820184290409088,
        0.7080692946910858,
        0.7319619059562683,
        0.7300245463848114,
        0.6862153112888336,
        0.693566620349884,
        0.6920860707759857,
        0.6773943901062012,
        0.6750185489654541,
        0.6842255592346191,
        0.6677234470844269
    ],
    "val_acc": [
        0.18518518518518517,
        0.2962962962962963,
        0.42592592592592593,
        0.42592592592592593,
        0.42592592592592593,
        0.4444444444444444,
        0.5185185185185185,
        0.5,
        0.48148148148148145,
        0.5,
        0.5185185185185185,
        0.5555555555555556,
        0.5370370370370371,
        0.5,
        0.5185185185185185,
        0.5185185185185185,
        0.5555555555555556,
        0.5370370370370371,
        0.5555555555555556,
        0.5555555555555556,
        0.5555555555555556,
        0.5555555555555556
    ],
    "val_f1": [
        0.12134954992097849,
        0.18328732459167243,
        0.21419160549595334,
        0.32925477883461074,
        0.28820861678004533,
        0.29844397529126593,
        0.36483218926904204,
        0.2887901572112099,
        0.2629504796473943,
        0.2887901572112099,
        0.2963089542036911,
        0.3538643424648761,
        0.34228043226345434,
        0.33111471861471864,
        0.32107746324336184,
        0.3247718442215596,
        0.34324547023110313,
        0.33398843408331075,
        0.33916900093370683,
        0.3407441764584621,
        0.34164453660251975,
        0.34164453660251975
    ]
}