{
    "train_loss": [
        3.369315594434738,
        3.4648022651672363,
        2.9989193975925446,
        2.7270155549049377,
        2.263812318444252,
        1.9698475450277328,
        2.0781301259994507,
        1.5807577818632126,
        1.4322558715939522,
        1.4382845610380173,
        1.27179616689682,
        1.2029365077614784,
        1.3065600842237473,
        1.2140204459428787,
        1.056299440562725,
        1.0910263732075691,
        1.1335948631167412,
        1.1688097268342972,
        0.8871619999408722,
        0.8989921137690544,
        0.9009504392743111,
        0.8548823073506355,
        0.8723875284194946,
        0.7452060058712959,
        0.7958495020866394,
        0.8174523189663887,
        0.8404842652380466,
        0.7236875705420971,
        0.8635636568069458,
        0.7930661290884018,
        0.6055351980030537,
        0.7273559123277664,
        0.7784941345453262,
        0.7538837939500809,
        0.7211691103875637,
        0.717104896903038,
        0.6445491760969162,
        0.6430954001843929,
        0.8298527598381042,
        0.6480919048190117,
        0.545343142002821,
        0.7902683913707733,
        0.5663801617920399,
        0.6949200443923473,
        0.8214094378054142,
        0.7710327096283436,
        0.7304282709956169,
        0.6461406238377094,
        0.6376982629299164,
        0.7440442740917206,
        0.6690739095211029,
        0.5549734123051167,
        0.7072654068470001,
        0.5101889073848724,
        0.6340932510793209,
        0.913659330457449,
        0.7135965898633003,
        0.849335104227066
    ],
    "train_acc": [
        0.05668666906524123,
        0.06071820175438596,
        0.0770006681743421,
        0.08923446922971491,
        0.12239690412554824,
        0.18163634183114036,
        0.24269077234100878,
        0.3248912075109649,
        0.3581671463815789,
        0.3307623612253289,
        0.3823081568667763,
        0.32689894291392546,
        0.38240988212719296,
        0.4115418551260965,
        0.3925085235060307,
        0.41015196683114036,
        0.3714588901452851,
        0.43226061369243424,
        0.4696805184347588,
        0.46709241365131576,
        0.4365362870065789,
        0.48877916837993424,
        0.4665998492324561,
        0.4981261136239035,
        0.42544716282894735,
        0.49267042728892546,
        0.38692541289747806,
        0.5408421566611842,
        0.46707206859923245,
        0.5107957271107456,
        0.4953334875274123,
        0.5331453022203947,
        0.5112850791529605,
        0.5267226905153509,
        0.5631767406798246,
        0.4885093287417763,
        0.5539101048519737,
        0.5651255825109649,
        0.5577189127604166,
        0.48403234649122806,
        0.5047007778234649,
        0.5155800267269737,
        0.5044362921463815,
        0.5532719126918859,
        0.5063262404057017,
        0.5282871179413378,
        0.5388354920504386,
        0.44260232490405704,
        0.5563375908031798,
        0.4878882692571272,
        0.5301128186677632,
        0.5525405616091009,
        0.5112004865679824,
        0.5602245665433114,
        0.5878488641036185,
        0.5346765350877193,
        0.5092184501781798,
        0.4750451874314693
    ],
    "train_f1": [],
    "val_loss": [
        2.1472412943840027,
        2.4514520168304443,
        2.5897125005722046,
        2.2961313724517822,
        2.0753843784332275,
        1.8829911947250366,
        2.0296900868415833,
        1.8391916155815125,
        1.5244978070259094,
        1.6172727346420288,
        1.5039733052253723,
        1.6446413397789001,
        1.6000099778175354,
        1.4937191605567932,
        1.49081289768219,
        1.3776013255119324,
        1.3570855855941772,
        1.3895736336708069,
        1.3754348754882812,
        1.3745412230491638,
        1.4076177775859833,
        1.5051791071891785,
        1.3969226479530334,
        1.3748357892036438,
        1.3175618052482605,
        1.2263187170028687,
        1.249161720275879,
        1.1811284720897675,
        1.1976938843727112,
        1.2293490171432495,
        1.1966399848461151,
        1.1974133849143982,
        1.2420328259468079,
        1.196060061454773,
        1.1440213322639465,
        1.141333520412445,
        1.1175079047679901,
        1.0977362394332886,
        1.1910918354988098,
        1.1527421474456787,
        1.2642329037189484,
        1.2138206958770752,
        1.2230425477027893,
        1.163725197315216,
        1.1694660782814026,
        1.175481140613556,
        1.1595116257667542,
        1.1246605813503265,
        1.1509918570518494,
        1.2076093256473541,
        1.177486091852188,
        1.1375582814216614,
        1.1126845180988312,
        1.1639670729637146,
        1.1288007497787476,
        1.1519281566143036,
        1.1148582100868225,
        1.15140900015831
    ],
    "val_acc": [
        0.07256116365131579,
        0.05994723135964912,
        0.0732507538377193,
        0.12923605400219298,
        0.18676329495614036,
        0.30819541529605265,
        0.3586896929824561,
        0.36336691337719296,
        0.39074492872807015,
        0.4001379180372807,
        0.4367804276315789,
        0.43814675849780704,
        0.41305595531798245,
        0.42109118009868424,
        0.4512318393640351,
        0.43132367050438597,
        0.4622995476973684,
        0.4489403440241228,
        0.4422157689144737,
        0.4243078399122807,
        0.4391661526864035,
        0.4110856976425439,
        0.4231428179824561,
        0.4548596833881579,
        0.4747935512609649,
        0.4833727384868421,
        0.47418534128289475,
        0.4755602384868421,
        0.4616613555372807,
        0.4780701754385965,
        0.4906198601973684,
        0.49077833744517546,
        0.4617470189144737,
        0.46136153371710525,
        0.47929944490131576,
        0.47689658717105265,
        0.49247018914473684,
        0.5139374314692983,
        0.48480760005482454,
        0.4745279947916667,
        0.44147906387061403,
        0.4930141515899123,
        0.4847219366776316,
        0.4758215117872807,
        0.4780359100877193,
        0.5019959566885965,
        0.4639143023574561,
        0.4760056880482456,
        0.4736071134868421,
        0.48279879385964913,
        0.4794450726425439,
        0.4761513157894737,
        0.5023728755482456,
        0.47651110197368424,
        0.49321546052631576,
        0.5211888363486842,
        0.48470908717105265,
        0.46873286732456143
    ],