{
    "train_loss": [
        1.053295373916626,
        0.8040680885314941,
        0.742530232667923,
        0.5752115368843078,
        0.6537497043609619,
        0.5682581424713135,
        0.5458439528942108,
        0.481230354309082,
        0.5093428671360016,
        0.512735652923584,
        0.531019639968872,
        0.4868775248527527,
        0.37285585403442384,
        0.5835745632648468,
        0.453638756275177,
        0.5421735167503356,
        0.5446457266807556,
        0.4733918011188507,
        0.37781606912612914,
        0.43738981485366824,
        0.4596089482307434,
        0.4445295810699463,
        0.4264724612236023,
        0.484754741191864,
        0.5258508741855621,
        0.4460596561431885,
        0.4275904059410095,
        0.4209082782268524,
        0.47578943371772764,
        0.5170211434364319
    ],
    "train_acc": [
        0.4375,
        0.6666666666666666,
        0.7152777777777778,
        0.7013888888888888,
        0.7013888888888888,
        0.7222222222222222,
        0.6527777777777778,
        0.7361111111111112,
        0.8055555555555556,
        0.7986111111111112,
        0.7222222222222222,
        0.8194444444444444,
        0.8055555555555556,
        0.6319444444444444,
        0.6666666666666666,
        0.7638888888888888,
        0.7013888888888888,
        0.7361111111111112,
        0.7847222222222222,
        0.75,
        0.7430555555555556,
        0.6180555555555556,
        0.7569444444444444,
        0.5138888888888888,
        0.6666666666666666,
        0.8125,
        0.7222222222222222,
        0.7013888888888888,
        0.7569444444444444,
        0.7291666666666666
    ],
    "val_loss": [
        1.5269021391868591,
        1.9573034346103668,
        1.7282340824604034,
        1.4480154812335968,
        1.2242600321769714,
        1.0015049874782562,
        0.9708641469478607,
        0.8587165176868439,
        0.8042874038219452,
        0.7763938903808594,
        0.7078026533126831,
        0.7675600945949554,
        0.7262968719005585,
        0.6927304416894913,
        0.6015870720148087,
        0.7157929390668869,
        0.8453319817781448,
        0.6451459974050522,
        0.4927951395511627,
        0.48329585790634155,
        0.4971577972173691,
        0.5327027440071106,
        0.5644621104001999,
        0.7923453748226166,
        0.5644974708557129,
        0.4866119474172592,
        0.48628397285938263,
        0.44648393988609314,
        0.5336219221353531,
        0.6599560528993607
    ],
    "val_acc": [
        0.5588235294117647,
        0.6764705882352942,
        0.6764705882352942,
        0.6764705882352942,
        0.7058823529411765,
        0.7352941176470589,
        0.7352941176470589,
        0.7352941176470589,
        0.7647058823529411,
        0.7941176470588235,
        0.7647058823529411,
        0.7941176470588235,
        0.8235294117647058,
        0.8235294117647058,
        0.8529411764705882,
        0.7647058823529411,
        0.7647058823529411,
        0.7941176470588235,
        0.8529411764705882,
        0.8529411764705882,
        0.8235294117647058,
        0.8529411764705882,
        0.8235294117647058,
        0.7941176470588235,
        0.8235294117647058,
        0.8235294117647058,
        0.8235294117647058,
        0.8235294117647058,
        0.8235294117647058,
        0.7941176470588235
    ],
    "val_f1": [
        0.4228571428571429,
        0.5103785103785103,
        0.5103785103785103,
        0.5103785103785103,
        0.5333333333333333,
        0.6214424951267056,
        0.6214424951267056,
        0.6214424951267056,
        0.7176386913229019,
        0.7774337805297558,
        0.6568149210903874,
        0.6735138499844382,
        0.7924899689605572,
        0.7924899689605572,
        0.8438438438438438,
        0.6060606060606061,
        0.6060606060606061,
        0.7606837606837606,
        0.8290598290598291,
        0.8438438438438438,
        0.7523809523809524,
        0.8078344419807834,
        0.7523809523809524,
        0.6864771748492678,
        0.7523809523809524,
        0.7523809523809524,
        0.7523809523809524,
        0.7523809523809524,
        0.7523809523809524,
        0.6864771748492678
    ]
}