{
    "train_loss": [
        0.7775066941976547,
        0.837440237402916,
        0.6788185685873032,
        0.6647537052631378,
        0.6868621706962585,
        0.47646865248680115,
        0.5077488645911217,
        0.5190016701817513,
        0.39795637130737305,
        0.4531544893980026,
        0.35084328800439835,
        0.5990027561783791,
        0.42582956701517105,
        0.35828251019120216,
        0.37050850689411163,
        0.29634416103363037,
        0.3856643885374069,
        0.3190000653266907,
        0.30621882155537605,
        0.25406281650066376,
        0.26094217970967293,
        0.31060629338026047,
        0.2678882032632828,
        0.3564234972000122,
        0.4438915029168129,
        0.2615187130868435,
        0.2221156433224678,
        0.22665541619062424,
        0.2538740262389183,
        0.31736212596297264,
        0.21125957369804382,
        0.2596777603030205,
        0.3138546124100685,
        0.19132816046476364,
        0.26473961025476456,
        0.16933627799153328,
        0.17147107049822807,
        0.2060086987912655,
        0.19927041232585907,
        0.15389235690236092,
        0.2469253856688738,
        0.1490143109112978,
        0.15696736797690392,
        0.1317688189446926,
        0.21528150141239166,
        0.1447694730013609,
        0.12427323311567307,
        0.3009379580616951,
        0.17408151552081108,
        0.15892217308282852,
        0.11418814584612846,
        0.15986491926014423,
        0.2708922475576401,
        0.17408188059926033,
        0.17104599624872208,
        0.1766488179564476,
        0.23359928652644157,
        0.1838965229690075,
        0.25823705457150936,
        0.2200347762554884,
        0.14527994021773338,
        0.23607485741376877,
        0.13683419302105904
    ],
    "train_acc": [
        0.30097087378640774,
        0.23300970873786409,
        0.4077669902912621,
        0.2815533980582524,
        0.3883495145631068,
        0.46601941747572817,
        0.4368932038834951,
        0.44660194174757284,
        0.5339805825242718,
        0.5242718446601942,
        0.5825242718446602,
        0.5145631067961165,
        0.6504854368932039,
        0.6699029126213593,
        0.5728155339805825,
        0.6407766990291263,
        0.6601941747572816,
        0.5242718446601942,
        0.6601941747572816,
        0.7281553398058253,
        0.7281553398058253,
        0.7184466019417476,
        0.7184466019417476,
        0.6019417475728155,
        0.6310679611650486,
        0.7475728155339806,
        0.6796116504854369,
        0.6699029126213593,
        0.6504854368932039,
        0.7572815533980582,
        0.8155339805825242,
        0.7572815533980582,
        0.6699029126213593,
        0.7669902912621359,
        0.6213592233009708,
        0.8640776699029126,
        0.8543689320388349,
        0.7961165048543689,
        0.7572815533980582,
        0.8543689320388349,
        0.8446601941747572,
        0.8543689320388349,
        0.6990291262135923,
        0.8737864077669902,
        0.7864077669902912,
        0.8543689320388349,
        0.8640776699029126,
        0.883495145631068,
        0.8252427184466019,
        0.7669902912621359,
        0.5922330097087378,
        0.8349514563106796,
        0.8349514563106796,
        0.883495145631068,
        0.883495145631068,
        0.8737864077669902,
        0.9223300970873787,
        0.9029126213592233,
        0.8349514563106796,
        0.8737864077669902,
        0.883495145631068,
        0.8252427184466019,
        0.8737864077669902
    ],
    "train_f1": [
        0.29123682334846385,
        0.22945226917057904,
        0.39266569908079346,
        0.27682763246143527,
        0.3651721897335933,
        0.44162554426705364,
        0.39537752037752033,
        0.42198011782994344,
        0.5085517014630939,
        0.484920634920635,
        0.5344102683105145,
        0.48489238888811864,
        0.5985645933014354,
        0.6157407407407407,
        0.5257564754296781,
        0.5807230774551037,
        0.5761567038162783,
        0.49593532926866263,
        0.5846463468798578,
        0.6689615406792365,
        0.6943184827220973,
        0.6574581249503851,
        0.6572257383966246,
        0.541305004966101,
        0.5508961745735693,
        0.694331983805668,
        0.6397822619790583,
        0.6043531425776473,
        0.5497975575772477,
        0.6976303115543622,
        0.7721399885255308,
        0.702872696908245,
        0.6235620915032679,
        0.7063128420516737,
        0.5270518776616337,
        0.8433595250567487,
        0.8199643493761141,
        0.7548821548821549,
        0.6805555555555555,
        0.8068766812775662,
        0.8143394731630025,
        0.7809838219594317,
        0.6418674136321195,
        0.8423202614379085,
        0.7537039312878074,
        0.7996796443398385,
        0.8115668709728115,
        0.8429291441662575,
        0.7861750030424729,
        0.704643820065276,
        0.5069347319347319,
        0.782756338311894,
        0.7859319930503847,
        0.8269281045751634,
        0.8252626411389299,
        0.8479723811980674,
        0.8850812369976132,
        0.8569617746088335,
        0.7845021645021645,
        0.8242475386779184,
        0.8250000000000001,
        0.7635620915032679,
        0.822148881554822
    ],
    "val_loss": [
        0.5299713015556335,
        0.5233478546142578,
        0.515376627445221,
        0.43379390239715576,
        0.4223020374774933,
        0.38522225618362427,
        0.41043511033058167,
        0.4177308678627014,
        0.3789341449737549,
        0.37721019983291626,
        0.35847723484039307,
        0.2995690405368805,
        0.31853368878364563,
        0.23229914903640747,
        0.2276904135942459,
        0.17940884828567505,
        0.19568511843681335,
        0.20308072865009308,
        0.1919131726026535,
        0.18119218945503235,
        0.20775173604488373,
        0.24394729733467102,
        0.2612038850784302,
        0.2744344472885132,
        0.26088857650756836,
        0.24608869850635529,
        0.2745678722858429,
        0.2752581536769867,
        0.2681821286678314,
        0.2500273287296295,
        0.2352742850780487,
        0.23098447918891907,
        0.20515163242816925,
        0.19816523790359497,
        0.20744331181049347,
        0.2068946212530136,
        0.2253291755914688,
        0.21330128610134125,
        0.2085314244031906,
        0.1938411146402359,
        0.1903122514486313,
        0.16047029197216034,
        0.13894866406917572,
        0.1358366757631302,
        0.14952729642391205,
        0.154460147023201,
        0.1787264198064804,
        0.16814039647579193,
        0.1658506840467453,
        0.16254425048828125,
        0.14774753153324127,
        0.13527926802635193,
        0.12185309827327728,
        0.13819630444049835,
        0.1532377451658249,
        0.15984414517879486,
        0.14251497387886047,
        0.1557362675666809,
        0.1464477926492691,
        0.16462750732898712,
        0.18477602303028107,
        0.1862795650959015,
        0.19142253696918488
    ],