{
    "train_loss": [
        0.7460629642009735,
        0.5846363008022308,
        0.6240305304527283,
        0.6714781820774078,
        0.8193933069705963,
        0.42170291393995285,
        0.823131799697876,
        0.5883868038654327,
        0.5136575698852539,
        0.6669716835021973,
        0.40293438732624054,
        0.3759734034538269,
        0.4985674172639847,
        0.3514740467071533,
        0.21882802993059158,
        0.3224443159997463,
        0.4934023320674896,
        0.5420519113540649,
        0.635576605796814,
        0.513849064707756,
        0.5596083402633667,
        0.5530752241611481,
        0.37311841547489166,
        0.3705000877380371,
        0.5139500647783279,
        0.3419207036495209,
        0.19757671654224396,
        0.5019952952861786,
        0.42348191142082214,
        0.391825407743454,
        0.35734885185956955,
        0.296490877866745,
        0.648483544588089,
        0.36824485659599304,
        0.5398736447095871,
        0.5529507696628571,
        0.24041886627674103,
        0.4602913558483124,
        0.7394490540027618,
        0.30087921023368835,
        0.43557050824165344,
        0.29576487839221954,
        0.4450501799583435,
        0.46596646308898926,
        0.4415917992591858,
        0.28470999747514725,
        0.382438987493515,
        0.31226426362991333,
        0.2897673100233078,
        0.20230618864297867,
        0.21540983021259308,
        0.23053842782974243,
        0.23004910349845886,
        0.42910362780094147,
        0.5233397781848907,
        0.2697121649980545,
        0.33186376094818115,
        0.23456958681344986
    ],
    "train_acc": [
        0.39473684210526316,
        0.4473684210526316,
        0.47368421052631576,
        0.5,
        0.4473684210526316,
        0.5,
        0.5526315789473685,
        0.6052631578947368,
        0.631578947368421,
        0.6052631578947368,
        0.6578947368421053,
        0.6052631578947368,
        0.6052631578947368,
        0.6052631578947368,
        0.6842105263157895,
        0.6052631578947368,
        0.631578947368421,
        0.6052631578947368,
        0.5526315789473685,
        0.7368421052631579,
        0.7105263157894737,
        0.6578947368421053,
        0.39473684210526316,
        0.6578947368421053,
        0.7368421052631579,
        0.6842105263157895,
        0.6842105263157895,
        0.6052631578947368,
        0.7105263157894737,
        0.6052631578947368,
        0.5,
        0.631578947368421,
        0.3157894736842105,
        0.6578947368421053,
        0.5789473684210527,
        0.7105263157894737,
        0.7368421052631579,
        0.631578947368421,
        0.5,
        0.6052631578947368,
        0.5,
        0.42105263157894735,
        0.631578947368421,
        0.7105263157894737,
        0.631578947368421,
        0.8157894736842105,
        0.7631578947368421,
        0.7894736842105263,
        0.7105263157894737,
        0.8421052631578947,
        0.7368421052631579,
        0.7894736842105263,
        0.6842105263157895,
        0.7105263157894737,
        0.7105263157894737,
        0.7368421052631579,
        0.8157894736842105,
        0.7631578947368421
    ],
    "train_f1": [
        0.38498206300063886,
        0.3228803716608595,
        0.41544566544566547,
        0.4747899159663866,
        0.3775978407557355,
        0.47547619047619044,
        0.5138888888888888,
        0.5333333333333333,
        0.600422625190427,
        0.5255134788189987,
        0.5904761904761905,
        0.5793650793650793,
        0.52213608957795,
        0.5918775918775919,
        0.6216931216931217,
        0.5583333333333332,
        0.5538264265314449,
        0.580896686159844,
        0.5065359477124183,
        0.7154177433247201,
        0.6619981325863679,
        0.6069094304388423,
        0.33237056054771075,
        0.6083561331509348,
        0.7062528115159695,
        0.6125965537730244,
        0.5848341784694294,
        0.5585385316917465,
        0.6633597883597884,
        0.5430856553147575,
        0.45507539625186694,
        0.592952970661949,
        0.20370370370370372,
        0.6267379679144386,
        0.5144208846329229,
        0.6633597883597884,
        0.7083333333333334,
        0.6037037037037036,
        0.4565901934322987,
        0.5790849673202615,
        0.45867446393762185,
        0.35000000000000003,
        0.5651734948722037,
        0.7071428571428572,
        0.5799396681749623,
        0.8265393143441925,
        0.736949080017116,
        0.7666666666666666,
        0.6774120188754336,
        0.8362193362193362,
        0.6952824133504493,
        0.762907268170426,
        0.6622030926191614,
        0.6808561808561809,
        0.658970658970659,
        0.7111111111111111,
        0.792559074912016,
        0.7475748194014448
    ],
    "val_loss": [
        0.5014669299125671,
        0.5025787353515625,
        0.5140921473503113,
        0.5213937163352966,
        0.5125325322151184,
        0.5094839334487915,
        0.5411505103111267,
        0.5241125226020813,
        0.48343873023986816,
        0.4153154492378235,
        0.4132685661315918,
        0.3880210816860199,
        0.4682910144329071,
        0.5958613753318787,
        0.6671819090843201,
        0.7640120387077332,
        0.6804954409599304,
        0.6211058497428894,
        0.56226646900177,
        0.5594355463981628,
        0.5901117324829102,
        0.5499908328056335,
        0.5770427584648132,
        0.6218468546867371,
        0.604932963848114,
        0.6218401789665222,
        0.6207246780395508,
        0.5207965970039368,
        0.515110433101654,
        0.5002242922782898,
        0.4896467328071594,
        0.45356035232543945,
        0.4384310841560364,
        0.47500067949295044,
        0.5210410356521606,
        0.5679483413696289,
        0.521526575088501,
        0.49478206038475037,
        0.532716691493988,
        0.6551730632781982,
        0.6312536597251892,
        0.6802933812141418,
        0.7105668187141418,
        0.8217868804931641,
        0.8819926381111145,
        0.8307402729988098,
        0.8157503008842468,
        0.7387464642524719,
        0.6525577306747437,
        0.5494160056114197,
        0.51145339012146,
        0.5138323307037354,
        0.43763086199760437,
        0.48638439178466797,
        0.5361639857292175,
        0.4800448417663574,
        0.46991395950317383,
        0.4270757734775543
    ],
    "val_acc": [
        0.2,
        0.2,
        0.2,
        0.4,
        0.4,
        0.4,
        0.4,
        0.4,
        0.3,
        0.6,
        0.5,
        0.5,
        0.5,
        0.5,
        0.4,
        0.5,
        0.5,
        0.5,
        0.6,
        0.6,
        0.6,
        0.6,
        0.6,
        0.6,
        0.5,
        0.6,
        0.6,
        0.6,
        0.6,
        0.4,
        0.5,
        0.5,
        0.4,
        0.3,
        0.4,
        0.4,
        0.6,
        0.7,
        0.5,
        0.4,
        0.4,
        0.4,
        0.3,
        0.4,
        0.4,
        0.4,
        0.4,
        0.4,
        0.4,
        0.4,
        0.4,
        0.4,
        0.5,
        0.5,
        0.6,
        0.6,
        0.6,
        0.7
    ],