{
    "train_loss": [
        0.0,
        0.0,
        0.0,
        0.0,
        0.0,
        0.0,
        0.0,
        0.0,
        0.0,
        0.0,
        0.0,
        0.0,
        0.0,
        0.0,
        0.0,
        0.0,
        0.0,
        0.0,
        0.0,
        0.0,
        0.0,
        0.0,
        0.0
    ],
    "train_acc": [
        0.3541666666666667,
        0.3125,
        0.3125,
        0.3333333333333333,
        0.25,
        0.375,
        0.375,
        0.25,
        0.375,
        0.2916666666666667,
        0.2916666666666667,
        0.3541666666666667,
        0.3958333333333333,
        0.3333333333333333,
        0.375,
        0.2916666666666667,
        0.2916666666666667,
        0.25,
        0.3333333333333333,
        0.25,
        0.3125,
        0.3333333333333333,
        0.375
    ],
    "val_loss": [
        0.0,
        0.0,
        0.0,
        0.0,
        0.0,
        0.0,
        0.0,
        0.0,
        0.0,
        0.0,
        0.0,
        0.0,
        0.0,
        0.0,
        0.0,
        0.0,
        0.0,
        0.0,
        0.0,
        0.0,
        0.0,
        0.0,
        0.0
    ],
    "val_acc": [
        0.5333333333333333,
        0.5333333333333333,
        0.4666666666666667,
        0.2,
        0.13333333333333333,
        0.06666666666666667,
        0.0,
        0.0,
        0.06666666666666667,
        0.06666666666666667,
        0.06666666666666667,
        0.06666666666666667,
        0.06666666666666667,
        0.06666666666666667,
        0.06666666666666667,
        0.06666666666666667,
        0.06666666666666667,
        0.06666666666666667,
        0.13333333333333333,
        0.13333333333333333,
        0.13333333333333333,
        0.13333333333333333,
        0.13333333333333333
    ],
    "val_f1": [
        0.2318840579710145,
        0.24242424242424243,
        0.24561403508771928,
        0.13333333333333333,
        0.1111111111111111,
        0.06666666666666667,
        0.0,
        0.0,
        0.06666666666666667,
        0.06060606060606061,
        0.05555555555555555,
        0.05555555555555555,
        0.06060606060606061,
        0.06060606060606061,
        0.06060606060606061,
        0.06060606060606061,
        0.06060606060606061,
        0.06666666666666667,
        0.1111111111111111,
        0.1111111111111111,
        0.10256410256410257,
        0.12222222222222223,
        0.12222222222222223
    ]
}