{
  "dynamic": {
    "mean": [
      733.2352012332256
    ],
    "std": [
      1298.495432374647
    ],
    "num_channels": 1,
    "channel_names": [
      "Band_0"
    ],
    "total_samples": 1399878475
  },
  "static": {
    "mean": [
      0.399880036415957
    ],
    "std": [
      0.32252416822464797
    ],
    "num_channels": 1,
    "channel_names": [
      "Band_0"
    ],
    "total_samples": 471345270
  }
}