{
  "train_loss": [
    2.054709057654104,
    1.935685561549279,
    1.8922772022985643,
    1.8894446011512511,
    1.872408055490063,
    1.8822717974262853,
    1.8630317103478216,
    1.870753534378544,
    1.8513961145954747,
    1.826879616706602,
    1.8331380928716352,
    1.8290876265495055,
    1.8395263264256139,
    1.833959710213446,
    1.8218151984676239
  ],
  "train_accuracy": [],
  "train_f1_macro": [],
  "train_f1_weighted": [],
  "val_loss": [
    593140009.1428572,
    597913709.7142857,
    650934893.7142857,
    535368758.85714287,
    674140251.4285715,
    597134308.5714285,
    650934893.7142857,
    650934893.7142857,
    650934893.7142857,
    596790125.7142857,
    674140251.4285715,
    650934893.7142857,
    650934893.7142857,
    674140251.4285715,
    597913709.7142857
  ],
  "val_accuracy": [],
  "val_f1_macro": [],
  "val_f1_weighted": [],
  "val_iou": []
}