{
    "train_loss": [
        0.9650606513023376,
        0.7512452602386475,
        0.7176395952701569,
        0.5782946646213531,
        0.727454423904419,
        0.6609771549701691,
        0.732848048210144,
        0.7262716293334961,
        0.5367410182952881,
        0.5792938768863678,
        0.637343555688858,
        0.395662784576416,
        0.37088704109191895,
        0.7153904736042023,
        0.6228533089160919,
        0.5085411965847015,
        0.7564149796962738,
        0.4867018759250641,
        0.6696168929338455,
        0.38371773064136505,
        0.7343015819787979,
        0.3682810217142105,
        0.31717683374881744,
        0.26380376517772675,
        0.3459104597568512,
        0.33739690482616425,
        0.2528875358402729,
        0.3019581437110901,
        0.3979319632053375
    ],
    "train_acc": [
        0.28205128205128205,
        0.2564102564102564,
        0.23076923076923078,
        0.358974358974359,
        0.4358974358974359,
        0.4358974358974359,
        0.46153846153846156,
        0.46153846153846156,
        0.5384615384615384,
        0.48717948717948717,
        0.5897435897435898,
        0.5128205128205128,
        0.5641025641025641,
        0.5897435897435898,
        0.48717948717948717,
        0.48717948717948717,
        0.6153846153846154,
        0.5897435897435898,
        0.6410256410256411,
        0.5897435897435898,
        0.48717948717948717,
        0.5641025641025641,
        0.41025641025641024,
        0.6923076923076923,
        0.38461538461538464,
        0.5897435897435898,
        0.6153846153846154,
        0.5641025641025641,
        0.6410256410256411
    ],
    "train_f1": [
        0.27240896358543415,
        0.2492063492063492,
        0.22687465790914066,
        0.34252873563218394,
        0.42282430213464695,
        0.431367915238883,
        0.46295593506219684,
        0.4575922565033273,
        0.5215237166991553,
        0.42402998236331574,
        0.5835386119257087,
        0.4859708193041527,
        0.5571895424836603,
        0.5803586391821686,
        0.48704435660957407,
        0.4667510014758592,
        0.598136645962733,
        0.5686274509803922,
        0.6217940428466745,
        0.5753205128205128,
        0.46695715323166304,
        0.5698453294361223,
        0.4033189033189033,
        0.6578300788827104,
        0.35714285714285715,
        0.5714285714285714,
        0.598136645962733,
        0.542703818369453,
        0.6216931216931217
    ],
    "val_loss": [
        0.663590669631958,
        0.6466770172119141,
        0.636307954788208,
        0.5953072309494019,
        0.5540056228637695,
        0.553582489490509,
        0.5975747108459473,
        0.5857208371162415,
        0.5022150874137878,
        0.46138423681259155,
        0.5200479626655579,
        0.5672682523727417,
        0.6187465786933899,
        0.6869204640388489,
        0.7146836519241333,
        0.7652621865272522,
        0.7147766947746277,
        0.6478313207626343,
        0.5731945037841797,
        0.48613056540489197,
        0.43424713611602783,
        0.45082083344459534,
        0.5018174648284912,
        0.5325039029121399,
        0.564554750919342,
        0.6524773836135864,
        0.611699640750885,
        0.6451889872550964,
        0.7049600481987
    ],
    "val_acc": [
        0.1111111111111111,
        0.1111111111111111,
        0.1111111111111111,
        0.1111111111111111,
        0.4444444444444444,
        0.4444444444444444,
        0.3333333333333333,
        0.3333333333333333,
        0.5555555555555556,
        0.5555555555555556,
        0.5555555555555556,
        0.4444444444444444,
        0.4444444444444444,
        0.4444444444444444,
        0.4444444444444444,
        0.4444444444444444,
        0.4444444444444444,
        0.5555555555555556,
        0.5555555555555556,
        0.5555555555555556,
        0.5555555555555556,
        0.4444444444444444,
        0.4444444444444444,
        0.4444444444444444,
        0.3333333333333333,
        0.1111111111111111,
        0.1111111111111111,
        0.1111111111111111,
        0.1111111111111111
    ],
    "val_f1": [
        0.06666666666666667,
        0.06666666666666667,
        0.06666666666666667,
        0.06666666666666667,
        0.3452380952380952,
        0.3452380952380952,
        0.19999999999999998,
        0.19999999999999998,
        0.5277777777777778,
        0.5166666666666666,
        0.5166666666666666,
        0.3452380952380952,
        0.35555555555555557,
        0.35555555555555557,
        0.35555555555555557,
        0.35555555555555557,
        0.3333333333333333,
        0.4000000000000001,
        0.4090909090909091,
        0.4090909090909091,
        0.4090909090909091,
        0.20512820512820515,
        0.2222222222222222,
        0.2222222222222222,
        0.1818181818181818,
        0.07407407407407407,
        0.06666666666666667,
        0.07407407407407407,
        0.07407407407407407
    ]
}