{
    "train_loss": [
        2.8908807039260864,
        2.741785168647766,
        2.283037304878235,
        2.2519643306732178,
        1.6864088773727417,
        1.0435717105865479,
        0.7503411769866943,
        0.8222224414348602,
        1.2528612315654755,
        0.8895737528800964,
        1.3443341255187988,
        0.8415800631046295,
        0.5672154724597931,
        1.4516207873821259,
        0.7581859230995178,
        0.6394762694835663,
        0.5953404754400253,
        0.4346652030944824,
        0.9576552957296371,
        0.5593494176864624,
        0.43495815992355347,
        0.5353349149227142,
        0.44821447134017944,
        0.5935433059930801,
        1.1896596997976303,
        0.3149806559085846,
        0.23174456506967545,
        0.2911072373390198,
        0.3033575564622879,
        0.46608853340148926,
        0.6589899063110352
    ],
    "train_acc": [
        0.40797150440705127,
        0.3909192207532051,
        0.42652619190705127,
        0.5358448517628205,
        0.5919971955128205,
        0.6511793870192307,
        0.6736904046474359,
        0.6548352363782052,
        0.4898274739583333,
        0.6605381109775641,
        0.6625037560096154,
        0.45937875600961536,
        0.6783728966346154,
        0.581718249198718,
        0.6549166165865384,
        0.6964580829326923,
        0.6491386217948718,
        0.677734375,
        0.6654897836538461,
        0.6547413361378205,
        0.7337364783653846,
        0.6941105769230769,
        0.6942295172275641,
        0.4265324519230769,
        0.675850110176282,
        0.6841258513621795,
        0.7401404747596154,
        0.7412985777243589,
        0.7184182191506411,
        0.7687863080929487,
        0.6912434895833334
    ],
    "train_f1": [],
    "val_loss": [
        0.87253338098526,
        0.866367518901825,
        1.0279327630996704,
        1.3106558322906494,
        1.5556340217590332,
        2.801633358001709,
        2.958768606185913,
        2.4864892959594727,
        1.88492751121521,
        1.430313229560852,
        1.5197274684906006,
        1.5796438455581665,
        1.6915416717529297,
        1.681193470954895,
        1.39466392993927,
        1.3174158334732056,
        1.157899260520935,
        1.3230491876602173,
        1.3911950588226318,
        1.3152457475662231,
        1.1819831132888794,
        1.0680190324783325,
        1.166066288948059,
        1.3078659772872925,
        1.418260931968689,
        1.2787424325942993,
        1.2021089792251587,
        1.1139646768569946,
        1.0597716569900513,
        1.0930238962173462,
        1.067779302597046
    ],
    "val_acc": [
        0.32421875,
        0.24495442708333334,
        0.3333875868055556,
        0.4239637586805556,
        0.4622395833333333,
        0.4627821180555556,
        0.4795193142361111,
        0.5206976996527778,
        0.5732964409722222,
        0.6476236979166666,
        0.6639539930555556,
        0.6289333767361112,
        0.5862087673611112,
        0.5819498697916666,
        0.5699869791666666,
        0.5699327256944444,
        0.5566948784722222,
        0.5403374565972222,
        0.5219455295138888,
        0.5164659288194444,
        0.5260959201388888,
        0.5394965277777778,
        0.5384928385416666,
        0.529541015625,
        0.5484212239583334,
        0.5550130208333334,
        0.5583224826388888,
        0.5681694878472222,
        0.5843641493055556,
        0.586181640625,
        0.583740234375
    ],
    "val_f1": [
        0.24947188314325555,
        0.23390943584756174,
        0.29174652726824984,
        0.37253357323713754,
        0.40365061248050943,
        0.3770538865696447,
        0.3903795794856497,
        0.42889309009796617,
        0.4728536692506827,
        0.5520205788021607,
        0.5664403564076795,
        0.5173177233645538,
        0.46472785015985124,
        0.4863305727277866,
        0.5080599416091051,
        0.5177706812543129,
        0.4990099615880362,
        0.4832479402366137,
        0.47792898494594954,
        0.4762978013088403,
        0.489187449375223,
        0.502998095271005,
        0.5021792087764662,
        0.49493343467956286,
        0.5150226255428816,
        0.5231428882504551,
        0.5285814035808158,
        0.5366576347627127,
        0.5467503439677729,
        0.5499259924379709,
        0.5458860744449191
    ]
}