{
    "train_loss": [
        0.7835407853126526,
        0.8859089910984039,
        0.7537714242935181,
        0.735162228345871,
        0.6568441540002823,
        0.5247382819652557,
        0.6080091595649719,
        0.4513039290904999,
        0.4849676191806793,
        0.5637518763542175,
        0.6036706566810608,
        0.5047425627708435,
        0.3965857923030853,
        0.47925087809562683,
        0.3186720460653305,
        0.28156912326812744,
        0.38847818970680237,
        0.38760626316070557,
        0.3817649632692337,
        0.38645121455192566,
        0.4305025562644005,
        0.502920888364315,
        0.31439025700092316,
        0.49024856090545654,
        0.4027131348848343,
        0.49309563636779785,
        0.37586748600006104,
        0.4033905267715454,
        0.3543534278869629,
        0.4216431528329849,
        0.35568076372146606,
        0.32188570499420166,
        0.384444460272789,
        0.3823115974664688,
        0.23349395394325256,
        0.21488916873931885,
        0.5707881599664688,
        0.41091397404670715,
        0.4282398223876953,
        0.5347088128328323,
        0.4768577814102173,
        0.4077361822128296,
        0.22264567017555237,
        0.34219831228256226,
        0.47001390159130096,
        0.3998928368091583,
        0.3900393694639206,
        0.34222571551799774,
        0.4588036611676216,
        0.26193051785230637,
        0.2538929209113121,
        0.39294809103012085,
        0.2605113238096237,
        0.2450011745095253,
        0.27112245559692383,
        0.3757554143667221,
        0.3560325875878334,
        0.45653142035007477,
        0.33954809606075287,
        0.18196212500333786,
        0.2583475857973099
    ],
    "train_acc": [
        0.2564102564102564,
        0.4358974358974359,
        0.15384615384615385,
        0.41025641025641024,
        0.3333333333333333,
        0.4358974358974359,
        0.38461538461538464,
        0.48717948717948717,
        0.5641025641025641,
        0.48717948717948717,
        0.41025641025641024,
        0.6666666666666666,
        0.5128205128205128,
        0.6410256410256411,
        0.6153846153846154,
        0.5384615384615384,
        0.6410256410256411,
        0.717948717948718,
        0.6923076923076923,
        0.717948717948718,
        0.6923076923076923,
        0.6666666666666666,
        0.5641025641025641,
        0.46153846153846156,
        0.6410256410256411,
        0.6410256410256411,
        0.6153846153846154,
        0.7692307692307693,
        0.6923076923076923,
        0.4358974358974359,
        0.6666666666666666,
        0.6410256410256411,
        0.8205128205128205,
        0.6666666666666666,
        0.717948717948718,
        0.7435897435897436,
        0.5641025641025641,
        0.6410256410256411,
        0.6153846153846154,
        0.6923076923076923,
        0.3333333333333333,
        0.6153846153846154,
        0.7435897435897436,
        0.4358974358974359,
        0.6666666666666666,
        0.7692307692307693,
        0.5897435897435898,
        0.6153846153846154,
        0.6410256410256411,
        0.717948717948718,
        0.6923076923076923,
        0.717948717948718,
        0.7435897435897436,
        0.7948717948717948,
        0.6153846153846154,
        0.6410256410256411,
        0.7435897435897436,
        0.5641025641025641,
        0.6153846153846154,
        0.6923076923076923,
        0.8717948717948718
    ],
    "train_f1": [
        0.26388384754990923,
        0.4332210998877666,
        0.15304843304843305,
        0.4055555555555555,
        0.31921758419036095,
        0.43209876543209874,
        0.36357021586223626,
        0.4986857825567503,
        0.5589390142021721,
        0.48181818181818176,
        0.4094771241830066,
        0.6548211962130389,
        0.48030639334987163,
        0.6256075079604492,
        0.6173956762192057,
        0.5375816993464052,
        0.6206140350877193,
        0.6992063492063493,
        0.6502702702702703,
        0.7222222222222222,
        0.682252388134741,
        0.6639727963257376,
        0.5796164619694032,
        0.4276014109347443,
        0.6360348583877996,
        0.648148148148148,
        0.6173956762192057,
        0.7602702702702703,
        0.6975675675675675,
        0.41144014828225356,
        0.6365546218487395,
        0.6203703703703703,
        0.80982905982906,
        0.6306763285024154,
        0.7093088071348941,
        0.7158730158730159,
        0.5555555555555555,
        0.663859649122807,
        0.6018075491759701,
        0.6676421404682275,
        0.3041005291005291,
        0.6172839506172839,
        0.7487754380649396,
        0.4366168170395089,
        0.6702279202279202,
        0.735042735042735,
        0.5994152046783626,
        0.633076923076923,
        0.6547470547470547,
        0.7448717948717949,
        0.7048959494611667,
        0.7287912087912088,
        0.7481481481481481,
        0.7818840579710145,
        0.6046264034068912,
        0.6273576097105509,
        0.734672405547585,
        0.5498575498575499,
        0.5984615384615385,
        0.6584615384615385,
        0.8701491744970006
    ],
    "val_loss": [
        0.5702918171882629,
        0.5671964883804321,
        0.5829576849937439,
        0.6191070675849915,
        0.6997781991958618,
        0.7846711874008179,
        0.7037371397018433,
        0.6270161867141724,
        0.5827553868293762,
        0.5494874715805054,
        0.5286020636558533,
        0.5283758640289307,
        0.5147390365600586,
        0.5184499621391296,
        0.5007007718086243,
        0.4909088909626007,
        0.48189863562583923,
        0.5246252417564392,
        0.5224347114562988,
        0.4639591574668884,
        0.4521574079990387,
        0.4894900918006897,
        0.4784180223941803,
        0.49557432532310486,
        0.501641571521759,
        0.542704164981842,
        0.5893412232398987,
        0.5270918011665344,
        0.46458685398101807,
        0.4811515808105469,
        0.5184610486030579,
        0.5017951726913452,
        0.4571574628353119,
        0.44649115204811096,
        0.4807978868484497,
        0.5156081318855286,
        0.5731605887413025,
        0.5498089790344238,
        0.5035503506660461,
        0.4764370322227478,
        0.4541361629962921,
        0.3788755238056183,
        0.37101635336875916,
        0.38475099205970764,
        0.37462368607521057,
        0.4032963812351227,
        0.4293152391910553,
        0.45471519231796265,
        0.43043962121009827,
        0.41215869784355164,
        0.3650158941745758,
        0.4225592315196991,
        0.37768545746803284,
        0.35369816422462463,
        0.3817366063594818,
        0.37118616700172424,
        0.3890688419342041,
        0.4149051308631897,
        0.4751214385032654,
        0.5089762806892395,
        0.5406330823898315
    ],