{
    "train_loss": [
        2.892049026489258,
        3.0857550621032717,
        2.6961700439453127,
        2.205913853645325,
        1.8238683700561524,
        1.6359483480453492,
        1.1180227875709534,
        1.092850387096405,
        1.0163859248161315,
        0.9055827856063843,
        0.8955593705177307,
        0.6195623338222503,
        0.7759086489677429,
        0.6188496053218842,
        0.6566168665885925,
        0.5651651620864868,
        0.5478776335716248,
        0.7376614928245544,
        0.6524119019508362,
        0.44262571930885314,
        0.5952807664871216,
        0.46176422834396363,
        0.49107521772384644,
        0.5876122415065765,
        0.42601882815361025,
        0.40437003374099734,
        0.450536185503006,
        0.3848658263683319,
        0.3879862427711487,
        0.4444647490978241,
        0.43735367655754087,
        0.4702907741069794,
        0.4525367856025696,
        0.35391242504119874,
        0.3163313329219818,
        0.4381770193576813,
        0.3333672732114792,
        0.29593622088432314,
        0.3442578911781311,
        0.350338277220726,
        0.31798589825630186,
        0.3564484089612961,
        0.3355009377002716,
        0.4398631364107132,
        0.40366035997867583,
        0.3234510600566864,
        0.2881299763917923,
        0.4313497006893158,
        0.2685686230659485,
        0.3823900192975998,
        0.36415615677833557,
        0.37245436310768126,
        0.3002490133047104,
        0.25635005235672,
        0.22562577426433564,
        0.3149635225534439,
        0.3119218349456787,
        0.25486646592617035,
        0.24343860447406768,
        0.3037965416908264,
        0.34301050901412966,
        0.2520908176898956
    ],
    "train_acc": [
        0.14709128796214788,
        0.13827643595950703,
        0.16564081756161972,
        0.19083716164172534,
        0.25516993562940143,
        0.2837773712588028,
        0.36631581481073944,
        0.41922211982834506,
        0.35978935134242956,
        0.45876946247799294,
        0.3699985557878521,
        0.5438765404929577,
        0.4911232531910211,
        0.5427349251760564,
        0.3595073861135563,
        0.5524455325704225,
        0.4970754704005282,
        0.328155947403169,
        0.5631206673635564,
        0.5788041235695423,
        0.49718550561179575,
        0.5614649812940141,
        0.587708379181338,
        0.5674292336047535,
        0.5971112318441901,
        0.6389641560299296,
        0.5933803504621479,
        0.5277048030369719,
        0.5198200924295775,
        0.5177758445202465,
        0.6065519091109155,
        0.3977566571302817,
        0.5928714376100352,
        0.6144383390184859,
        0.6648791675836268,
        0.6393509985695423,
        0.47448902398767606,
        0.6563394036091549,
        0.6384552431778169,
        0.6167765872579225,
        0.5785066846390845,
        0.5781387544014085,
        0.5628988776408451,
        0.590271855743838,
        0.5358370928697183,
        0.6607081453565141,
        0.5904283120598591,
        0.6037356954225352,
        0.6764019173635564,
        0.6454510755941901,
        0.5145624724911971,
        0.5939992985255281,
        0.5573008362676056,
        0.6833874339788732,
        0.700956962477993,
        0.6851032955545775,
        0.5602528746698944,
        0.6938889194542254,
        0.5782264387103874,
        0.49304371148767606,
        0.6584524235255281,
        0.6763211102552817
    ],
    "train_f1": [],
    "val_loss": [
        1.6257108449935913,
        1.8471025228500366,
        1.8864424228668213,
        1.794759750366211,
        1.4223964214324951,
        1.246131956577301,
        1.2112321853637695,
        1.0160903334617615,
        0.6778820157051086,
        0.7340578734874725,
        0.6973659992218018,
        0.5396267175674438,
        0.5058432221412659,
        0.5305880904197693,
        0.4953433871269226,
        0.4023992270231247,
        0.4022946059703827,
        0.42180898040533066,
        0.4166073054075241,
        0.5859745740890503,
        0.44879378378391266,
        0.4125109612941742,
        0.37708308547735214,
        0.38370661437511444,
        0.3467181473970413,
        0.3671399801969528,
        0.3598320633172989,
        0.354301355779171,
        0.3706488460302353,
        0.39498499035835266,
        0.36498069018125534,
        0.42428215593099594,
        0.35655783116817474,
        0.33852945268154144,
        0.353447787463665,
        0.42259493470191956,
        0.4434696137905121,
        0.4361482858657837,
        0.4476337283849716,
        0.4108974039554596,
        0.37124910205602646,
        0.34912049770355225,
        0.3619949445128441,
        0.3850352317094803,
        0.38830429315567017,
        0.3635263592004776,
        0.36955444514751434,
        0.39609815180301666,
        0.3889661431312561,
        0.44746391475200653,
        0.46029984951019287,
        0.4578963369131088,
        0.4279038608074188,
        0.3948372006416321,
        0.3910152018070221,
        0.395315483212471,
        0.3884634003043175,
        0.4060840308666229,
        0.41763730347156525,
        0.4029049798846245,
        0.4018704742193222,
        0.42625410854816437
    ],
    "val_acc": [
        0.16861049107142856,
        0.16489955357142858,
        0.20033482142857142,
        0.2207310267857143,
        0.27175641741071427,
        0.34423828125,
        0.3498325892857143,
        0.39847935267857143,
        0.4813197544642857,
        0.469384765625,
        0.47887137276785713,
        0.5126395089285715,
        0.49807477678571427,
        0.506640625,
        0.5234654017857143,
        0.5446358816964286,
        0.5459681919642857,
        0.5530064174107143,
        0.5270856584821428,
        0.45375279017857145,
        0.4901088169642857,
        0.48624441964285714,
        0.5238978794642857,
        0.5100376674107143,
        0.5437709263392857,
        0.5322056361607143,
        0.5268973214285714,
        0.5525739397321429,
        0.5546037946428571,
        0.5487165178571428,
        0.5654575892857143,
        0.5448590959821429,
        0.570263671875,
        0.5595563616071428,
        0.5574497767857143,
        0.5550362723214286,
        0.5271763392857143,
        0.5137276785714285,
        0.5281389508928571,
        0.5705357142857143,
        0.5911900111607142,
        0.5983956473214286,
        0.5864397321428572,
        0.5926478794642858,
        0.5846819196428571,
        0.6019740513392857,
        0.6031947544642857,
        0.5960797991071428,
        0.5891322544642857,
        0.5479910714285714,
        0.5253696986607143,
        0.5401715959821428,
        0.5859165736607143,
        0.5830287388392857,
        0.5663713727678571,
        0.5680454799107143,
        0.5649344308035714,
        0.5600864955357143,
        0.552392578125,
        0.5527622767857143,
        0.5592145647321428,
        0.5527762276785714
    ],