{
    "train_loss": [
        0.0,
        0.0,
        0.0,
        0.0,
        0.0,
        0.0,
        0.0,
        0.0,
        0.0,
        0.0,
        0.0,
        0.0,
        0.0,
        0.0,
        0.0,
        0.0,
        0.0,
        0.0,
        0.0,
        0.0,
        0.0,
        0.0,
        0.0,
        0.0,
        0.0,
        0.0,
        0.0,
        0.0,
        0.0,
        0.0,
        0.0,
        0.0
    ],
    "train_acc": [
        0.3958333333333333,
        0.3958333333333333,
        0.3333333333333333,
        0.4166666666666667,
        0.4444444444444444,
        0.2986111111111111,
        0.4027777777777778,
        0.3888888888888889,
        0.3888888888888889,
        0.3472222222222222,
        0.4583333333333333,
        0.4444444444444444,
        0.3680555555555556,
        0.4305555555555556,
        0.4027777777777778,
        0.3958333333333333,
        0.4236111111111111,
        0.4861111111111111,
        0.3680555555555556,
        0.4027777777777778,
        0.4166666666666667,
        0.3611111111111111,
        0.3402777777777778,
        0.3541666666666667,
        0.3611111111111111,
        0.3888888888888889,
        0.3888888888888889,
        0.4097222222222222,
        0.4444444444444444,
        0.4513888888888889,
        0.4236111111111111,
        0.4097222222222222
    ],
    "val_loss": [
        0.0,
        0.0,
        0.0,
        0.0,
        0.0,
        0.0,
        0.0,
        0.0,
        0.0,
        0.0,
        0.0,
        0.0,
        0.0,
        0.0,
        0.0,
        0.0,
        0.0,
        0.0,
        0.0,
        0.0,
        0.0,
        0.0,
        0.0,
        0.0,
        0.0,
        0.0,
        0.0,
        0.0,
        0.0,
        0.0,
        0.0,
        0.0
    ],
    "val_acc": [
        0.23529411764705882,
        0.20588235294117646,
        0.29411764705882354,
        0.3235294117647059,
        0.29411764705882354,
        0.38235294117647056,
        0.2647058823529412,
        0.20588235294117646,
        0.2647058823529412,
        0.20588235294117646,
        0.3235294117647059,
        0.3235294117647059,
        0.2647058823529412,
        0.3235294117647059,
        0.2647058823529412,
        0.20588235294117646,
        0.17647058823529413,
        0.20588235294117646,
        0.3235294117647059,
        0.29411764705882354,
        0.23529411764705882,
        0.20588235294117646,
        0.29411764705882354,
        0.3235294117647059,
        0.23529411764705882,
        0.2647058823529412,
        0.29411764705882354,
        0.29411764705882354,
        0.23529411764705882,
        0.20588235294117646,
        0.20588235294117646,
        0.20588235294117646
    ],
    "val_f1": [
        0.1574074074074074,
        0.12280701754385964,
        0.20211515863689777,
        0.21733821733821734,
        0.20095693779904308,
        0.25,
        0.17065390749601275,
        0.13888888888888887,
        0.1851851851851852,
        0.13888888888888887,
        0.20175438596491227,
        0.2556005398110662,
        0.17368421052631577,
        0.2556005398110662,
        0.19023569023569023,
        0.19089026915113871,
        0.1219047619047619,
        0.1414141414141414,
        0.21850079744816586,
        0.1855921855921856,
        0.15642915642915645,
        0.1414141414141414,
        0.24035087719298243,
        0.23148148148148148,
        0.15511163337250294,
        0.18760064412238328,
        0.20211515863689777,
        0.20763620763620763,
        0.21717171717171715,
        0.20128205128205132,
        0.15137254901960784,
        0.1493212669683258
    ]
}