{
    "train_loss": [
        0.0,
        0.0,
        0.0,
        0.0,
        0.0,
        0.0,
        0.0,
        0.0,
        0.0,
        0.0,
        0.0,
        0.0,
        0.0,
        0.0,
        0.0,
        0.0,
        0.0,
        0.0,
        0.0,
        0.0,
        0.0,
        0.0,
        0.0,
        0.0,
        0.0,
        0.0,
        0.0,
        0.0,
        0.0,
        0.0,
        0.0,
        0.0,
        0.0,
        0.0,
        0.0,
        0.0,
        0.0,
        0.0,
        0.0,
        0.0,
        0.0,
        0.0,
        0.0,
        0.0,
        0.0,
        0.0,
        0.0,
        0.0,
        0.0,
        0.0,
        0.0,
        0.0,
        0.0,
        0.0,
        0.0,
        0.0,
        0.0,
        0.0,
        0.0,
        0.0,
        0.0,
        0.0
    ],
    "train_acc": [
        0.3515625,
        0.3671875,
        0.3359375,
        0.3203125,
        0.34375,
        0.328125,
        0.3203125,
        0.265625,
        0.3984375,
        0.3984375,
        0.3671875,
        0.2421875,
        0.265625,
        0.3359375,
        0.3125,
        0.3984375,
        0.3359375,
        0.3515625,
        0.3203125,
        0.3984375,
        0.296875,
        0.328125,
        0.3203125,
        0.3515625,
        0.3359375,
        0.3828125,
        0.3125,
        0.3359375,
        0.3125,
        0.359375,
        0.359375,
        0.3046875,
        0.3046875,
        0.3671875,
        0.34375,
        0.3203125,
        0.3203125,
        0.296875,
        0.3203125,
        0.265625,
        0.2890625,
        0.359375,
        0.2890625,
        0.34375,
        0.28125,
        0.328125,
        0.3203125,
        0.34375,
        0.3828125,
        0.3359375,
        0.3359375,
        0.21875,
        0.328125,
        0.3828125,
        0.3984375,
        0.3125,
        0.25,
        0.328125,
        0.3671875,
        0.3828125,
        0.3203125,
        0.34375
    ],
    "val_loss": [
        0.0,
        0.0,
        0.0,
        0.0,
        0.0,
        0.0,
        0.0,
        0.0,
        0.0,
        0.0,
        0.0,
        0.0,
        0.0,
        0.0,
        0.0,
        0.0,
        0.0,
        0.0,
        0.0,
        0.0,
        0.0,
        0.0,
        0.0,
        0.0,
        0.0,
        0.0,
        0.0,
        0.0,
        0.0,
        0.0,
        0.0,
        0.0,
        0.0,
        0.0,
        0.0,
        0.0,
        0.0,
        0.0,
        0.0,
        0.0,
        0.0,
        0.0,
        0.0,
        0.0,
        0.0,
        0.0,
        0.0,
        0.0,
        0.0,
        0.0,
        0.0,
        0.0,
        0.0,
        0.0,
        0.0,
        0.0,
        0.0,
        0.0,
        0.0,
        0.0,
        0.0,
        0.0
    ],
    "val_acc": [
        0.23076923076923078,
        0.19230769230769232,
        0.23076923076923078,
        0.23076923076923078,
        0.19230769230769232,
        0.19230769230769232,
        0.15384615384615385,
        0.23076923076923078,
        0.19230769230769232,
        0.23076923076923078,
        0.2692307692307692,
        0.2692307692307692,
        0.19230769230769232,
        0.19230769230769232,
        0.23076923076923078,
        0.23076923076923078,
        0.23076923076923078,
        0.23076923076923078,
        0.19230769230769232,
        0.19230769230769232,
        0.15384615384615385,
        0.19230769230769232,
        0.19230769230769232,
        0.23076923076923078,
        0.23076923076923078,
        0.2692307692307692,
        0.2692307692307692,
        0.23076923076923078,
        0.23076923076923078,
        0.23076923076923078,
        0.23076923076923078,
        0.3076923076923077,
        0.19230769230769232,
        0.23076923076923078,
        0.23076923076923078,
        0.23076923076923078,
        0.15384615384615385,
        0.15384615384615385,
        0.15384615384615385,
        0.23076923076923078,
        0.19230769230769232,
        0.15384615384615385,
        0.19230769230769232,
        0.23076923076923078,
        0.23076923076923078,
        0.23076923076923078,
        0.19230769230769232,
        0.23076923076923078,
        0.23076923076923078,
        0.23076923076923078,
        0.23076923076923078,
        0.19230769230769232,
        0.23076923076923078,
        0.2692307692307692,
        0.2692307692307692,
        0.19230769230769232,
        0.15384615384615385,
        0.15384615384615385,
        0.15384615384615385,
        0.23076923076923078,
        0.3076923076923077,
        0.23076923076923078
    ],
    "val_f1": [
        0.16225749559082892,
        0.12704174228675136,
        0.1619047619047619,
        0.1619047619047619,
        0.12704174228675136,
        0.14682539682539683,
        0.11857707509881422,
        0.1768421052631579,
        0.14393939393939395,
        0.17015873015873018,
        0.193632228719948,
        0.193632228719948,
        0.14349206349206348,
        0.14349206349206348,
        0.1692307692307692,
        0.1692307692307692,
        0.17424242424242423,
        0.16695652173913045,
        0.13797101449275362,
        0.14666666666666667,
        0.11904761904761903,
        0.13797101449275362,
        0.14666666666666667,
        0.17273954116059378,
        0.17273954116059378,
        0.19753086419753085,
        0.19012345679012346,
        0.16727272727272727,
        0.1692307692307692,
        0.1692307692307692,
        0.15608465608465608,
        0.22128851540616246,
        0.1406060606060606,
        0.17857142857142858,
        0.17424242424242423,
        0.17273954116059378,
        0.11616161616161617,
        0.11904761904761903,
        0.11904761904761903,
        0.16317016317016317,
        0.14349206349206348,
        0.11616161616161617,
        0.14393939393939395,
        0.17273954116059378,
        0.1692307692307692,
        0.1692307692307692,
        0.14349206349206348,
        0.1692307692307692,
        0.17273954116059378,
        0.1692307692307692,
        0.1692307692307692,
        0.1406060606060606,
        0.16605616605616605,
        0.19753086419753085,
        0.19012345679012346,
        0.1406060606060606,
        0.11352657004830917,
        0.11352657004830917,
        0.11352657004830917,
        0.17333333333333334,
        0.22128851540616246,
        0.1692307692307692
    ]
}