{
    "train_loss": [
        0.6195505261421204,
        0.6406910419464111,
        0.3854574163754781,
        0.38927287856737774,
        0.3324160575866699,
        0.2968038320541382,
        0.3171229561169942,
        0.2801942229270935,
        0.28251440823078156,
        0.3110835701227188,
        0.24957012136777243,
        0.28690453867117566,
        0.2943198134501775,
        0.1928397665421168,
        0.23065199454625449,
        0.1372308929761251,
        0.11405261357625325,
        0.15298748513062796,
        0.22363889714082083,
        0.14830479522546133,
        0.13034293800592422,
        0.14370943357547125,
        0.08584268391132355,
        0.09318231791257858,
        0.201226015885671,
        0.10914742449919383,
        0.1882444048921267,
        0.10706588129202525,
        0.2644359568754832,
        0.18200853218634924,
        0.1455372323592504
    ],
    "train_acc": [
        0.3958333333333333,
        0.4791666666666667,
        0.5416666666666666,
        0.4791666666666667,
        0.5833333333333334,
        0.7083333333333334,
        0.6666666666666666,
        0.6458333333333334,
        0.6666666666666666,
        0.625,
        0.6458333333333334,
        0.5208333333333334,
        0.6666666666666666,
        0.75,
        0.75,
        0.8541666666666666,
        0.8958333333333334,
        0.75,
        0.6875,
        0.8541666666666666,
        0.8958333333333334,
        0.8125,
        0.9166666666666666,
        0.9166666666666666,
        0.6666666666666666,
        0.8958333333333334,
        0.7916666666666666,
        0.8958333333333334,
        0.7708333333333334,
        0.7708333333333334,
        0.8541666666666666
    ],
    "val_loss": [
        0.4398627281188965,
        0.41629984974861145,
        0.40693551301956177,
        0.37833672761917114,
        0.3626992702484131,
        0.35021480917930603,
        0.3639944791793823,
        0.3696930706501007,
        0.4210751950740814,
        0.44317343831062317,
        0.4316325783729553,
        0.4577110707759857,
        0.4762685000896454,
        0.47751036286354065,
        0.5043490529060364,
        0.5207043886184692,
        0.5033389925956726,
        0.40133240818977356,
        0.4928383529186249,
        0.5336725115776062,
        0.510668158531189,
        0.38147425651550293,
        0.3262503147125244,
        0.3412856161594391,
        0.3930281698703766,
        0.4236360192298889,
        0.480579137802124,
        0.4942179024219513,
        0.5287814140319824,
        0.5731065273284912,
        0.6178325414657593
    ],
    "val_acc": [
        0.4666666666666667,
        0.5333333333333333,
        0.5333333333333333,
        0.6,
        0.7333333333333333,
        0.6666666666666666,
        0.6666666666666666,
        0.6,
        0.5333333333333333,
        0.6,
        0.6666666666666666,
        0.6666666666666666,
        0.6,
        0.5333333333333333,
        0.5333333333333333,
        0.6,
        0.6,
        0.6,
        0.6,
        0.5333333333333333,
        0.5333333333333333,
        0.5333333333333333,
        0.7333333333333333,
        0.7333333333333333,
        0.7333333333333333,
        0.6,
        0.6,
        0.6,
        0.6,
        0.5333333333333333,
        0.5333333333333333
    ],
    "val_f1": [
        0.21212121212121213,
        0.2318840579710145,
        0.2318840579710145,
        0.4646464646464647,
        0.6793650793650793,
        0.657516339869281,
        0.657516339869281,
        0.6123737373737373,
        0.6410256410256411,
        0.6904761904761904,
        0.7435897435897436,
        0.7373737373737373,
        0.6749999999999999,
        0.543859649122807,
        0.543859649122807,
        0.5666666666666667,
        0.5666666666666667,
        0.5666666666666667,
        0.5666666666666667,
        0.543859649122807,
        0.543859649122807,
        0.543859649122807,
        0.7111111111111111,
        0.7111111111111111,
        0.7111111111111111,
        0.6388888888888888,
        0.6749999999999999,
        0.6749999999999999,
        0.6749999999999999,
        0.6323232323232323,
        0.6323232323232323
    ]
}