{
    "train_loss": [
        3.8108574748039246,
        3.3547491431236267,
        1.901560366153717,
        1.1541657149791718,
        0.9758588820695877,
        0.7362880483269691,
        0.5307237654924393,
        0.4185640439391136,
        0.5193765833973885,
        0.47589630633592606,
        0.32909684255719185,
        0.21769121289253235,
        0.7375298291444778,
        0.238794207572937,
        0.2806580774486065,
        0.23503631725907326,
        0.16800267808139324,
        0.13447080366313457,
        0.25707336887717247,
        0.19589655101299286,
        0.21273639798164368,
        0.22073780372738838,
        0.21291977167129517,
        0.13797282986342907,
        0.22413045167922974,
        0.13592616096138954,
        0.23754259012639523,
        0.19765799678862095,
        0.19207683019340038,
        0.22046291083097458,
        0.14622551761567593,
        0.19029158726334572,
        0.3071710914373398,
        0.16035464219748974,
        0.2784678563475609,
        0.16731452569365501,
        0.19074304401874542,
        0.1756249349564314,
        0.18193206191062927,
        0.2239682311192155,
        0.5598722156137228,
        0.12554568983614445,
        0.37491948902606964,
        0.14751249365508556,
        0.14780168235301971,
        0.15157578699290752,
        0.325010409578681,
        0.30957704223692417,
        0.15792250260710716,
        0.17318904772400856,
        0.1484785247594118,
        0.11358248256146908,
        0.13317308947443962,
        0.16198263317346573,
        0.08888338506221771,
        0.14046015590429306,
        0.10353248007595539,
        0.09661418665200472,
        0.09309325367212296
    ],
    "train_acc": [
        0.34546323029891307,
        0.3996688179347826,
        0.5540591032608696,
        0.6715162194293478,
        0.7034031080163043,
        0.7626613451086957,
        0.7909859035326087,
        0.6590692934782608,
        0.786474609375,
        0.7502653702445652,
        0.7692297894021739,
        0.8444484544836957,
        0.645112941576087,
        0.8133364470108696,
        0.8147715692934783,
        0.8153553838315217,
        0.826322605298913,
        0.8495838994565217,
        0.8065323539402174,
        0.8330545176630435,
        0.8367527173913043,
        0.815531589673913,
        0.8046153192934783,
        0.8536599864130435,
        0.8179921025815218,
        0.8304177989130435,
        0.8231254245923914,
        0.7838230298913044,
        0.6913616677989131,
        0.8176099694293478,
        0.7009956691576087,
        0.8386655061141305,
        0.7992038892663044,
        0.7011209239130435,
        0.7242824388586957,
        0.8417204483695652,
        0.8168181046195652,
        0.8010720957880435,
        0.8424634850543479,
        0.8463973335597826,
        0.6776388417119565,
        0.862060546875,
        0.7028914741847826,
        0.8197668987771739,
        0.847416355298913,
        0.828963569972826,
        0.7799019191576086,
        0.7327912703804348,
        0.7982846467391305,
        0.779390285326087,
        0.8239470108695652,
        0.8454228940217391,
        0.8026813009510869,
        0.8137313179347826,
        0.8471106487771739,
        0.7499532948369565,
        0.8331394361413044,
        0.7159370754076086,
        0.8664253566576087
    ],
    "train_f1": [],
    "val_loss": [
        0.8379880785942078,
        1.1435614824295044,
        0.8860258460044861,
        0.8422407507896423,
        0.7668845057487488,
        0.5181466937065125,
        0.36631301045417786,
        0.25948747992515564,
        0.17430929839611053,
        0.1808181256055832,
        0.2820355296134949,
        0.26412323117256165,
        0.2723543047904968,
        0.3194013237953186,
        0.280609667301178,
        0.1893027126789093,
        0.1218017041683197,
        0.09791074693202972,
        0.08414788544178009,
        0.08015928417444229,
        0.06706558912992477,
        0.05955338478088379,
        0.06402400881052017,
        0.08130234479904175,
        0.08681513369083405,
        0.0939919501543045,
        0.0976395383477211,
        0.08189615607261658,
        0.07059518247842789,
        0.0716099888086319,
        0.07843881845474243,
        0.09429663419723511,
        0.10564906150102615,
        0.11850451678037643,
        0.09512398391962051,
        0.0790022537112236,
        0.07102293521165848,
        0.06976877152919769,
        0.0765773355960846,
        0.09239482879638672,
        0.10724833607673645,
        0.10394711792469025,
        0.09050167351961136,
        0.10583321005105972,
        0.10966140031814575,
        0.08245954662561417,
        0.09083326905965805,
        0.08846567571163177,
        0.08967164158821106,
        0.08005520701408386,
        0.06914827227592468,
        0.06507879495620728,
        0.07337658107280731,
        0.07941841334104538,
        0.08510558307170868,
        0.08246288448572159,
        0.07560960948467255,
        0.07835834473371506,
        0.07136289030313492
    ],
    "val_acc": [
        0.30003199084051724,
        0.4018217941810345,
        0.546875,
        0.7176134832974138,
        0.7414971713362069,
        0.7629899649784483,
        0.7721578663793104,
        0.7967571390086207,
        0.8183846309267241,
        0.7973801185344828,
        0.7460432381465517,
        0.7775542160560345,
        0.7723094019396551,
        0.7105502424568966,
        0.7463884024784483,
        0.7778404498922413,
        0.798272494612069,
        0.8158758755387931,
        0.8433627424568966,
        0.8640052532327587,
        0.867852572737069,
        0.8735856681034483,
        0.8512425915948276,
        0.8143521012931034,
        0.8038119612068966,
        0.8017578125,
        0.792059536637931,
        0.8212301320043104,
        0.8328815328663793,
        0.8420494342672413,
        0.8434048356681034,
        0.8405172413793104,
        0.8296487742456896,
        0.8217605064655172,
        0.8453495420258621,
        0.8478751346982759,
        0.8520171066810345,
        0.8593581627155172,
        0.8719945447198276,
        0.86865234375,
        0.8582384832974138,
        0.8541638604525862,
        0.8516130118534483,
        0.8590382543103449,
        0.835028286637931,
        0.8297245420258621,
        0.7879680765086207,
        0.7829842403017241,
        0.7782361260775862,
        0.8244965651939655,
        0.8602168642241379,
        0.8531031115301724,
        0.8127188846982759,
        0.805840853987069,
        0.8145709859913793,
        0.8402899380387931,
        0.8581374595905172,
        0.8624309671336207,
        0.8567736395474138
    ],