{
    "train_loss": [
        2.727030621634589,
        2.24810700946384,
        2.0863599909676447,
        2.037487520111932,
        1.9546126524607341,
        1.9510136047999065,
        1.7964511050118341,
        1.7686181333329942,
        1.766591747601827,
        1.849273721377055,
        1.7728622886869643,
        1.733518468009101,
        1.709452125761244,
        1.5923738214704726,
        1.710140307744344,
        1.7869763241873846,
        1.4855334493849013,
        1.5319580104615953,
        1.551646179623074,
        1.542657772699992,
        1.5806568066279094,
        1.6986169815063477,
        1.5211365355385675,
        1.491280608707004,
        1.5393034749560885,
        1.438390162256029,
        1.4474039475123088,
        1.5619581275516086,
        1.4955854680803087,
        1.6287830140855577,
        1.4079466528362699,
        1.5388770235909357
    ],
    "val_loss": [
        2.245669444402059,
        2.070223331451416,
        1.842874805132548,
        1.819238543510437,
        1.7053269147872925,
        1.7592318058013916,
        1.654151479403178,
        1.6117314100265503,
        1.6885193188985188,
        1.598552982012431,
        1.5559358994166057,
        1.5669773817062378,
        1.5534783204396565,
        1.4972490072250366,
        1.5278701384862263,
        1.595306356747945,
        1.479587992032369,
        1.549310604731242,
        1.4747101465861003,
        1.5706942081451416,
        1.4533767302831013,
        1.4821350574493408,
        1.446928898493449,
        1.4428068399429321,
        1.531989852587382,
        1.4683385292689006,
        1.3999525705973308,
        1.4121232827504475,
        1.4951859712600708,
        1.620413064956665,
        1.6404728492101033,
        2.0418280363082886
    ],
    "val_acc": [
        0.2625,
        0.3,
        0.35,
        0.425,
        0.4375,
        0.3875,
        0.4,
        0.4375,
        0.4,
        0.5125,
        0.5375,
        0.5,
        0.5125,
        0.55,
        0.4875,
        0.4875,
        0.6,
        0.5125,
        0.5125,
        0.5125,
        0.525,
        0.525,
        0.5375,
        0.5375,
        0.475,
        0.5,
        0.5,
        0.55,
        0.525,
        0.4125,
        0.4125,
        0.325
    ],
    "val_f1": [
        0.07916666666666668,
        0.10446260190505714,
        0.15478114478114477,
        0.2679497934130742,
        0.28894116738944325,
        0.21184137499926972,
        0.21649413804586218,
        0.3062996527282241,
        0.26991565267427337,
        0.35045712729536266,
        0.3694279253483694,
        0.345302339779084,
        0.38081077872744534,
        0.4273407610907611,
        0.3354632979119983,
        0.3310800310800311,
        0.46407527657527653,
        0.3513144456749108,
        0.3476147677361024,
        0.3511087061087061,
        0.3814375497673817,
        0.4313622423212536,
        0.39189862281967547,
        0.39271157692210323,
        0.3323586744639376,
        0.4082008534407915,
        0.3514162709209148,
        0.4099231786731787,
        0.4002993595098858,
        0.2568817435636657,
        0.2808362661303838,
        0.2939814814814815
    ]
}