{
    "train_loss": [
        1.1729093790054321,
        1.1663168668746948,
        0.8942541778087616,
        1.1181390881538391,
        1.1099312007427216,
        0.9721470773220062,
        0.6915736794471741,
        0.7792412042617798,
        0.7540133595466614,
        0.581122875213623,
        0.6730377376079559,
        0.8308928310871124,
        0.7095502614974976,
        0.45276303589344025,
        0.8804595321416855,
        0.49352405965328217,
        0.5290862172842026,
        0.40162985026836395,
        0.5009223222732544,
        0.42307934165000916,
        0.4322325885295868,
        0.5625334084033966,
        0.32464614510536194,
        0.33041156828403473,
        0.45653408765792847,
        0.23475724458694458,
        0.34828872233629227,
        0.4133894816040993,
        0.16449898481369019,
        0.514708012342453,
        0.16270654648542404,
        0.4052356034517288,
        0.2707921713590622,
        0.2760733962059021
    ],
    "train_acc": [
        0.21052631578947367,
        0.13157894736842105,
        0.2631578947368421,
        0.21052631578947367,
        0.23684210526315788,
        0.34210526315789475,
        0.5,
        0.42105263157894735,
        0.4473684210526316,
        0.3157894736842105,
        0.42105263157894735,
        0.47368421052631576,
        0.5263157894736842,
        0.5263157894736842,
        0.47368421052631576,
        0.5263157894736842,
        0.5526315789473685,
        0.6842105263157895,
        0.6842105263157895,
        0.7105263157894737,
        0.6052631578947368,
        0.631578947368421,
        0.8421052631578947,
        0.7894736842105263,
        0.7105263157894737,
        0.7631578947368421,
        0.7631578947368421,
        0.7368421052631579,
        0.7368421052631579,
        0.2631578947368421,
        0.8421052631578947,
        0.6052631578947368,
        0.8157894736842105,
        0.7368421052631579
    ],
    "train_f1": [
        0.2201132201132201,
        0.12905982905982905,
        0.2578297595841455,
        0.19145299145299144,
        0.23344556677890008,
        0.34920634920634913,
        0.5095238095238096,
        0.4239751552795031,
        0.44069816943380163,
        0.31874298540965207,
        0.42557496180684584,
        0.48148148148148145,
        0.5277777777777778,
        0.5220898641588297,
        0.44877344877344877,
        0.5269687867310956,
        0.5518892339544513,
        0.6743083003952569,
        0.6791666666666667,
        0.6814585483316135,
        0.5907953761214632,
        0.6195286195286195,
        0.8266127089656502,
        0.7833333333333333,
        0.6974519276309558,
        0.7424242424242423,
        0.7509303561935141,
        0.7171717171717171,
        0.7301960784313725,
        0.26256410256410256,
        0.8096530920060333,
        0.5862022228246137,
        0.7763197586726999,
        0.7104876615746182
    ],
    "val_loss": [
        0.540982723236084,
        0.5073380470275879,
        0.4888118803501129,
        0.5676769614219666,
        0.6334770917892456,
        0.6469692587852478,
        0.607495129108429,
        0.5428457260131836,
        0.5010768175125122,
        0.468189537525177,
        0.43585655093193054,
        0.3476330637931824,
        0.28960368037223816,
        0.31032106280326843,
        0.3847253918647766,
        0.43634119629859924,
        0.4492071568965912,
        0.4835061728954315,
        0.4947918951511383,
        0.5975210666656494,
        0.6988951563835144,
        0.72905033826828,
        0.6825049519538879,
        0.6181017756462097,
        0.5799019932746887,
        0.5909837484359741,
        0.5794997215270996,
        0.5480157136917114,
        0.5643014311790466,
        0.5487403273582458,
        0.5678853988647461,
        0.5513381958007812,
        0.6022491455078125,
        0.5609843134880066
    ],
    "val_acc": [
        0.3,
        0.2,
        0.4,
        0.4,
        0.3,
        0.3,
        0.1,
        0.4,
        0.3,
        0.4,
        0.4,
        0.5,
        0.6,
        0.7,
        0.7,
        0.6,
        0.6,
        0.5,
        0.4,
        0.5,
        0.5,
        0.5,
        0.5,
        0.4,
        0.4,
        0.3,
        0.3,
        0.5,
        0.5,
        0.4,
        0.4,
        0.4,
        0.4,
        0.4
    ],
    "val_f1": [
        0.26666666666666666,
        0.20634920634920637,
        0.2929292929292929,
        0.2929292929292929,
        0.19999999999999998,
        0.19999999999999998,
        0.08333333333333333,
        0.4537037037037037,
        0.3148148148148148,
        0.41005291005291006,
        0.44523809523809527,
        0.5285714285714286,
        0.6666666666666666,
        0.746031746031746,
        0.746031746031746,
        0.6444444444444445,
        0.6,
        0.5079365079365079,
        0.38888888888888884,
        0.5079365079365079,
        0.5079365079365079,
        0.5079365079365079,
        0.5079365079365079,
        0.38888888888888884,
        0.38888888888888884,
        0.31746031746031744,
        0.35000000000000003,
        0.5767195767195767,
        0.5767195767195767,
        0.4666666666666666,
        0.4666666666666666,
        0.4666666666666666,
        0.4666666666666666,
        0.4666666666666666
    ]
}