{
    "train_loss": [
        2.2502356469631195,
        2.273097977042198,
        2.2326337099075317,
        2.0775874853134155,
        2.0350817888975143,
        2.0483378767967224,
        2.156499981880188,
        1.9880587011575699,
        2.0499066412448883,
        1.8418241292238235,
        1.7371517270803452,
        1.7931515127420425,
        1.7249780744314194,
        1.6693473756313324,
        1.6154312938451767,
        1.6351649016141891,
        1.6040078699588776,
        1.4948927909135818,
        1.4060770720243454,
        1.283587709069252,
        1.5284870713949203,
        1.2797469943761826,
        1.3343154042959213,
        1.1277427449822426,
        1.2440000101923943,
        1.2789504528045654,
        1.2010352313518524,
        1.3494055420160294,
        1.2088054865598679,
        1.0647299587726593,
        1.0008989870548248,
        1.1286353394389153,
        1.2665064111351967,
        1.2035726308822632,
        1.0994529724121094,
        1.097080908715725,
        1.0217841118574142,
        1.1395855396986008,
        1.0013157725334167,
        1.1539632305502892,
        0.9810200929641724,
        0.9646150171756744,
        0.9108024686574936,
        1.0064213573932648,
        0.839735746383667,
        0.9984191954135895,
        0.9251405820250511,
        0.828704833984375,
        0.8395607173442841,
        0.922211617231369,
        1.0109550803899765,
        0.8802772685885429,
        0.9138364940881729,
        0.7796295285224915,
        0.966881051659584,
        0.8184846341609955,
        0.8439679145812988,
        0.8603367358446121,
        0.8269869461655617,
        0.843285046517849,
        0.8903791904449463,
        0.8164336681365967,
        0.8132907673716545,
        0.7675098106265068,
        0.8323976472020149,
        0.7663056403398514,
        0.7791986763477325,
        0.7947453856468201,
        0.7236497327685356,
        0.8323970511555672
    ],
    "train_acc": [
        0.04824561403508772,
        0.06578947368421052,
        0.06140350877192982,
        0.10087719298245613,
        0.07894736842105263,
        0.09210526315789473,
        0.07017543859649122,
        0.07017543859649122,
        0.07894736842105263,
        0.09649122807017543,
        0.11403508771929824,
        0.12280701754385964,
        0.19298245614035087,
        0.16666666666666666,
        0.16666666666666666,
        0.20175438596491227,
        0.21052631578947367,
        0.23684210526315788,
        0.19736842105263158,
        0.3157894736842105,
        0.2719298245614035,
        0.34210526315789475,
        0.30701754385964913,
        0.37280701754385964,
        0.34210526315789475,
        0.3333333333333333,
        0.39035087719298245,
        0.31140350877192985,
        0.37719298245614036,
        0.37719298245614036,
        0.42543859649122806,
        0.40789473684210525,
        0.3991228070175439,
        0.35526315789473684,
        0.39035087719298245,
        0.32456140350877194,
        0.4692982456140351,
        0.35526315789473684,
        0.3991228070175439,
        0.35526315789473684,
        0.44298245614035087,
        0.43859649122807015,
        0.37280701754385964,
        0.3815789473684211,
        0.36403508771929827,
        0.4692982456140351,
        0.4473684210526316,
        0.4692982456140351,
        0.45614035087719296,
        0.4605263157894737,
        0.41228070175438597,
        0.4605263157894737,
        0.4649122807017544,
        0.4298245614035088,
        0.4605263157894737,
        0.4605263157894737,
        0.40350877192982454,
        0.39035087719298245,
        0.4868421052631579,
        0.4517543859649123,
        0.4473684210526316,
        0.5087719298245614,
        0.42105263157894735,
        0.4692982456140351,
        0.5,
        0.4605263157894737,
        0.44298245614035087,
        0.4868421052631579,
        0.5087719298245614,
        0.5307017543859649
    ],
    "train_f1": [
        0.03675258885933043,
        0.057036504350100846,
        0.05597083979366812,
        0.10347401044745232,
        0.07129324686905004,
        0.10079584354824571,
        0.06005132777730568,
        0.062248096373298256,
        0.07171089954005692,
        0.08342308872971958,
        0.08520515179068279,
        0.10187876380282791,
        0.18490515694667545,
        0.12203175624216574,
        0.12330251290963323,
        0.16881186414266622,
        0.17680541463334173,
        0.20335508940220023,
        0.12482519505574487,
        0.23194961542194178,
        0.18551321405643395,
        0.2391539331307934,
        0.21313007022470823,
        0.27490781808797915,
        0.2512298291554209,
        0.2418361852714197,
        0.28650829505123043,
        0.21175169562993187,
        0.2794518402578112,
        0.27318979795109377,
        0.3162015450452576,
        0.3157763375094121,
        0.3164749473270665,
        0.2759497407250476,
        0.3037597716529941,
        0.22669645357114376,
        0.39270919943688826,
        0.2688122197118125,
        0.3256971090376732,
        0.2562591893468819,
        0.3516291986880222,
        0.33133950870980466,
        0.27821116135736673,
        0.2837353685175596,
        0.27058659953880543,
        0.3652987304268111,
        0.3319581513953442,
        0.3541167566473799,
        0.37655599811062124,
        0.36087454949773795,
        0.32542196563290066,
        0.36038639795601934,
        0.3577606643493343,
        0.3365447067844791,
        0.35072195420402097,
        0.3425068653991697,
        0.2965753908446223,
        0.26649589555318753,
        0.37958445505372507,
        0.33577700316830744,
        0.35387975274191735,
        0.41293047931330773,
        0.3186480699843871,
        0.37096064382125077,
        0.37966105232501896,
        0.3161596527149067,
        0.3262882912473076,
        0.38729083863209834,
        0.41320241548847325,
        0.40396172387697815
    ],
    "val_loss": [
        1.7419394850730896,
        1.8271126747131348,
        1.907093346118927,
        1.8858770728111267,
        1.8017171621322632,
        1.7681947350502014,
        1.7817131280899048,
        1.6689171195030212,
        1.61464124917984,
        1.5077897906303406,
        1.6116622686386108,
        1.5706186294555664,
        1.5222064852714539,
        1.4694018363952637,
        1.4759209156036377,
        1.6171948313713074,
        1.5568391680717468,
        1.5183157920837402,
        1.4624702334403992,
        1.395781934261322,
        1.3224854469299316,
        1.2193885445594788,
        1.186023473739624,
        1.156906247138977,
        1.156683623790741,
        1.1911667585372925,
        1.2453949451446533,
        1.2033189535140991,
        1.1842369437217712,
        1.1781365871429443,
        1.1272879242897034,
        1.0706079006195068,
        1.2410919070243835,
        1.2077018022537231,
        1.118121087551117,
        1.0045660436153412,
        0.9649524092674255,
        1.0055106580257416,
        0.9671772718429565,
        0.9734205007553101,
        1.0406476855278015,
        1.0225968956947327,
        1.0080057382583618,
        0.9504542350769043,
        0.9505490660667419,
        0.9167593419551849,
        0.8770146071910858,
        0.9147478640079498,
        0.9180088639259338,
        0.9420160949230194,
        0.8845168352127075,
        0.9340963661670685,
        1.0104406774044037,
        1.0054267942905426,
        0.9703217148780823,
        0.9469015002250671,
        0.9141038656234741,
        0.9371533095836639,
        0.9838452935218811,
        0.9727705121040344,
        0.8659360110759735,
        0.9414109587669373,
        0.8950357437133789,
        0.8360513746738434,
        0.820439487695694,
        0.8201054036617279,
        0.7965672314167023,
        0.8168137073516846,
        0.7937590777873993,
        0.7987183928489685
    ],