{
  "train_loss": [
    621431399.2258065,
    609338886.1935484,
    599992419.0967742,
    610091680.0,
    619167518.967742,
    584735731.6129032,
    594617368.7741935,
    603854616.7741935,
    600135482.8387097,
    591119010.0645162,
    600163099.8709677,
    600077137.548387
  ],
  "train_accuracy": [],
  "train_f1_macro": [],
  "train_f1_weighted": [],
  "val_loss": [
    587660777.1428572,
    676803282.2857143,
    600576758.8571428,
    653597942.8571428,
    599453170.2857143,
    534639565.71428573,
    649562898.2857143,
    673163373.7142857,
    530604502.85714287,
    664208612.5714285,
    598770957.7142857,
    599453170.2857143
  ],
  "val_accuracy": [],
  "val_f1_macro": [],
  "val_f1_weighted": [],
  "val_iou": []
}