{
    "train_loss": [
        0.9128676652908325,
        0.4030105173587799,
        0.3384142816066742,
        0.20922741293907166,
        0.25762736797332764,
        0.2800390124320984,
        0.4055795669555664,
        0.26644083857536316,
        0.2540472149848938,
        0.37850385904312134,
        0.22555160522460938,
        0.2839610278606415,
        0.2298855483531952,
        0.2528815269470215,
        0.17319977283477783,
        0.6435744762420654,
        0.1862829029560089,
        0.1715497076511383,
        0.27693086862564087,
        0.12197114527225494,
        0.15642158687114716,
        0.08917151391506195,
        0.06928243488073349,
        0.13304613530635834,
        0.14402581751346588,
        0.09291419386863708,
        0.48553627729415894,
        0.13901779055595398,
        0.1639764904975891,
        0.07346133887767792,
        0.0804755911231041,
        0.06892718374729156,
        0.08129584789276123,
        0.08454786241054535,
        0.11842362582683563,
        0.043060995638370514,
        0.07254552841186523,
        0.09959664940834045,
        0.09673506021499634,
        0.087885782122612,
        0.04469957947731018,
        0.027168218046426773,
        0.4291611611843109,
        0.03765047341585159,
        0.03121657855808735,
        0.05021123215556145
    ],
    "train_acc": [
        0.46875,
        0.65625,
        0.71875,
        0.8125,
        0.6875,
        0.75,
        0.65625,
        0.78125,
        0.75,
        0.59375,
        0.78125,
        0.6875,
        0.8125,
        0.71875,
        0.78125,
        0.40625,
        0.8125,
        0.875,
        0.75,
        0.84375,
        0.78125,
        0.875,
        0.90625,
        0.78125,
        0.84375,
        0.90625,
        0.34375,
        0.84375,
        0.8125,
        0.90625,
        0.875,
        0.90625,
        0.875,
        0.90625,
        0.875,
        0.9375,
        0.875,
        0.875,
        0.875,
        0.90625,
        0.9375,
        1.0,
        0.375,
        0.96875,
        1.0,
        0.96875
    ],
    "val_loss": [
        0.8060106039047241,
        0.7845579981803894,
        0.7289416790008545,
        0.7046764492988586,
        0.6515052914619446,
        0.6083667874336243,
        0.5743853449821472,
        0.5343318581581116,
        0.5016223192214966,
        0.4700191020965576,
        0.506218433380127,
        0.5278581976890564,
        0.5396163463592529,
        0.5141640901565552,
        0.4633372128009796,
        0.4299643337726593,
        0.404043972492218,
        0.3830566704273224,
        0.35924023389816284,
        0.33801957964897156,
        0.3226839303970337,
        0.316087007522583,
        0.3143625557422638,
        0.31163737177848816,
        0.3111676573753357,
        0.31001225113868713,
        0.3106207251548767,
        0.31021901965141296,
        0.3054085671901703,
        0.3029077649116516,
        0.3089224696159363,
        0.29962092638015747,
        0.3241754174232483,
        0.34892764687538147,
        0.33483511209487915,
        0.3271133601665497,
        0.30801886320114136,
        0.3056763708591461,
        0.35891297459602356,
        0.4151614308357239,
        0.46961119771003723,
        0.5032655596733093,
        0.546896755695343,
        0.5757436156272888,
        0.5934425592422485,
        0.606049656867981
    ],
    "val_acc": [
        0.3333333333333333,
        0.3333333333333333,
        0.3333333333333333,
        0.3333333333333333,
        0.3333333333333333,
        0.3333333333333333,
        0.3333333333333333,
        0.2,
        0.2,
        0.26666666666666666,
        0.26666666666666666,
        0.2,
        0.3333333333333333,
        0.4666666666666667,
        0.5333333333333333,
        0.4666666666666667,
        0.4666666666666667,
        0.4666666666666667,
        0.5333333333333333,
        0.6666666666666666,
        0.7333333333333333,
        0.7333333333333333,
        0.7333333333333333,
        0.7333333333333333,
        0.7333333333333333,
        0.7333333333333333,
        0.7333333333333333,
        0.7333333333333333,
        0.7333333333333333,
        0.7333333333333333,
        0.8,
        0.8,
        0.8,
        0.8,
        0.7333333333333333,
        0.7333333333333333,
        0.6,
        0.6666666666666666,
        0.6,
        0.6,
        0.6666666666666666,
        0.6666666666666666,
        0.6666666666666666,
        0.6666666666666666,
        0.6666666666666666,
        0.6666666666666666
    ],
    "val_f1": [
        0.16666666666666666,
        0.16666666666666666,
        0.16666666666666666,
        0.16666666666666666,
        0.16666666666666666,
        0.16666666666666666,
        0.16666666666666666,
        0.1111111111111111,
        0.1111111111111111,
        0.17825311942959002,
        0.17825311942959002,
        0.1111111111111111,
        0.4078282828282829,
        0.5873015873015873,
        0.6323232323232323,
        0.51010101010101,
        0.51010101010101,
        0.51010101010101,
        0.6323232323232323,
        0.7167755991285403,
        0.7592592592592592,
        0.7592592592592592,
        0.7592592592592592,
        0.7592592592592592,
        0.7592592592592592,
        0.7592592592592592,
        0.7592592592592592,
        0.7592592592592592,
        0.7592592592592592,
        0.7592592592592592,
        0.8045112781954886,
        0.8045112781954886,
        0.8045112781954886,
        0.8045112781954886,
        0.7592592592592592,
        0.7592592592592592,
        0.6749999999999999,
        0.7373737373737373,
        0.6749999999999999,
        0.6749999999999999,
        0.7167755991285403,
        0.7167755991285403,
        0.7167755991285403,
        0.7167755991285403,
        0.7167755991285403,
        0.7167755991285403
    ]
}