{
    "train_loss": [
        1.3787394046783448,
        0.7767845749855041,
        0.7266948699951172,
        0.6388274013996125,
        0.58961580991745,
        0.6669482111930847,
        0.5783875942230224,
        0.6064525365829467,
        0.4222543478012085,
        0.4975862503051758,
        0.5736079573631286,
        0.527420175075531,
        0.4712801516056061,
        0.5580855965614319,
        0.42538274824619293,
        0.5307966828346252,
        0.3650173723697662,
        0.5240124523639679,
        0.5005851268768311,
        0.3640266299247742,
        0.49323554039001466,
        0.3699671566486359,
        0.4595611095428467,
        0.4096709072589874,
        0.4676962912082672,
        0.4858314275741577,
        0.48909451365470885,
        0.3507992148399353,
        0.3524464428424835,
        0.45765777230262755,
        0.28908673524856565
    ],
    "val_loss": [
        1.606445074081421,
        1.7160094678401947,
        1.606719046831131,
        1.5240115523338318,
        1.2936714887619019,
        1.0362792015075684,
        0.7044228166341782,
        0.7008337527513504,
        0.6615109443664551,
        0.6754526793956757,
        0.6584876179695129,
        0.6884493976831436,
        0.7808184176683426,
        0.8887151181697845,
        0.5963207334280014,
        0.555934339761734,
        0.5623843967914581,
        0.5775175988674164,
        0.5948967933654785,
        0.5982987284660339,
        0.5615420937538147,
        0.6100875288248062,
        0.6532431095838547,
        0.6780501902103424,
        0.7141350656747818,
        0.7737090885639191,
        0.7035117745399475,
        0.6244149059057236,
        0.5811119377613068,
        0.5705609917640686,
        0.6761672347784042
    ],
    "val_acc": [
        0.5882352941176471,
        0.6764705882352942,
        0.6764705882352942,
        0.7058823529411765,
        0.7058823529411765,
        0.7352941176470589,
        0.7647058823529411,
        0.7647058823529411,
        0.7647058823529411,
        0.7647058823529411,
        0.7647058823529411,
        0.7647058823529411,
        0.7352941176470589,
        0.7352941176470589,
        0.8235294117647058,
        0.8823529411764706,
        0.8529411764705882,
        0.8235294117647058,
        0.8235294117647058,
        0.8235294117647058,
        0.8235294117647058,
        0.8235294117647058,
        0.7941176470588235,
        0.7941176470588235,
        0.8235294117647058,
        0.7941176470588235,
        0.8235294117647058,
        0.8235294117647058,
        0.8235294117647058,
        0.8235294117647058,
        0.8235294117647058
    ],
    "val_f1": [
        0.37333333333333335,
        0.5103785103785103,
        0.5103785103785103,
        0.5333333333333333,
        0.5408643560119811,
        0.6214424951267056,
        0.7111111111111111,
        0.6060606060606061,
        0.6579124579124579,
        0.6060606060606061,
        0.6579124579124579,
        0.6060606060606061,
        0.5777777777777778,
        0.5777777777777778,
        0.7523809523809524,
        0.8555555555555555,
        0.8078344419807834,
        0.7523809523809524,
        0.7523809523809524,
        0.7523809523809524,
        0.7523809523809524,
        0.7523809523809524,
        0.6864771748492678,
        0.6864771748492678,
        0.7523809523809524,
        0.6864771748492678,
        0.7523809523809524,
        0.7523809523809524,
        0.7523809523809524,
        0.7523809523809524,
        0.7523809523809524
    ]
}