{
    "train_loss": [
        0.5703651160001755,
        0.8425234258174896,
        0.5291198790073395,
        0.6522074341773987,
        0.5951792001724243,
        0.4926699995994568,
        0.5101470649242401,
        0.6693718731403351,
        0.6578676104545593,
        0.46697188913822174,
        0.47803372144699097,
        0.5651111453771591,
        0.583091139793396,
        0.3454989045858383,
        0.4421617090702057,
        0.5954984128475189,
        0.4156693071126938,
        0.5030383467674255,
        0.5445265471935272,
        0.31548041850328445,
        0.4014677256345749,
        0.20372780039906502,
        0.26243071258068085,
        0.4660477936267853,
        0.2927059978246689,
        0.31434468924999237,
        0.31579025089740753,
        0.42661578953266144,
        0.23777523636817932,
        0.4339349865913391,
        0.27840257436037064,
        0.4667081981897354,
        0.3039553835988045,
        0.5589294657111168,
        0.21938960999250412
    ],
    "train_acc": [
        0.28205128205128205,
        0.28205128205128205,
        0.46153846153846156,
        0.38461538461538464,
        0.5128205128205128,
        0.5897435897435898,
        0.46153846153846156,
        0.5641025641025641,
        0.4358974358974359,
        0.5128205128205128,
        0.5897435897435898,
        0.48717948717948717,
        0.5897435897435898,
        0.5384615384615384,
        0.5384615384615384,
        0.4358974358974359,
        0.5384615384615384,
        0.48717948717948717,
        0.5128205128205128,
        0.48717948717948717,
        0.5641025641025641,
        0.6153846153846154,
        0.6923076923076923,
        0.5641025641025641,
        0.6410256410256411,
        0.6923076923076923,
        0.5641025641025641,
        0.6666666666666666,
        0.6666666666666666,
        0.6923076923076923,
        0.717948717948718,
        0.5897435897435898,
        0.5641025641025641,
        0.6410256410256411,
        0.6666666666666666
    ],
    "train_f1": [
        0.2676470588235294,
        0.2740068562210123,
        0.4587301587301587,
        0.3588863463005339,
        0.4882539682539682,
        0.5782576835208414,
        0.430976430976431,
        0.5478401478401479,
        0.4069264069264069,
        0.4855514855514856,
        0.5589225589225589,
        0.4598484848484849,
        0.5643274853801169,
        0.5484848484848485,
        0.5158249158249159,
        0.4234920634920634,
        0.5462962962962963,
        0.46296296296296297,
        0.49932541236889066,
        0.4666666666666666,
        0.5665349143610013,
        0.6204030117073596,
        0.6664055359707534,
        0.548015873015873,
        0.6258356889666622,
        0.6964285714285715,
        0.5413021043657738,
        0.6639727963257376,
        0.6932716406400616,
        0.6832399626517273,
        0.7144100622361492,
        0.5819942011892477,
        0.5466995741385986,
        0.658816425120773,
        0.6529559192097892
    ],
    "val_loss": [
        0.4989720582962036,
        0.45273691415786743,
        0.46059656143188477,
        0.4665946066379547,
        0.4946501553058624,
        0.4940239191055298,
        0.44298264384269714,
        0.4335741102695465,
        0.48773303627967834,
        0.5160295367240906,
        0.5043585300445557,
        0.46903908252716064,
        0.4307996332645416,
        0.41047993302345276,
        0.4077662527561188,
        0.43170490860939026,
        0.42100584506988525,
        0.38213321566581726,
        0.36602485179901123,
        0.3388572931289673,
        0.3490992486476898,
        0.36221009492874146,
        0.3203129768371582,
        0.32313501834869385,
        0.3362633287906647,
        0.33180394768714905,
        0.3142271935939789,
        0.32610076665878296,
        0.34251561760902405,
        0.3561054766178131,
        0.3730580508708954,
        0.36053186655044556,
        0.3305331766605377,
        0.33349961042404175,
        0.3462629020214081
    ],
    "val_acc": [
        0.2222222222222222,
        0.5555555555555556,
        0.4444444444444444,
        0.4444444444444444,
        0.5555555555555556,
        0.4444444444444444,
        0.5555555555555556,
        0.5555555555555556,
        0.3333333333333333,
        0.3333333333333333,
        0.5555555555555556,
        0.5555555555555556,
        0.6666666666666666,
        0.6666666666666666,
        0.7777777777777778,
        0.7777777777777778,
        0.7777777777777778,
        0.7777777777777778,
        0.7777777777777778,
        0.7777777777777778,
        0.7777777777777778,
        0.7777777777777778,
        0.7777777777777778,
        0.6666666666666666,
        0.6666666666666666,
        0.6666666666666666,
        0.7777777777777778,
        0.6666666666666666,
        0.6666666666666666,
        0.6666666666666666,
        0.6666666666666666,
        0.7777777777777778,
        0.7777777777777778,
        0.7777777777777778,
        0.7777777777777778
    ],
    "val_f1": [
        0.1693121693121693,
        0.35353535353535354,
        0.5151515151515151,
        0.2222222222222222,
        0.35353535353535354,
        0.35555555555555557,
        0.4000000000000001,
        0.3757575757575758,
        0.24338624338624337,
        0.3148148148148148,
        0.5555555555555555,
        0.5555555555555555,
        0.6313131313131314,
        0.7090909090909091,
        0.7777777777777778,
        0.6919191919191919,
        0.6919191919191919,
        0.7777777777777778,
        0.7777777777777778,
        0.7777777777777778,
        0.7777777777777778,
        0.7777777777777778,
        0.7777777777777778,
        0.6313131313131314,
        0.6313131313131314,
        0.6313131313131314,
        0.6919191919191919,
        0.6222222222222222,
        0.6222222222222222,
        0.6222222222222222,
        0.6222222222222222,
        0.6919191919191919,
        0.6919191919191919,
        0.6919191919191919,
        0.6919191919191919
    ]
}