{
    "train_loss": [
        2.2438716143369675,
        2.165836066007614,
        1.9659072011709213,
        1.991762101650238,
        1.947196289896965,
        1.8573364615440369,
        1.6180247515439987,
        1.6850902885198593,
        1.7735215425491333,
        1.6314088553190231,
        1.5517532527446747,
        1.6182711273431778,
        1.551184669137001,
        1.4062924683094025,
        1.3883963823318481,
        1.3008760064840317,
        1.337165281176567,
        1.447668731212616,
        1.3414777368307114,
        1.3328494280576706,
        1.3777971118688583,
        1.2774048894643784,
        1.2141992002725601,
        1.1699445620179176,
        1.2482698857784271,
        1.0856477096676826,
        1.141536295413971,
        1.1233681365847588,
        1.1053994596004486,
        1.0168349668383598,
        1.1773048862814903,
        1.1165810748934746,
        1.0314236655831337,
        0.9662391096353531,
        0.9951141625642776,
        0.907172717154026,
        0.9757132083177567,
        0.9376264661550522,
        1.0100888535380363,
        0.9933861196041107,
        0.974286824464798,
        0.8879761695861816,
        0.9656274318695068,
        0.86087965965271,
        0.9604701325297356,
        0.9413582533597946,
        1.0100182965397835,
        0.8627070263028145,
        0.8810715600848198,
        0.7697532474994659,
        0.8699224889278412,
        0.9088104739785194,
        0.8067502975463867,
        1.0101019591093063,
        0.7805689014494419,
        0.8316958621144295,
        0.8748368322849274,
        0.938073992729187,
        0.9523596838116646,
        0.7993053644895554,
        0.8607786297798157,
        0.8831872269511223,
        0.8275146260857582,
        0.8708739727735519,
        0.8755574896931648,
        0.7674398496747017,
        0.8748317286372185,
        0.8471891283988953,
        0.9124546498060226,
        0.8635737970471382,
        0.7619499117136002,
        0.7750480473041534,
        0.7831132337450981,
        0.9363958239555359,
        0.7919911593198776,
        0.8742507100105286,
        0.7811777889728546,
        0.6981916651129723
    ],
    "train_acc": [
        0.09649122807017543,
        0.08771929824561403,
        0.09210526315789473,
        0.07894736842105263,
        0.07894736842105263,
        0.08771929824561403,
        0.12719298245614036,
        0.11403508771929824,
        0.13157894736842105,
        0.17982456140350878,
        0.15789473684210525,
        0.14473684210526316,
        0.18859649122807018,
        0.18421052631578946,
        0.20614035087719298,
        0.25,
        0.22807017543859648,
        0.25,
        0.2412280701754386,
        0.2412280701754386,
        0.29385964912280704,
        0.2894736842105263,
        0.2675438596491228,
        0.34210526315789475,
        0.25,
        0.35526315789473684,
        0.2982456140350877,
        0.32456140350877194,
        0.33771929824561403,
        0.42105263157894735,
        0.3684210526315789,
        0.32456140350877194,
        0.37719298245614036,
        0.34649122807017546,
        0.43859649122807015,
        0.44298245614035087,
        0.2982456140350877,
        0.4342105263157895,
        0.41228070175438597,
        0.36403508771929827,
        0.35964912280701755,
        0.37280701754385964,
        0.41228070175438597,
        0.45614035087719296,
        0.4605263157894737,
        0.33771929824561403,
        0.42105263157894735,
        0.4605263157894737,
        0.4868421052631579,
        0.44298245614035087,
        0.33771929824561403,
        0.44298245614035087,
        0.4780701754385965,
        0.30701754385964913,
        0.4473684210526316,
        0.42543859649122806,
        0.45614035087719296,
        0.4649122807017544,
        0.4956140350877193,
        0.44298245614035087,
        0.34210526315789475,
        0.3684210526315789,
        0.4692982456140351,
        0.3684210526315789,
        0.4780701754385965,
        0.42105263157894735,
        0.45614035087719296,
        0.44298245614035087,
        0.42543859649122806,
        0.42105263157894735,
        0.4605263157894737,
        0.3991228070175439,
        0.4342105263157895,
        0.32894736842105265,
        0.42105263157894735,
        0.4605263157894737,
        0.40789473684210525,
        0.4692982456140351
    ],
    "train_f1": [
        0.054478247128568434,
        0.06412066194674891,
        0.07096206164395241,
        0.061715051517683105,
        0.042362084282363904,
        0.05212008368711268,
        0.12878942609182187,
        0.11438148098617205,
        0.10902750798584131,
        0.1515913550215538,
        0.161884099797653,
        0.12120229382838536,
        0.13550167765382018,
        0.1735371194562371,
        0.1840046477702865,
        0.196782337658953,
        0.20589157458642757,
        0.21515137958558664,
        0.18842268842268842,
        0.20782574316199567,
        0.216787488944747,
        0.2249649339422262,
        0.24073496348945142,
        0.26353570945332544,
        0.184814004027169,
        0.25000145129455476,
        0.2293570413994589,
        0.2594711502089549,
        0.24031618358353335,
        0.3672102360811063,
        0.27921566152303096,
        0.2497794639444345,
        0.3058810269697367,
        0.2644979233946729,
        0.32128256252815784,
        0.3628261524589369,
        0.2129545366252167,
        0.3401043658082232,
        0.32731653167335,
        0.2740075591737996,
        0.2783225929380703,
        0.294541917562739,
        0.3156118413453885,
        0.3334276591567793,
        0.37929007304472484,
        0.2553484641719936,
        0.33780052238438296,
        0.3589622626693341,
        0.4156076778556066,
        0.3494658057768059,
        0.2773172785293781,
        0.3848733387938075,
        0.3969159439934666,
        0.24150537119742818,
        0.35898919060143514,
        0.35221785681020185,
        0.3792089926822431,
        0.3831191152089788,
        0.415968305685169,
        0.34962601205133653,
        0.2836018212710247,
        0.30014235842740383,
        0.3752776151063814,
        0.2971689045602412,
        0.36798883062306986,
        0.343071802697776,
        0.39625642315409954,
        0.3748825403638038,
        0.3371910156458347,
        0.36046234149502404,
        0.3856537408010939,
        0.357449551931517,
        0.35471836712431243,
        0.276562150944937,
        0.34654231866111296,
        0.4045333763858383,
        0.3184141050520361,
        0.4127198809556107
    ],