{
    "train_loss": [
        1.0781216770410538,
        0.6551853716373444,
        0.6031298041343689,
        0.45076196640729904,
        0.4816959276795387,
        0.36619070544838905,
        0.5202571153640747,
        0.34139837697148323,
        0.44259343296289444,
        0.2780761867761612,
        0.2280825674533844,
        0.3683239333331585,
        0.2940799370408058,
        0.2283078469336033,
        0.35633745789527893,
        0.2763773314654827,
        0.2260937225073576,
        0.29283222928643227,
        0.23206936940550804,
        0.21336403861641884,
        0.15866713225841522,
        0.1824004463851452,
        0.15982483327388763,
        0.26867860928177834,
        0.17398386634886265,
        0.24093534797430038,
        0.1742193140089512,
        0.21260949969291687,
        0.11137147713452578,
        0.14462992455810308,
        0.20073778554797173,
        0.23688176646828651,
        0.13475538603961468,
        0.11071054078638554,
        0.23479674383997917,
        0.07986677810549736,
        0.23263164795935154,
        0.17988157086074352,
        0.1734822653234005,
        0.10267921164631844,
        0.1130866277962923,
        0.18052198737859726,
        0.0992334708571434,
        0.14202681742608547,
        0.13624245673418045,
        0.12730746436864138,
        0.12379401922225952,
        0.15465494245290756,
        0.09302373975515366,
        0.12669423781335354,
        0.21276335418224335,
        0.20359576493501663
    ],
    "train_acc": [
        0.4230769230769231,
        0.47115384615384615,
        0.5288461538461539,
        0.5769230769230769,
        0.6538461538461539,
        0.6442307692307693,
        0.5961538461538461,
        0.6923076923076923,
        0.5384615384615384,
        0.7307692307692307,
        0.7307692307692307,
        0.7596153846153846,
        0.5288461538461539,
        0.7884615384615384,
        0.7307692307692307,
        0.7596153846153846,
        0.7980769230769231,
        0.6826923076923077,
        0.7884615384615384,
        0.8653846153846154,
        0.8461538461538461,
        0.8461538461538461,
        0.8461538461538461,
        0.8173076923076923,
        0.875,
        0.7211538461538461,
        0.8653846153846154,
        0.8653846153846154,
        0.6346153846153846,
        0.8365384615384616,
        0.8365384615384616,
        0.7980769230769231,
        0.7884615384615384,
        0.7115384615384616,
        0.7692307692307693,
        0.9230769230769231,
        0.9326923076923077,
        0.9134615384615384,
        0.8942307692307693,
        0.875,
        0.7307692307692307,
        0.9134615384615384,
        0.9134615384615384,
        0.9134615384615384,
        0.9038461538461539,
        0.9134615384615384,
        0.75,
        0.9326923076923077,
        0.8653846153846154,
        0.7403846153846154,
        0.875,
        0.9038461538461539
    ],
    "train_f1": [
        0.34256499374901467,
        0.36687370600414076,
        0.41391973676479227,
        0.4398805499211178,
        0.5752616229198834,
        0.5597418933267989,
        0.47629806840333155,
        0.5950623650369034,
        0.4072904244690108,
        0.6404320987654321,
        0.6908450431618472,
        0.6935575942915393,
        0.3767923133776792,
        0.7351981351981353,
        0.665918193955577,
        0.730669265756985,
        0.7179782175180242,
        0.6475636167605364,
        0.7010016127663187,
        0.8144951855847217,
        0.7873307110630495,
        0.806041450030372,
        0.7595655806182121,
        0.7780100658149438,
        0.8603947502360568,
        0.6894405035228065,
        0.8571057573215071,
        0.8292490275462412,
        0.5380519783035506,
        0.7836607190130778,
        0.7736150770988006,
        0.7309069531291753,
        0.7721088435374149,
        0.6297613619091047,
        0.6793388634700989,
        0.8993650793650794,
        0.9122276956759715,
        0.8894714587737843,
        0.8838973744634121,
        0.8506797864946573,
        0.6827518886342415,
        0.8788346769073431,
        0.8849189058339384,
        0.8650917200429387,
        0.9024809377489472,
        0.8642729819200407,
        0.7350213128729752,
        0.9260420294903055,
        0.8418631792125768,
        0.7048593350383632,
        0.8595489781536294,
        0.8417508417508417
    ],
    "val_loss": [
        0.5012514591217041,
        0.5094802379608154,
        0.44181033968925476,
        0.38442203402519226,
        0.36160728335380554,
        0.3504950702190399,
        0.3480394184589386,
        0.32111507654190063,
        0.28943848609924316,
        0.23955577611923218,
        0.256933331489563,
        0.2619595527648926,
        0.31273940205574036,
        0.3091016113758087,
        0.28982964158058167,
        0.2693711817264557,
        0.36308497190475464,
        0.37504974007606506,
        0.3272029757499695,
        0.2621344029903412,
        0.27098631858825684,
        0.2534710168838501,
        0.25098222494125366,
        0.2640938460826874,
        0.2593879997730255,
        0.2706749439239502,
        0.2558309733867645,
        0.22654582560062408,
        0.2257840484380722,
        0.20355723798274994,
        0.1850285530090332,
        0.16686399281024933,
        0.15660183131694794,
        0.16670402884483337,
        0.17793995141983032,
        0.18791410326957703,
        0.19225169718265533,
        0.18768368661403656,
        0.2023865431547165,
        0.21310624480247498,
        0.21130160987377167,
        0.2214665412902832,
        0.21381010115146637,
        0.2003684937953949,
        0.17584964632987976,
        0.1663820743560791,
        0.19175726175308228,
        0.24413473904132843,
        0.24224132299423218,
        0.226551815867424,
        0.19976724684238434,
        0.2067158967256546
    ],
    "val_acc": [
        0.32,
        0.36,
        0.48,
        0.68,
        0.64,
        0.72,
        0.6,
        0.64,
        0.76,
        0.72,
        0.8,
        0.8,
        0.68,
        0.72,
        0.64,
        0.64,
        0.68,
        0.64,
        0.6,
        0.56,
        0.64,
        0.68,
        0.68,
        0.76,
        0.76,
        0.8,
        0.76,
        0.8,
        0.8,
        0.84,
        0.84,
        0.88,
        0.88,
        0.8,
        0.8,
        0.76,
        0.72,
        0.72,
        0.76,
        0.76,
        0.76,
        0.76,
        0.8,
        0.84,
        0.84,
        0.8,
        0.8,
        0.76,
        0.68,
        0.72,
        0.84,
        0.76
    ],