{
    "train_loss": [
        0.3954832968967302,
        0.37977742669837816,
        0.37786683599863735,
        0.4398005838905062,
        0.29171695028032574,
        0.19303209600704058,
        0.25777451374701094,
        0.28004103366817745,
        0.21148179710975715,
        0.23440521582961082,
        0.21081340153302466,
        0.21723402451191628,
        0.21730295621923038,
        0.18513977846929006,
        0.16084898795400346,
        0.18235269907329762,
        0.17206253404063837,
        0.12479370167212826,
        0.16005573607981205,
        0.17343894871217863,
        0.14526511462671415,
        0.12637554348579474,
        0.1205787334058966,
        0.15134920605591365,
        0.11926025990396738,
        0.10772994134042944,
        0.13289321852581842,
        0.12763414212635585,
        0.14861891684787615,
        0.11977498765502657,
        0.11917892231472901,
        0.08946889585682324,
        0.127690558321774,
        0.13346096075006894,
        0.11731433016913277,
        0.08738394720213753,
        0.1168322501970189,
        0.09613542724400759,
        0.10902653940554176,
        0.10831118774201189,
        0.13147316314280033,
        0.08855691126414708,
        0.10790500191173383,
        0.09790811155523572,
        0.07956731492387396,
        0.08179664292505809,
        0.08627995649086577,
        0.06988999626732298,
        0.08845298391367708,
        0.07319178059697151,
        0.08991099348557847,
        0.09807769022881985,
        0.06803916447928973,
        0.07832556829920836,
        0.06425167766532727,
        0.08807033499968904,
        0.08034829795360565,
        0.06843408622911998,
        0.08261159441566893,
        0.0585732710148607,
        0.07374625546591622,
        0.07759464658530695,
        0.04836151795461774,
        0.06858214549720287,
        0.05872348030763013
    ],
    "train_acc": [
        0.13258426966292136,
        0.12022471910112359,
        0.1393258426966292,
        0.15393258426966291,
        0.17865168539325843,
        0.1853932584269663,
        0.19887640449438201,
        0.24719101123595505,
        0.2808988764044944,
        0.3595505617977528,
        0.31348314606741573,
        0.3752808988764045,
        0.3808988764044944,
        0.41235955056179774,
        0.3685393258426966,
        0.38202247191011235,
        0.398876404494382,
        0.4898876404494382,
        0.43820224719101125,
        0.4910112359550562,
        0.49887640449438203,
        0.5595505617977528,
        0.5415730337078651,
        0.5235955056179775,
        0.6056179775280899,
        0.5337078651685393,
        0.596629213483146,
        0.46179775280898877,
        0.4651685393258427,
        0.5820224719101124,
        0.6370786516853932,
        0.6415730337078651,
        0.6404494382022472,
        0.5359550561797752,
        0.6494382022471911,
        0.5393258426966292,
        0.5887640449438202,
        0.5842696629213483,
        0.6741573033707865,
        0.6438202247191012,
        0.6449438202247191,
        0.651685393258427,
        0.6719101123595506,
        0.6056179775280899,
        0.7,
        0.7224719101123596,
        0.6426966292134831,
        0.6112359550561798,
        0.6359550561797753,
        0.6269662921348315,
        0.6966292134831461,
        0.5932584269662922,
        0.698876404494382,
        0.7191011235955056,
        0.648314606741573,
        0.6932584269662921,
        0.7067415730337079,
        0.7134831460674157,
        0.6674157303370787,
        0.6966292134831461,
        0.7539325842696629,
        0.701123595505618,
        0.6752808988764045,
        0.7640449438202247,
        0.5752808988764045
    ],
    "train_f1": [
        0.09413295424950963,
        0.08339241940358456,
        0.09764112440726011,
        0.11017703178759586,
        0.13183772926695153,
        0.14207322039746506,
        0.1513816627920893,
        0.20195573963501745,
        0.20649518538547423,
        0.2625022140102873,
        0.23070616347600817,
        0.2718063319435215,
        0.2900991925252744,
        0.3075935406352942,
        0.2908506909868694,
        0.284758691685149,
        0.31178210191637823,
        0.38468420249723895,
        0.3256217163410772,
        0.39747706023536883,
        0.4085603191314713,
        0.43506560844218567,
        0.4354440495372249,
        0.4238698630272355,
        0.499805370692265,
        0.4143664325601957,
        0.4827090606532782,
        0.370791615935254,
        0.3753968316160438,
        0.49197944470033456,
        0.5149863204912755,
        0.530934966380145,
        0.534902626170652,
        0.471286407089645,
        0.5386930158097398,
        0.47049732385047016,
        0.47689888970595906,
        0.4622030968330821,
        0.5684067461713519,
        0.5701286840716749,
        0.5454334581693726,
        0.5455358379059505,
        0.5751536260990386,
        0.5000326270922019,
        0.5996562998522932,
        0.6149956270220902,
        0.5464421891138146,
        0.523044064254504,
        0.5559839795285704,
        0.5417044646027613,
        0.6271872368790931,
        0.5280394137005704,
        0.6326800585585637,
        0.625499903513149,
        0.5551883626057399,
        0.6170407063268795,
        0.6244235079830422,
        0.6589068524858175,
        0.5687956583765259,
        0.6133474779740316,
        0.6873000056448555,
        0.6173641738611058,
        0.6188633367886793,
        0.6660540348966325,
        0.4594088069855728
    ],
    "val_loss": [
        0.3457875344902277,
        0.35080803371965885,
        0.32832438684999943,
        0.2858602721244097,
        0.26332636177539825,
        0.24973705783486366,
        0.24395521264523268,
        0.22368749603629112,
        0.20342091470956802,
        0.18650263361632824,
        0.17682380974292755,
        0.1832793578505516,
        0.17626060545444489,
        0.1752615636214614,
        0.16638576239347458,
        0.1543102841824293,
        0.152934230864048,
        0.14835933409631252,
        0.14177941717207432,
        0.144368102774024,
        0.15200132224708796,
        0.14853231888264418,
        0.15362699702382088,
        0.13106967601925135,
        0.1284636501222849,
        0.135224680416286,
        0.12997542135417461,
        0.13912552036345005,
        0.13524474948644638,
        0.12607704102993011,
        0.12814577016979456,
        0.12655403558164835,
        0.13857530616223812,
        0.12984684016555548,
        0.13096803054213524,
        0.13526660203933716,
        0.1254860693588853,
        0.12803135719150305,
        0.12071752175688744,
        0.11678047478199005,
        0.1310423519462347,
        0.11149800103157759,
        0.11044985381886363,
        0.12110520154237747,
        0.12842008285224438,
        0.1264190855436027,
        0.11663648160174489,
        0.11869494244456291,
        0.12502909265458584,
        0.12589666433632374,
        0.11283177928999066,
        0.12845399929210544,
        0.11778586730360985,
        0.1234694616869092,
        0.12069621589034796,
        0.1303675677627325,
        0.12411661120131612,
        0.1194288907572627,
        0.11569290980696678,
        0.11376013234257698,
        0.12136713275685906,
        0.11660861782729626,
        0.11819401010870934,
        0.13065753318369389,
        0.1164182536303997
    ],