{
    "train_loss": [
        2.616996261808607,
        2.238303793801202,
        2.1802094247606068,
        2.045257846514384,
        2.0257245037290783,
        1.9279520114262898,
        1.8599412441253662,
        1.8605339129765828,
        1.9035607311460707,
        1.6453559663560655,
        1.7367856634987726,
        1.594114515516493,
        1.5664634042316012,
        1.654380440711975,
        1.5832454628414578,
        1.7022306654188368,
        1.598843773206075,
        1.6009898450639513,
        1.6202935775121052,
        1.5130803320142958
    ],
    "train_acc": [
        0.17894736842105263,
        0.24561403508771928,
        0.2596491228070175,
        0.3333333333333333,
        0.256140350877193,
        0.24210526315789474,
        0.3087719298245614,
        0.312280701754386,
        0.3192982456140351,
        0.3894736842105263,
        0.4245614035087719,
        0.38596491228070173,
        0.3894736842105263,
        0.42105263157894735,
        0.3298245614035088,
        0.4105263157894737,
        0.45964912280701753,
        0.3649122807017544,
        0.3929824561403509,
        0.36140350877192984
    ],
    "val_loss": [
        2.3868415355682373,
        2.2627837657928467,
        2.0958531697591147,
        2.0203680992126465,
        2.033957918485006,
        1.9150280952453613,
        1.8578842878341675,
        1.9609843095143635,
        1.8799583911895752,
        1.8768344322840373,
        1.8579425811767578,
        1.9303473234176636,
        2.088357369105021,
        2.0240737994511924,
        2.143446127573649,
        2.0603938500086465,
        2.281560738881429,
        2.1794650157292685,
        2.1796804666519165,
        2.1524200439453125
    ],
    "val_acc": [
        0.25,
        0.2625,
        0.325,
        0.4125,
        0.425,
        0.425,
        0.425,
        0.3,
        0.3375,
        0.3125,
        0.3,
        0.2875,
        0.25,
        0.25,
        0.2625,
        0.25,
        0.2875,
        0.2875,
        0.2875,
        0.25
    ],
    "val_f1": [
        0.0738401559454191,
        0.0882936507936508,
        0.207487271638215,
        0.2835470085470085,
        0.3294871794871795,
        0.3127647714604236,
        0.2952263718568066,
        0.22754954024303872,
        0.2583951219031864,
        0.22980699855699857,
        0.2322859058153176,
        0.21198333780107906,
        0.1885660990520326,
        0.19021300287284945,
        0.19673416414229447,
        0.21377364583886327,
        0.25848475355054307,
        0.264072722083558,
        0.2500933924463336,
        0.18930945403187224
    ]
}