{
    "train_loss": [
        1.962822288274765,
        2.091295674443245,
        1.9827067852020264,
        1.943204939365387,
        1.886603683233261,
        1.956993281841278,
        1.8747865557670593,
        1.6437027752399445,
        1.7279323637485504,
        1.65194670855999,
        1.6419899463653564,
        1.5861008167266846,
        1.6798963248729706,
        1.55400712788105,
        1.4642304629087448,
        1.4417597502470016,
        1.3508864343166351,
        1.364155262708664,
        1.3105084747076035,
        1.3983206748962402,
        1.4474023580551147,
        1.3111591637134552,
        1.3465843945741653,
        1.3500304967164993,
        1.2394863218069077,
        1.3462751284241676,
        1.246046930551529,
        1.2243335247039795,
        1.0894347205758095,
        1.2583366110920906,
        1.2919052988290787,
        1.2245865166187286,
        1.2778449803590775,
        1.1353756859898567,
        1.1858527064323425,
        1.2164809852838516,
        1.2623305544257164,
        1.1795752793550491,
        1.2218080908060074,
        1.14101230353117,
        1.1218060404062271,
        1.0936614647507668,
        1.1344208493828773,
        1.0117499455809593,
        1.1415163278579712,
        1.0756479054689407,
        1.1373199969530106
    ],
    "train_acc": [
        0.08333333333333333,
        0.05701754385964912,
        0.09210526315789473,
        0.10526315789473684,
        0.09649122807017543,
        0.09210526315789473,
        0.13157894736842105,
        0.11842105263157894,
        0.11842105263157894,
        0.12719298245614036,
        0.13157894736842105,
        0.19736842105263158,
        0.17105263157894737,
        0.2324561403508772,
        0.2149122807017544,
        0.24561403508771928,
        0.2982456140350877,
        0.2543859649122807,
        0.2412280701754386,
        0.2675438596491228,
        0.2675438596491228,
        0.2719298245614035,
        0.29385964912280704,
        0.37280701754385964,
        0.2894736842105263,
        0.2850877192982456,
        0.2719298245614035,
        0.3508771929824561,
        0.39035087719298245,
        0.32894736842105265,
        0.33771929824561403,
        0.32894736842105265,
        0.27631578947368424,
        0.3508771929824561,
        0.3026315789473684,
        0.3815789473684211,
        0.3815789473684211,
        0.3684210526315789,
        0.23684210526315788,
        0.37280701754385964,
        0.37280701754385964,
        0.29385964912280704,
        0.2412280701754386,
        0.36403508771929827,
        0.39473684210526316,
        0.37280701754385964,
        0.32456140350877194
    ],
    "train_f1": [
        0.0657665631096554,
        0.035333815424220476,
        0.06897949432720608,
        0.07982799609185308,
        0.07174475986975987,
        0.050056975426066984,
        0.06366110295674865,
        0.06591715078947286,
        0.08112279732353947,
        0.08887628575128576,
        0.08929260046250893,
        0.12208425753781078,
        0.10286702598307333,
        0.14093964115314486,
        0.13492055891290117,
        0.16518164938024468,
        0.21145662287903666,
        0.1713725251984953,
        0.18171039524565546,
        0.18580250390193007,
        0.14182984365161713,
        0.18228543956554688,
        0.20155482289653517,
        0.2568368942307589,
        0.20333806365198562,
        0.20648810449312047,
        0.16412524605801918,
        0.27285699394886415,
        0.2994620855146999,
        0.2321125664214477,
        0.2547927062219779,
        0.2403318744022953,
        0.20468671888302983,
        0.2853253187683012,
        0.21883333300089847,
        0.27223694899979606,
        0.29208922731927944,
        0.25835777506135615,
        0.15889053992685165,
        0.2808330575042493,
        0.28193374407714883,
        0.20610570154096286,
        0.17931045375329002,
        0.2637477695726972,
        0.29751798216564135,
        0.27727113466808545,
        0.2328395732613915
    ],
    "val_loss": [
        1.7400878071784973,
        1.8170732855796814,
        1.791172742843628,
        1.7500293254852295,
        1.650615632534027,
        1.585274338722229,
        1.5678325295448303,
        1.5577327609062195,
        1.5538684725761414,
        1.5392876267433167,
        1.4644822478294373,
        1.3569042682647705,
        1.4257349967956543,
        1.3908847570419312,
        1.3882895708084106,
        1.3653043508529663,
        1.3478681445121765,
        1.3337182998657227,
        1.3367571830749512,
        1.268421471118927,
        1.3223929405212402,
        1.3335745930671692,
        1.2189630270004272,
        1.2164348363876343,
        1.2042763233184814,
        1.1955455541610718,
        1.1769397258758545,
        1.159338355064392,
        1.1726186871528625,
        1.1741802096366882,
        1.1851927042007446,
        1.1213388442993164,
        1.2248579263687134,
        1.4477746486663818,
        1.3883079290390015,
        1.2416449785232544,
        1.2442656755447388,
        1.283141314983368,
        1.1793590784072876,
        1.0649389326572418,
        1.0718023478984833,
        1.0691871643066406,
        1.0567625761032104,
        1.1231126189231873,
        1.0872578620910645,
        1.0734227895736694,
        0.9379637241363525
    ],
    "val_acc": [
        0.0,
        0.017543859649122806,
        0.017543859649122806,
        0.07017543859649122,
        0.14035087719298245,
        0.15789473684210525,
        0.12280701754385964,
        0.17543859649122806,
        0.24561403508771928,
        0.2631578947368421,
        0.3157894736842105,
        0.2982456140350877,
        0.3157894736842105,
        0.3157894736842105,
        0.2631578947368421,
        0.2807017543859649,
        0.24561403508771928,
        0.2807017543859649,
        0.24561403508771928,
        0.2807017543859649,
        0.22807017543859648,
        0.2631578947368421,
        0.3333333333333333,
        0.3157894736842105,
        0.3333333333333333,
        0.3157894736842105,
        0.38596491228070173,
        0.3684210526315789,
        0.3684210526315789,
        0.3157894736842105,
        0.2807017543859649,
        0.3157894736842105,
        0.22807017543859648,
        0.17543859649122806,
        0.22807017543859648,
        0.2631578947368421,
        0.24561403508771928,
        0.21052631578947367,
        0.24561403508771928,
        0.2982456140350877,
        0.3157894736842105,
        0.2982456140350877,
        0.3508771929824561,
        0.3157894736842105,
        0.3508771929824561,
        0.3333333333333333,
        0.3508771929824561
    ],