{
  "dynamic": {
    "mean": [
      41.28424368439865
    ],
    "std": [
      90.64634439183412
    ],
    "num_channels": 1,
    "channel_names": [
      "Band_0"
    ],
    "total_samples": 94759488
  },
  "static": {
    "mean": [
      0.399880036415957
    ],
    "std": [
      0.32252416822464797
    ],
    "num_channels": 1,
    "channel_names": [
      "Band_0"
    ],
    "total_samples": 471345270
  }
}