{
    "train_loss": [
        13511326.11764706,
        13044386.05882353,
        13258208.5,
        12699511.176470589,
        12695412.235294119,
        12675512.529411765,
        12213556.05882353,
        11785779.529411765,
        11285664.38235294,
        10937920.705882354,
        11608649.44117647,
        11103834.911764706,
        10633407.794117646,
        10230841.970588235,
        10264905.205882354,
        9765261.970588235,
        9252520.735294119,
        9477160.647058824,
        9056112.352941176,
        9136890.235294119,
        8958122.588235294,
        8325153.176470588,
        8203606.970588235,
        8309404.05882353,
        8457070.176470589,
        8125374.147058823,
        7575355.529411765,
        7587570.264705882,
        7995788.75,
        7217236.55882353,
        7714197.05882353,
        7478430.602941177,
        7499971.970588235,
        6742708.367647059
    ],
    "train_acc": [
        0.08088235294117647,
        0.05514705882352941,
        0.11029411764705882,
        0.10294117647058823,
        0.08455882352941177,
        0.08088235294117647,
        0.11397058823529412,
        0.10294117647058823,
        0.13970588235294118,
        0.13970588235294118,
        0.1213235294117647,
        0.11397058823529412,
        0.1323529411764706,
        0.16544117647058823,
        0.16176470588235295,
        0.19852941176470587,
        0.25735294117647056,
        0.22058823529411764,
        0.27205882352941174,
        0.24632352941176472,
        0.29044117647058826,
        0.29044117647058826,
        0.33455882352941174,
        0.33088235294117646,
        0.2867647058823529,
        0.2977941176470588,
        0.39338235294117646,
        0.36764705882352944,
        0.3272058823529412,
        0.3602941176470588,
        0.33088235294117646,
        0.3639705882352941,
        0.3088235294117647,
        0.39705882352941174
    ],
    "val_loss": [
        12362815.6,
        12600782.2,
        12492529.6,
        12202094.4,
        11899793.0,
        11201891.2,
        10978994.4,
        10656196.6,
        10239306.6,
        10521577.8,
        10341285.2,
        9495392.6,
        9234006.2,
        9131625.8,
        8962180.5,
        8846339.4,
        8855793.6,
        8515777.1,
        8186612.0,
        7891881.3,
        7886937.5,
        7647443.8,
        7316454.5,
        7289263.8,
        7168915.8,
        6964472.2,
        7102306.6,
        7038134.1,
        6771823.2,
        6726880.4,
        6808726.2,
        6866165.2,
        6699150.2,
        6557266.5
    ],
    "val_acc": [
        0.025,
        0.0375,
        0.05,
        0.1125,
        0.1125,
        0.125,
        0.1,
        0.175,
        0.1625,
        0.175,
        0.3,
        0.4,
        0.3125,
        0.4,
        0.3,
        0.3125,
        0.3125,
        0.35,
        0.3625,
        0.35,
        0.375,
        0.3875,
        0.3875,
        0.3625,
        0.3875,
        0.4125,
        0.4,
        0.375,
        0.425,
        0.425,
        0.4125,
        0.375,
        0.4125,
        0.4125
    ],
    "val_f1": [
        0.015756302521008403,
        0.032407407407407406,
        0.043270455035160915,
        0.0983923483923484,
        0.09213864838864838,
        0.10021434462223937,
        0.08154607067650545,
        0.1524221830800778,
        0.1265873015873016,
        0.15583017605328817,
        0.1873553077357425,
        0.2668381155881156,
        0.16293706293706292,
        0.29505170755170756,
        0.18294853294853294,
        0.17192400192400192,
        0.1623102139406487,
        0.20311166820600782,
        0.2186365346742705,
        0.18495670995670996,
        0.2069023569023569,
        0.2206330219488114,
        0.22407592407592405,
        0.19871269081795398,
        0.19577067669172932,
        0.2375788563288563,
        0.23215363068304243,
        0.20937118437118438,
        0.2530854766148884,
        0.2538655757856646,
        0.24557572057572055,
        0.21764277389277387,
        0.23914689923461852,
        0.23691077441077438
    ]
}