{
    "train_loss": [
        0.630502313375473,
        0.5335506498813629,
        0.4557458758354187,
        0.5488475859165192,
        0.7662115693092346,
        0.5042411386966705,
        0.3754784017801285,
        0.5750373899936676,
        0.49977441132068634,
        0.5399070531129837,
        0.2984679788351059,
        0.38881663978099823,
        0.5223619192838669,
        0.4322507977485657,
        0.454871729016304,
        0.2403707355260849,
        0.38202447444200516,
        0.42074936628341675,
        0.3487073630094528,
        0.36696572601795197,
        0.3476482480764389,
        0.4077872931957245,
        0.32086099684238434,
        0.23041630536317825,
        0.23775066435337067,
        0.3039492964744568,
        0.3154609650373459,
        0.2793339788913727,
        0.22196625173091888,
        0.2940060421824455,
        0.33080656826496124,
        0.3365672528743744,
        0.3163416460156441,
        0.5541014224290848,
        0.26407333463430405,
        0.17700085043907166,
        0.4121885225176811,
        0.28398583829402924,
        0.3788274824619293,
        0.30773574113845825,
        0.2103913128376007,
        0.32378923892974854,
        0.32589517533779144,
        0.24680908769369125,
        0.2189599871635437,
        0.3022596016526222,
        0.2866276502609253,
        0.31438613682985306
    ],
    "train_acc": [
        0.39473684210526316,
        0.5,
        0.631578947368421,
        0.5,
        0.39473684210526316,
        0.5263157894736842,
        0.5526315789473685,
        0.3684210526315789,
        0.631578947368421,
        0.6578947368421053,
        0.631578947368421,
        0.6578947368421053,
        0.631578947368421,
        0.6578947368421053,
        0.7368421052631579,
        0.7894736842105263,
        0.3684210526315789,
        0.47368421052631576,
        0.6578947368421053,
        0.6052631578947368,
        0.6578947368421053,
        0.7105263157894737,
        0.6578947368421053,
        0.7631578947368421,
        0.7894736842105263,
        0.8157894736842105,
        0.6578947368421053,
        0.7368421052631579,
        0.6842105263157895,
        0.5789473684210527,
        0.6842105263157895,
        0.6578947368421053,
        0.7105263157894737,
        0.6842105263157895,
        0.7368421052631579,
        0.8421052631578947,
        0.7368421052631579,
        0.39473684210526316,
        0.7368421052631579,
        0.7105263157894737,
        0.47368421052631576,
        0.7368421052631579,
        0.7631578947368421,
        0.7368421052631579,
        0.6842105263157895,
        0.8157894736842105,
        0.7105263157894737,
        0.6578947368421053
    ],
    "train_f1": [
        0.2799882110226938,
        0.38484848484848483,
        0.502072395689417,
        0.4911747167561121,
        0.3618469834850017,
        0.43043947921996706,
        0.44627433757868545,
        0.2337048294495103,
        0.6118326118326118,
        0.595679012345679,
        0.5243290043290044,
        0.6024531024531025,
        0.5575757575757576,
        0.6067447045707915,
        0.694949494949495,
        0.7657575757575756,
        0.3051948051948052,
        0.4051689051689052,
        0.6222943722943722,
        0.5947920348768706,
        0.6242424242424242,
        0.6717948717948717,
        0.629041248606466,
        0.7410692288741069,
        0.7639182522903454,
        0.8294530672579453,
        0.6219750589821369,
        0.7212121212121213,
        0.6691086691086691,
        0.5296365784170662,
        0.6275362318840579,
        0.6756335282651073,
        0.7163159837578442,
        0.6509605662285137,
        0.730952380952381,
        0.8457132298595713,
        0.7181113460183228,
        0.3269230769230769,
        0.7111111111111111,
        0.708548903670855,
        0.3952516619183286,
        0.6553401431450212,
        0.7515151515151516,
        0.7331311088641727,
        0.6445182724252492,
        0.766795865633075,
        0.7041456016177957,
        0.6127722406792174
    ],
    "val_loss": [
        0.42692118883132935,
        0.4775397479534149,
        0.43706414103507996,
        0.42399707436561584,
        0.3951260447502136,
        0.3749872148036957,
        0.36893731355667114,
        0.33030831813812256,
        0.30414581298828125,
        0.30131375789642334,
        0.3644741475582123,
        0.44226136803627014,
        0.4418443739414215,
        0.4175911843776703,
        0.3708595931529999,
        0.40163642168045044,
        0.37294867634773254,
        0.3371262550354004,
        0.3206164836883545,
        0.32642796635627747,
        0.33569616079330444,
        0.35324427485466003,
        0.3048969805240631,
        0.29370734095573425,
        0.3113914132118225,
        0.3140200078487396,
        0.34615790843963623,
        0.3147542178630829,
        0.2853409945964813,
        0.2709770202636719,
        0.26506295800209045,
        0.2593827545642853,
        0.2705324590206146,
        0.2943931818008423,
        0.2946968674659729,
        0.3292500078678131,
        0.3349277079105377,
        0.3556286692619324,
        0.37882357835769653,
        0.36934009194374084,
        0.3789132833480835,
        0.3846437931060791,
        0.38015711307525635,
        0.39594265818595886,
        0.39819419384002686,
        0.39696773886680603,
        0.3878239095211029,
        0.3947102725505829
    ],
    "val_acc": [
        0.6,
        0.3,
        0.6,
        0.6,
        0.7,
        0.7,
        0.7,
        0.7,
        0.7,
        0.7,
        0.5,
        0.4,
        0.4,
        0.5,
        0.5,
        0.5,
        0.5,
        0.5,
        0.5,
        0.6,
        0.5,
        0.5,
        0.6,
        0.7,
        0.7,
        0.7,
        0.8,
        0.9,
        0.8,
        0.9,
        0.8,
        0.8,
        0.8,
        0.8,
        0.7,
        0.7,
        0.7,
        0.7,
        0.7,
        0.7,
        0.7,
        0.7,
        0.7,
        0.7,
        0.7,
        0.7,
        0.7,
        0.6
    ],
    "val_f1": [
        0.45,
        0.21645021645021645,
        0.4329004329004329,
        0.4444444444444444,
        0.5230769230769231,
        0.5,
        0.49350649350649345,
        0.49350649350649345,
        0.49350649350649345,
        0.49350649350649345,
        0.3376623376623377,
        0.3148148148148148,
        0.3,
        0.3703703703703704,
        0.3703703703703704,
        0.3376623376623377,
        0.3376623376623377,
        0.3376623376623377,
        0.3376623376623377,
        0.43333333333333335,
        0.3376623376623377,
        0.3376623376623377,
        0.47863247863247865,
        0.5897435897435898,
        0.5897435897435898,
        0.5897435897435898,
        0.7777777777777778,
        0.903030303030303,
        0.7777777777777778,
        0.903030303030303,
        0.7777777777777778,
        0.7777777777777778,
        0.7777777777777778,
        0.7777777777777778,
        0.5897435897435898,
        0.5897435897435898,
        0.5897435897435898,
        0.5897435897435898,
        0.5897435897435898,
        0.5897435897435898,
        0.5897435897435898,
        0.5897435897435898,
        0.5897435897435898,
        0.5897435897435898,
        0.5897435897435898,
        0.5897435897435898,
        0.5897435897435898,
        0.47863247863247865
    ]
}