{
  "architecture": "DualStreamSpatio_TemporalFusionNetwork",
  "summary": {
    "model_name": "DualStreamSpatio_TemporalFusionNetwork",
    "total_parameters": 174497,
    "trainable_parameters": 174497,
    "configuration": {
      "in_channels_dynamic": 1,
      "in_channels_static": 1,
      "num_classes": 32,
      "patch_size": 64,
      "temporal_steps": 12,
      "hidden_dim": 64,
      "fusion_dim": 128
    }
  },
  "configuration": {
    "in_channels_dynamic": 1,
    "in_channels_static": 1,
    "num_classes": 32,
    "patch_size": 64,
    "temporal_steps": 12,
    "hidden_dim": 64,
    "fusion_dim": 128,
    "dropout": 0.2
  },
  "device": "cuda",
  "attention_weights": {
    "months": [
      "January",
      "February",
      "March",
      "April",
      "May",
      "June",
      "July",
      "August",
      "September",
      "October",
      "November",
      "December"
    ],
    "average_weights": [
      0.06204928457736969,
      0.10312015563249588,
      0.07731200754642487,
      0.04817181080579758,
      0.13246601819992065,
      0.0731799304485321,
      0.07044527679681778,
      0.0745040699839592,
      0.06423111259937286,
      0.1048349142074585,
      0.12259455770254135,
      0.06709083914756775
    ]
  }
}