{
  "dynamic": {
    "mean": [
      36.70946401123012
    ],
    "std": [
      91.59955946959151
    ],
    "num_channels": 1,
    "channel_names": [
      "Band_0"
    ],
    "total_samples": 76134895
  },
  "static": {
    "mean": [
      181.27383424217723
    ],
    "std": [
      120.09227463048214
    ],
    "num_channels": 1,
    "channel_names": [
      "Band_0"
    ],
    "total_samples": 471345270
  }
}