{
    "train_loss": [
        0.3566678592136928,
        0.38011921889015604,
        0.42539504915475845,
        0.36910117311137064,
        0.3382308041410787,
        0.290172742413623,
        0.28090238305074827,
        0.24004308081098966,
        0.24687196633645467,
        0.2311386415468795,
        0.21117562428116798,
        0.19252084461706026,
        0.19861488549837045,
        0.20904421407197202,
        0.1652292234024831,
        0.19214830760444915,
        0.16186852779771602,
        0.15097229116197144,
        0.18605575018695422,
        0.1608915805284466,
        0.16867431093539512,
        0.14957233890891075,
        0.14356611961764948,
        0.15224396836544787,
        0.1538592427968979,
        0.14591177685984544,
        0.14474166078226908,
        0.10077736460204635,
        0.11876345864896264,
        0.14039272575506143,
        0.15944711518074786,
        0.12536033389291593,
        0.09458329927708421,
        0.12941154704562255,
        0.11137081809075815,
        0.11367896292358637,
        0.10362793145967382,
        0.1249210781284741,
        0.1348315422822322,
        0.10069292065288339,
        0.1334468818136624,
        0.10475331438439232,
        0.10957347215818507,
        0.1024197330698371,
        0.11002069019845553,
        0.09182856883853674,
        0.08728676768285888,
        0.08361316578728813,
        0.08692125124590737,
        0.10817832087299653,
        0.09913938612278018,
        0.0948433732347829,
        0.08622666255437902,
        0.12028934048222643,
        0.07849269107516323,
        0.08467471719320331,
        0.08711630618199706,
        0.07756393083504268,
        0.05220915669841426,
        0.11189921865505832,
        0.06706932366692595,
        0.10706929390185646,
        0.06680969774190869,
        0.07018237348113741,
        0.06899451384586948,
        0.07512996571936778,
        0.07049036232222404,
        0.06636120711586305,
        0.08881502984357732,
        0.05938249793169754,
        0.08732314427782382,
        0.10389260980965835,
        0.057616461401007006,
        0.06005199958703348,
        0.06374307196321231,
        0.0800034904054233,
        0.08177345485559531,
        0.06002058594354561,
        0.05079300355698381,
        0.08280565549752542,
        0.04508921477411475,
        0.06223850667343608
    ],
    "train_acc": [
        0.13160854893138357,
        0.12823397075365578,
        0.12710911136107986,
        0.16310461192350956,
        0.18335208098987626,
        0.21934758155230596,
        0.2407199100112486,
        0.25534308211473566,
        0.3172103487064117,
        0.37570303712035996,
        0.3678290213723285,
        0.3858267716535433,
        0.374578177727784,
        0.437570303712036,
        0.46569178852643417,
        0.4881889763779528,
        0.4499437570303712,
        0.5140607424071991,
        0.5084364454443194,
        0.5433070866141733,
        0.5073115860517435,
        0.5826771653543307,
        0.578177727784027,
        0.578177727784027,
        0.5860517435320585,
        0.5219347581552306,
        0.5883014623172104,
        0.5534308211473565,
        0.6119235095613048,
        0.5556805399325084,
        0.6051743532058492,
        0.6692913385826772,
        0.547806524184477,
        0.5748031496062992,
        0.6591676040494938,
        0.578177727784027,
        0.6839145106861643,
        0.608548931383577,
        0.5511811023622047,
        0.5973003374578177,
        0.6344206974128234,
        0.6389201349831272,
        0.6591676040494938,
        0.6175478065241845,
        0.6749156355455568,
        0.6130483689538808,
        0.6006749156355455,
        0.6771653543307087,
        0.6749156355455568,
        0.6569178852643419,
        0.6625421822272216,
        0.6062992125984252,
        0.6749156355455568,
        0.6175478065241845,
        0.6625421822272216,
        0.6872890888638921,
        0.6659167604049494,
        0.6445444319460067,
        0.6996625421822272,
        0.6749156355455568,
        0.7131608548931384,
        0.6962879640044994,
        0.5826771653543307,
        0.6872890888638921,
        0.5860517435320585,
        0.6501687289088864,
        0.6805399325084365,
        0.7221597300337458,
        0.7446569178852643,
        0.6895388076490439,
        0.6951631046119235,
        0.6917885264341957,
        0.7142857142857143,
        0.7637795275590551,
        0.6929133858267716,
        0.7154105736782902,
        0.6839145106861643,
        0.7739032620922385,
        0.8042744656917885,
        0.7930258717660292,
        0.7086614173228346,
        0.7727784026996626
    ],
    "train_f1": [
        0.0931149112895078,
        0.08896334316813961,
        0.08748387134333648,
        0.12823800607651414,
        0.1298265707023823,
        0.17640309476938842,
        0.21263859637025936,
        0.1968305626579792,
        0.24175354715058417,
        0.30189882603156526,
        0.27892608980390754,
        0.302193365695095,
        0.27706058678414036,
        0.3570246199355225,
        0.3713873831033715,
        0.3924496259636493,
        0.3584491346257878,
        0.42128625267916436,
        0.41669295653055144,
        0.45467931013629204,
        0.40650624910139743,
        0.5046572385709698,
        0.47426976371497176,
        0.4397313030115065,
        0.4882253804805941,
        0.41680278537223,
        0.4852640837277713,
        0.5240288318644083,
        0.5025372954906295,
        0.4374011881260584,
        0.5090801487385382,
        0.5793864988886084,
        0.4544665355331119,
        0.49336908410138947,
        0.5679579657391172,
        0.503369465967552,
        0.6252562836295047,
        0.5488822395208457,
        0.4663975919405158,
        0.5290804095994873,
        0.5503609643221535,
        0.5382329141792113,
        0.5496790596675353,
        0.5551122557018555,
        0.6058300988597805,
        0.5492777813452536,
        0.5108640731147182,
        0.5874865884072721,
        0.6138736692261892,
        0.607040035874649,
        0.5886258701787075,
        0.5139724894871556,
        0.611441017905631,
        0.5042339616919441,
        0.5741651298101371,
        0.60476429699906,
        0.5844837695152759,
        0.5760590826718537,
        0.6325803734846106,
        0.5982915063620902,
        0.6631373918521811,
        0.6352184798304596,
        0.523919253727617,
        0.6112024288000916,
        0.48014884289670856,
        0.5937485618354545,
        0.5916759387494149,
        0.6456807676395013,
        0.6287257674710616,
        0.6487017353198266,
        0.620579881255932,
        0.6356032064980623,
        0.6410575297246354,
        0.700723109343052,
        0.6353095090915973,
        0.6945929839476642,
        0.6084849389808998,
        0.6982250097544229,
        0.748243127681572,
        0.7409936419684937,
        0.6382359083217497,
        0.7070371770611511
    ],