{
    "train_loss": [
        1.5195644617080688,
        1.3593063473701477,
        0.9488463163375854,
        0.9074752688407898,
        0.7676155090332031,
        0.7542059540748596,
        0.8032713234424591,
        0.6550898432731629,
        0.6239752829074859,
        0.6995984792709351,
        0.6544803619384766,
        0.6430136442184449,
        0.7216077446937561,
        0.8001711010932923,
        0.49157902002334597,
        0.603715318441391,
        0.5153635382652283,
        0.41860890984535215,
        0.535151731967926,
        0.43119553923606874,
        0.4311175584793091,
        0.4017596960067749,
        0.4151594817638397,
        0.3706513851881027,
        0.3457724809646606,
        0.5119031608104706,
        0.39201963543891905,
        0.3734188675880432,
        0.4414465129375458,
        0.45058280825614927,
        0.39542207717895506,
        0.33168858885765073,
        0.4348879843950272,
        0.3645428240299225,
        0.3047186374664307,
        0.47437483817338943,
        0.33972429633140566,
        0.3065610587596893,
        0.3658090174198151
    ],
    "train_acc": [
        0.2375,
        0.31875,
        0.39375,
        0.36875,
        0.50625,
        0.475,
        0.5125,
        0.54375,
        0.625,
        0.575,
        0.6,
        0.45,
        0.5625,
        0.48125,
        0.6875,
        0.43125,
        0.66875,
        0.58125,
        0.56875,
        0.6625,
        0.6625,
        0.6375,
        0.6875,
        0.58125,
        0.7375,
        0.6,
        0.58125,
        0.75,
        0.5875,
        0.6375,
        0.6875,
        0.6375,
        0.75625,
        0.70625,
        0.6375,
        0.74375,
        0.63125,
        0.7625,
        0.6375
    ],
    "val_loss": [
        1.4303900003433228,
        1.0807746946811676,
        1.0563698709011078,
        0.9920702278614044,
        0.9569293856620789,
        0.938315361738205,
        0.9716832041740417,
        0.9915716648101807,
        0.9955654144287109,
        1.0049935579299927,
        0.9773175716400146,
        0.9765648245811462,
        0.9445053935050964,
        0.9653539657592773,
        0.928746223449707,
        0.8540895581245422,
        0.8428210020065308,
        0.9001919627189636,
        0.9464710354804993,
        0.894612193107605,
        0.8575446307659149,
        0.8211736381053925,
        0.8095215559005737,
        0.8172106146812439,
        0.8032702803611755,
        0.7957592606544495,
        0.8004055023193359,
        0.7945303618907928,
        0.8061119019985199,
        0.8012843430042267,
        0.8063817024230957,
        0.8026348948478699,
        0.8130460977554321,
        0.786051332950592,
        0.8083620667457581,
        0.7782962322235107,
        0.7558207213878632,
        0.7819818556308746,
        0.7759690880775452
    ],
    "val_acc": [
        0.18518518518518517,
        0.35185185185185186,
        0.3888888888888889,
        0.4444444444444444,
        0.48148148148148145,
        0.5,
        0.5,
        0.46296296296296297,
        0.48148148148148145,
        0.5,
        0.4444444444444444,
        0.5,
        0.5,
        0.4074074074074074,
        0.5,
        0.5555555555555556,
        0.5740740740740741,
        0.5185185185185185,
        0.5,
        0.5185185185185185,
        0.5740740740740741,
        0.5925925925925926,
        0.6111111111111112,
        0.6111111111111112,
        0.5925925925925926,
        0.5555555555555556,
        0.5740740740740741,
        0.5740740740740741,
        0.5925925925925926,
        0.5740740740740741,
        0.5925925925925926,
        0.5555555555555556,
        0.5740740740740741,
        0.5925925925925926,
        0.5740740740740741,
        0.6111111111111112,
        0.5740740740740741,
        0.5740740740740741,
        0.5925925925925926
    ],
    "val_f1": [
        0.08085827216261998,
        0.1935374149659864,
        0.27227891156462586,
        0.38851540616246494,
        0.31515078697585003,
        0.3315675552517658,
        0.3224152819022346,
        0.2707012629613249,
        0.3138094153131747,
        0.3947617962655557,
        0.3848535028046306,
        0.4312937516204304,
        0.358968850698174,
        0.3039157828890782,
        0.40734126984126984,
        0.45888915837982047,
        0.44385156439485807,
        0.4211219292470808,
        0.39265873015873015,
        0.39875446191235664,
        0.46862604690999204,
        0.46382860836642353,
        0.5034780578898225,
        0.5096077770211153,
        0.49753969431899464,
        0.4759816207184628,
        0.4880952380952381,
        0.4880952380952381,
        0.49509614143760483,
        0.4880952380952381,
        0.4769402384609758,
        0.4561726131045771,
        0.4812817248111365,
        0.4849139655862345,
        0.4691729323308271,
        0.5078320802005012,
        0.4940264512632933,
        0.48720775666588473,
        0.501772205602575
    ]
}