{
    "train_loss": [
        0.8334944844245911,
        0.7358249425888062,
        0.52894526720047,
        0.6012675762176514,
        0.6282104253768921,
        0.7364153265953064,
        0.7779629826545715,
        0.5214788913726807,
        0.4585515260696411,
        0.520743191242218,
        0.7801409363746643,
        0.36427411437034607,
        0.8049020171165466,
        0.8529772758483887,
        0.35629335045814514,
        0.48952817916870117,
        0.31295454502105713,
        0.6590428948402405,
        0.4402219355106354,
        0.4410809576511383,
        0.4529181718826294,
        0.46266013383865356,
        0.26530638337135315,
        0.35397565364837646,
        0.5330789089202881,
        0.3050520420074463,
        0.2847243845462799,
        0.3443305492401123,
        0.4414953589439392,
        0.28552189469337463,
        0.25538745522499084,
        0.5956716537475586,
        0.33628901839256287,
        0.2778787314891815,
        0.29186490178108215,
        0.38055574893951416,
        0.5405375957489014,
        0.178327739238739,
        0.25823962688446045,
        0.22446759045124054,
        0.18445873260498047,
        0.2630913257598877,
        0.20585688948631287,
        0.3965556025505066
    ],
    "train_acc": [
        0.25,
        0.21875,
        0.4375,
        0.40625,
        0.40625,
        0.5,
        0.375,
        0.5625,
        0.53125,
        0.46875,
        0.5625,
        0.53125,
        0.40625,
        0.375,
        0.65625,
        0.53125,
        0.65625,
        0.40625,
        0.53125,
        0.65625,
        0.5,
        0.375,
        0.71875,
        0.59375,
        0.625,
        0.625,
        0.375,
        0.8125,
        0.625,
        0.65625,
        0.59375,
        0.5625,
        0.71875,
        0.34375,
        0.65625,
        0.4375,
        0.5,
        0.8125,
        0.75,
        0.78125,
        0.8125,
        0.71875,
        0.875,
        0.65625
    ],
    "val_loss": [
        0.6863575577735901,
        0.6971388459205627,
        0.6743267774581909,
        0.6978599429130554,
        0.6505639553070068,
        0.5860278010368347,
        0.5488830804824829,
        0.4863924980163574,
        0.43864360451698303,
        0.4086202085018158,
        0.44713759422302246,
        0.46385541558265686,
        0.46070852875709534,
        0.46206775307655334,
        0.44725123047828674,
        0.44718027114868164,
        0.4511134922504425,
        0.4443964660167694,
        0.44877928495407104,
        0.44400754570961,
        0.445946604013443,
        0.44217026233673096,
        0.44403916597366333,
        0.44661813974380493,
        0.4480045735836029,
        0.44769951701164246,
        0.4391120374202728,
        0.4334554970264435,
        0.4293391704559326,
        0.4373767673969269,
        0.42641404271125793,
        0.4308863580226898,
        0.413423627614975,
        0.4083278179168701,
        0.3647625744342804,
        0.3365350365638733,
        0.31417596340179443,
        0.2998582422733307,
        0.29522714018821716,
        0.3016952574253082,
        0.3025018274784088,
        0.3037116527557373,
        0.3188416361808777,
        0.3392716646194458
    ],
    "val_acc": [
        0.13333333333333333,
        0.26666666666666666,
        0.4,
        0.4,
        0.4,
        0.5333333333333333,
        0.4666666666666667,
        0.4,
        0.6,
        0.6666666666666666,
        0.5333333333333333,
        0.4,
        0.6666666666666666,
        0.6666666666666666,
        0.6666666666666666,
        0.6666666666666666,
        0.6666666666666666,
        0.6,
        0.6,
        0.6666666666666666,
        0.6666666666666666,
        0.6666666666666666,
        0.6,
        0.5333333333333333,
        0.6,
        0.5333333333333333,
        0.6,
        0.6,
        0.6666666666666666,
        0.6666666666666666,
        0.6666666666666666,
        0.4666666666666667,
        0.4666666666666667,
        0.5333333333333333,
        0.5333333333333333,
        0.5333333333333333,
        0.5333333333333333,
        0.5333333333333333,
        0.5333333333333333,
        0.5333333333333333,
        0.5333333333333333,
        0.5333333333333333,
        0.5333333333333333,
        0.5333333333333333
    ],
    "val_f1": [
        0.0784313725490196,
        0.22222222222222224,
        0.3247863247863248,
        0.3247863247863248,
        0.3162393162393162,
        0.4166666666666667,
        0.38888888888888884,
        0.3444444444444444,
        0.5852941176470589,
        0.7167755991285403,
        0.5291005291005291,
        0.39285714285714285,
        0.6603174603174603,
        0.6648148148148149,
        0.7373737373737373,
        0.7373737373737373,
        0.7373737373737373,
        0.6904761904761904,
        0.6904761904761904,
        0.7373737373737373,
        0.7373737373737373,
        0.7373737373737373,
        0.6904761904761904,
        0.6410256410256411,
        0.6904761904761904,
        0.6410256410256411,
        0.6904761904761904,
        0.6904761904761904,
        0.7435897435897436,
        0.7435897435897436,
        0.7435897435897436,
        0.5873015873015873,
        0.5873015873015873,
        0.6323232323232323,
        0.6323232323232323,
        0.6323232323232323,
        0.6323232323232323,
        0.6323232323232323,
        0.6323232323232323,
        0.6323232323232323,
        0.6323232323232323,
        0.6323232323232323,
        0.6323232323232323,
        0.6323232323232323
    ]
}