{
    "train_loss": [
        2.2674420055221107,
        2.2290136568686543,
        2.198435250450583,
        2.120873079580419,
        2.002806635463939,
        1.7952495392631083,
        1.677839910282808,
        1.6072253199184643,
        1.4518833756446838,
        1.4374114310040194,
        1.3467665104305042,
        1.2382018706377815,
        1.1489845759728377,
        1.15148062916363,
        1.0723129037548513,
        1.1174606523093056,
        1.007063108332017,
        1.0146600989734424,
        0.9908443408853868,
        0.9725453152376062,
        1.0357381929369534,
        0.9274557697422364,
        0.9905310877982307,
        0.8043135904213962,
        0.8523200014058281,
        0.7920198396724814,
        0.8785231691949508,
        0.7381746505989748,
        0.779963872888509,
        0.7564920292181128,
        0.7447182194275015,
        0.7239247911116656,
        0.698389446034151,
        0.7563753662740483,
        0.7697418971973307,
        0.7654486070660984,
        0.6607593113885206,
        0.6341476396602743,
        0.6618025600910187,
        0.6717517568784601,
        0.5975993722677231,
        0.6315423789269784,
        0.7805564745384104,
        0.6895561340977164,
        0.6941994262092254,
        0.6560932818581077,
        0.7076599676819408,
        0.659511214670013,
        0.5853335787268246,
        0.6210305471630657,
        0.5843734171460656,
        0.657142888973741,
        0.567503596053404,
        0.6528379996033276,
        0.5741021300063414,
        0.6714307481751722,
        0.659948468208313,
        0.6877761228996164,
        0.6093076274675482
    ],
    "train_acc": [
        0.11764705882352941,
        0.10386029411764706,
        0.12867647058823528,
        0.13419117647058823,
        0.1332720588235294,
        0.15165441176470587,
        0.1801470588235294,
        0.20680147058823528,
        0.22150735294117646,
        0.23897058823529413,
        0.23988970588235295,
        0.2619485294117647,
        0.3115808823529412,
        0.28952205882352944,
        0.3069852941176471,
        0.3391544117647059,
        0.3079044117647059,
        0.35018382352941174,
        0.3382352941176471,
        0.3336397058823529,
        0.3474264705882353,
        0.3805147058823529,
        0.39889705882352944,
        0.3795955882352941,
        0.38143382352941174,
        0.359375,
        0.36764705882352944,
        0.41268382352941174,
        0.4108455882352941,
        0.3943014705882353,
        0.4476102941176471,
        0.421875,
        0.46047794117647056,
        0.4365808823529412,
        0.42922794117647056,
        0.39981617647058826,
        0.4319852941176471,
        0.4411764705882353,
        0.4209558823529412,
        0.47518382352941174,
        0.44485294117647056,
        0.43474264705882354,
        0.4329044117647059,
        0.45036764705882354,
        0.44669117647058826,
        0.4788602941176471,
        0.4338235294117647,
        0.45036764705882354,
        0.46047794117647056,
        0.46875,
        0.47702205882352944,
        0.44025735294117646,
        0.4540441176470588,
        0.45128676470588236,
        0.45955882352941174,
        0.41452205882352944,
        0.44485294117647056,
        0.46231617647058826,
        0.47058823529411764
    ],
    "val_loss": [
        2.5318464967939587,
        2.560352471139696,
        2.401875959502326,
        2.2253096368577747,
        2.048213005065918,
        1.8628808524873521,
        1.7730107837253146,
        1.6584801475207012,
        1.5232784152030945,
        1.4162514872021146,
        1.3939265741242304,
        1.2928352223502264,
        1.235404332478841,
        1.1428400145636664,
        1.2270949681599934,
        1.240488953060574,
        1.2338664068116083,
        1.2525966631041632,
        1.2501711712943182,
        1.200839983092414,
        1.2082195944256253,
        1.1550798912843068,
        1.1883147954940796,
        1.1191752089394464,
        1.0642015503512487,
        0.9762506816122267,
        1.0148297515180376,
        1.0573702454566956,
        0.9805197715759277,
        1.021270152595308,
        1.0193849470880296,
        0.9993702736165788,
        1.0485805571079254,
        0.9882309618923399,
        1.1130718489487965,
        1.177591472864151,
        0.9952514585521486,
        1.0533268418576982,
        1.121259378062354,
        1.0155589166614745,
        0.9793147080474429,
        0.9932897670401467,
        1.0835414230823517,
        0.999908553229438,
        0.8595133937067456,
        0.9242799513869815,
        1.0213762389289007,
        1.0815158436695735,
        0.9852695282962587,
        1.0124284393257565,
        0.9643440610832639,
        1.1613327662150066,
        0.9952195154296027,
        1.1286576042572658,
        1.1368456549114652,
        1.1218610141012404,
        1.1281687054369185,
        1.1009520689646404,
        1.0318789001968172
    ],
    "val_acc": [
        0.09352517985611511,
        0.15467625899280577,
        0.15827338129496402,
        0.16906474820143885,
        0.20503597122302158,
        0.20863309352517986,
        0.2158273381294964,
        0.29856115107913667,
        0.33093525179856115,
        0.3776978417266187,
        0.38489208633093525,
        0.39928057553956836,
        0.41007194244604317,
        0.420863309352518,
        0.4460431654676259,
        0.43884892086330934,
        0.46402877697841727,
        0.4316546762589928,
        0.4460431654676259,
        0.49640287769784175,
        0.5215827338129496,
        0.4784172661870504,
        0.5143884892086331,
        0.49640287769784175,
        0.5035971223021583,
        0.5251798561151079,
        0.5251798561151079,
        0.46402877697841727,
        0.5251798561151079,
        0.5323741007194245,
        0.5971223021582733,
        0.5359712230215827,
        0.5539568345323741,
        0.6223021582733813,
        0.5215827338129496,
        0.5575539568345323,
        0.5971223021582733,
        0.5611510791366906,
        0.5755395683453237,
        0.5755395683453237,
        0.4856115107913669,
        0.5323741007194245,
        0.6151079136690647,
        0.5467625899280576,
        0.4568345323741007,
        0.5431654676258992,
        0.5467625899280576,
        0.564748201438849,
        0.49640287769784175,
        0.579136690647482,
        0.539568345323741,
        0.5,
        0.5467625899280576,
        0.5251798561151079,
        0.6007194244604317,
        0.5143884892086331,
        0.5359712230215827,
        0.5539568345323741,
        0.564748201438849
    ],