{
    "train_loss": [
        2.0022202332814536,
        1.613260010878245,
        1.6539347370465596,
        1.501193066438039,
        1.5086156725883484,
        1.5179444948832195,
        1.445266882578532,
        1.3653445839881897,
        1.3675688703854878,
        1.3435190717379253,
        1.3465885122617085,
        1.228240817785263,
        1.1985552112261455,
        1.2790309985478718,
        1.4131590127944946,
        1.3304217457771301,
        1.2404334942499797,
        1.2031298677126567,
        1.2609704931577046,
        1.1197098195552826,
        1.1246903936068218,
        1.2289317846298218,
        1.1306026379267375,
        1.2626625299453735,
        1.1239854494730632
    ],
    "train_acc": [
        0.2655367231638418,
        0.3389830508474576,
        0.480225988700565,
        0.3672316384180791,
        0.4124293785310734,
        0.2768361581920904,
        0.4011299435028249,
        0.4180790960451977,
        0.4576271186440678,
        0.5084745762711864,
        0.4519774011299435,
        0.4971751412429379,
        0.5536723163841808,
        0.4915254237288136,
        0.5028248587570622,
        0.3785310734463277,
        0.5423728813559322,
        0.519774011299435,
        0.5480225988700564,
        0.4632768361581921,
        0.5423728813559322,
        0.5141242937853108,
        0.5254237288135594,
        0.576271186440678,
        0.576271186440678
    ],
    "val_loss": [
        1.866227388381958,
        1.7112675905227661,
        1.8120525479316711,
        1.6846125721931458,
        1.6172145009040833,
        1.7129976749420166,
        1.6844159960746765,
        1.5210834741592407,
        1.3951676487922668,
        1.3560558557510376,
        1.5284385085105896,
        1.6260743737220764,
        1.5460966229438782,
        1.4681773781776428,
        1.8396618962287903,
        1.8747134804725647,
        1.526217520236969,
        1.630948781967163,
        1.389240562915802,
        1.4764825105667114,
        1.6600887179374695,
        1.9611772894859314,
        1.7930267453193665,
        1.8442808389663696,
        1.7643271684646606
    ],
    "val_acc": [
        0.25925925925925924,
        0.25925925925925924,
        0.2222222222222222,
        0.2222222222222222,
        0.24074074074074073,
        0.2037037037037037,
        0.2962962962962963,
        0.35185185185185186,
        0.46296296296296297,
        0.48148148148148145,
        0.37037037037037035,
        0.35185185185185186,
        0.35185185185185186,
        0.3888888888888889,
        0.3148148148148148,
        0.3148148148148148,
        0.3888888888888889,
        0.3148148148148148,
        0.4444444444444444,
        0.35185185185185186,
        0.35185185185185186,
        0.3148148148148148,
        0.3148148148148148,
        0.3148148148148148,
        0.35185185185185186
    ],
    "val_f1": [
        0.11848438300051203,
        0.12996632996632995,
        0.11478521478521478,
        0.11478521478521478,
        0.11556882915767933,
        0.08517064331017819,
        0.1778872468527641,
        0.21775036235547912,
        0.27272252774627637,
        0.39635281385281385,
        0.30439980439980435,
        0.2391693519513068,
        0.2220502235982112,
        0.2270995670995671,
        0.1904761904761905,
        0.18857142857142856,
        0.2525793650793651,
        0.20102453937040402,
        0.39055834894344205,
        0.28798428953227717,
        0.28888888888888886,
        0.20682475419317523,
        0.20180497175571066,
        0.1976350521242162,
        0.2856500224921278
    ]
}