{
    "train_loss": [
        2.17793607711792,
        1.602574661374092,
        1.231143519282341,
        1.1465728431940079,
        1.1059418618679047,
        0.9376205131411552,
        0.9071707129478455,
        0.7667998969554901,
        0.992523729801178,
        0.8303451016545296,
        0.8325531408190727,
        0.8742569610476494,
        0.8494909107685089,
        0.6983644738793373,
        0.6487819775938988,
        0.597304206341505,
        0.907817155122757,
        0.724387239664793,
        0.5148441009223461,
        0.8998627178370953,
        0.5807249285280704,
        0.6199998781085014,
        0.4921603202819824,
        0.4738679938018322,
        0.4631126634776592,
        0.6684294976294041,
        0.5146876256912947,
        0.3746193926781416,
        0.45007719099521637,
        0.3976125754415989,
        0.45551593229174614,
        0.6365792006254196,
        0.4636877737939358,
        0.48126446455717087
    ],
    "train_acc": [
        0.14453125,
        0.3203125,
        0.421875,
        0.4765625,
        0.40234375,
        0.47265625,
        0.5,
        0.6171875,
        0.50390625,
        0.44921875,
        0.53125,
        0.5,
        0.56640625,
        0.62890625,
        0.5859375,
        0.66015625,
        0.53125,
        0.5859375,
        0.578125,
        0.51953125,
        0.66796875,
        0.53515625,
        0.6171875,
        0.59375,
        0.5546875,
        0.6015625,
        0.6484375,
        0.75390625,
        0.61328125,
        0.61328125,
        0.6953125,
        0.65234375,
        0.69921875,
        0.625
    ],
    "val_loss": [
        1.7303494215011597,
        1.6466363668441772,
        1.1481606364250183,
        1.3870468139648438,
        0.9560112953186035,
        0.9261588851610819,
        0.8421463171641032,
        0.8570249080657959,
        0.8701173663139343,
        0.8441768288612366,
        0.7754754622777303,
        0.7767339944839478,
        0.7662602464358012,
        0.8497925599416097,
        0.8283842007319132,
        0.7806903123855591,
        0.751868486404419,
        0.7160911957422892,
        0.7086313565572103,
        0.7369969884554545,
        0.6668549180030823,
        0.6546728213628134,
        0.7024878064791361,
        0.6588572859764099,
        0.662968655427297,
        0.6630591551462809,
        0.6573206782341003,
        0.6453826626141866,
        0.6461449464162191,
        0.6431946754455566,
        0.7389386892318726,
        0.7099156777064005,
        0.7886592944463094,
        0.6359385053316752
    ],
    "val_acc": [
        0.225,
        0.325,
        0.4875,
        0.375,
        0.5875,
        0.625,
        0.675,
        0.6625,
        0.65,
        0.6625,
        0.6625,
        0.6375,
        0.675,
        0.65,
        0.6,
        0.6375,
        0.65,
        0.7,
        0.7,
        0.65,
        0.7,
        0.7375,
        0.6625,
        0.6875,
        0.6875,
        0.6875,
        0.7125,
        0.7125,
        0.7125,
        0.7,
        0.6625,
        0.625,
        0.6125,
        0.6625
    ],
    "val_f1": [
        0.05273321449792038,
        0.3125593947962369,
        0.3780239314342237,
        0.3297457620038265,
        0.4895703847356235,
        0.5529105275815802,
        0.615040758461811,
        0.6090500824711351,
        0.5635175181087836,
        0.5968210361067504,
        0.5906008343508343,
        0.5988919756598104,
        0.5804806342431499,
        0.5650402837902838,
        0.5577708783591137,
        0.5451344774874187,
        0.5778060719237189,
        0.5920632744162155,
        0.6980038616068027,
        0.5791793990323402,
        0.6142434542465832,
        0.6416247695659459,
        0.6073286484470695,
        0.5900382161411574,
        0.5969969844969845,
        0.6043052020052703,
        0.6208913907443319,
        0.618278956881898,
        0.618278956881898,
        0.6110609434138845,
        0.6562710437710437,
        0.4882331098717654,
        0.5358095608095609,
        0.5667483101693628
    ]
}