{
    "train_loss": [
        2.971048951148987,
        3.1642404794692993,
        2.5607872009277344,
        1.9209814667701721,
        1.7231130599975586,
        1.5819838047027588,
        1.2071604132652283,
        1.5495851039886475,
        0.7865095138549805,
        1.0811903774738312,
        0.8237714916467667,
        0.7927523851394653,
        0.6319406032562256,
        1.063774049282074,
        1.2499865293502808,
        0.8828165233135223,
        0.7855434119701385,
        0.42451415956020355,
        0.8666440695524216,
        0.6670758128166199,
        0.9888164699077606,
        0.4248812645673752,
        0.6077434718608856,
        0.38973598182201385,
        0.6071156412363052,
        0.43913501501083374,
        0.519683837890625,
        0.4690186083316803,
        0.7059717178344727,
        0.9025546237826347,
        0.5006639510393143,
        0.6259393393993378,
        0.6835159063339233,
        0.36524972319602966,
        0.4115298390388489,
        0.7186437398195267,
        0.512681394815445,
        0.5115472376346588,
        0.39230047166347504,
        1.0578754767775536,
        0.5116215497255325,
        0.4020000249147415,
        0.6324398368597031,
        0.8689674139022827,
        0.6808559596538544,
        0.44497621059417725,
        0.32467228919267654,
        0.47699472308158875,
        0.39787693321704865,
        0.42227447032928467,
        0.643242135643959,
        0.3193937689065933,
        0.40298721194267273,
        0.3352086544036865,
        0.46936848759651184,
        0.25731367617845535,
        0.2986600399017334,
        0.2619145065546036,
        0.4519968256354332,
        0.4073549956083298,
        0.3384833335876465,
        0.2644723877310753,
        1.0788613632321358,
        0.2250215783715248,
        0.4438660442829132,
        0.33228079974651337,
        0.5523805022239685,
        0.2701573893427849,
        0.21940035372972488,
        0.33805321902036667,
        0.37520723044872284,
        0.5366511046886444,
        0.3711041659116745,
        0.26145874708890915,
        0.4065892845392227,
        0.4333269000053406,
        0.6296240985393524,
        0.49201133847236633
    ],
    "train_acc": [
        0.3366827713815789,
        0.33365671258223684,
        0.41495554070723684,
        0.4513710423519737,
        0.5626991673519737,
        0.4961708470394737,
        0.5746684827302632,
        0.5949385793585527,
        0.606188322368421,
        0.46855725740131576,
        0.6480263157894737,
        0.6425203022203947,
        0.6451994243421053,
        0.5842799136513158,
        0.4102975945723684,
        0.6380550986842105,
        0.6067280016447368,
        0.657361482319079,
        0.6581131784539473,
        0.6826750102796053,
        0.6636384662828947,
        0.4473941200657895,
        0.5960436369243421,
        0.6679494757401315,
        0.7080463610197368,
        0.4209112870065789,
        0.6724146792763158,
        0.6926912006578947,
        0.6880204050164473,
        0.6654823704769737,
        0.6908537212171053,
        0.6736032586348685,
        0.6046528063322368,
        0.6989103618421053,
        0.7070569490131579,
        0.6595651726973685,
        0.6199115953947368,
        0.6232653166118421,
        0.7251426295230263,
        0.7382427014802632,
        0.6952868009868421,
        0.7177734375,
        0.7610505756578947,
        0.6439658717105263,
        0.6411582545230263,
        0.7235749897203947,
        0.6488101356907895,
        0.7452007092927632,
        0.6855083264802632,
        0.36782997532894735,
        0.7248920641447368,
        0.745849609375,
        0.7224699321546053,
        0.7251040810032895,
        0.7266074732730263,
        0.7509058902138158,
        0.6970793071546053,
        0.42423288445723684,
        0.7251426295230263,
        0.6569374486019737,
        0.7402407997532895,
        0.7559750205592105,
        0.7418277138157895,
        0.7699874074835527,
        0.6654116981907895,
        0.7328716077302632,
        0.7413394325657895,
        0.7388273540296053,
        0.7832994962993421,
        0.7568616365131579,
        0.7163792660361842,
        0.7699745579769737,
        0.7608963815789473,
        0.758191560444079,
        0.7163342927631579,
        0.6640625,
        0.6297671669407895,
        0.6670628597861842
    ],
    "train_f1": [],
    "val_loss": [
        1.1312273740768433,
        0.975207507610321,
        0.8672187924385071,
        0.7678301930427551,
        1.4437404870986938,
        2.078979253768921,
        1.1829031705856323,
        0.5741006135940552,
        0.6054336428642273,
        0.6986134648323059,
        0.6931501030921936,
        0.5818424224853516,
        0.9515711665153503,
        1.0284823179244995,
        0.6947533488273621,
        0.6372455954551697,
        0.7191749215126038,
        0.7191593050956726,
        0.7046548128128052,
        0.657439112663269,
        0.8260424733161926,
        0.7103395462036133,
        0.8073530197143555,
        0.7823059558868408,
        0.8150457739830017,
        0.6872228980064392,
        0.5255278944969177,
        0.40997767448425293,
        0.45529037714004517,
        0.4646371901035309,
        0.4399750828742981,
        0.48812389373779297,
        0.601606011390686,
        0.6263450980186462,
        0.6450740694999695,
        0.5945473909378052,
        0.6221057772636414,
        0.6743063926696777,
        0.6278979182243347,
        0.5476927161216736,
        0.465029776096344,
        0.5615846514701843,
        0.7417026162147522,
        0.5294155478477478,
        0.29267820715904236,
        0.3125361502170563,
        0.3235712945461273,
        0.32453006505966187,
        0.3656758964061737,
        0.40609094500541687,
        0.4817003309726715,
        0.4994649589061737,
        0.5240600109100342,
        0.46918272972106934,
        0.41796937584877014,
        0.32069069147109985,
        0.28422433137893677,
        0.24355390667915344,
        0.22716251015663147,
        0.2249249964952469,
        0.2334347516298294,
        0.2324429601430893,
        0.264714777469635,
        0.3139665126800537,
        0.4124123156070709,
        0.4222854673862457,
        0.49613451957702637,
        0.5409612059593201,
        0.5535326600074768,
        0.512574315071106,
        0.5055941939353943,
        0.4804697036743164,
        0.5330947041511536,
        0.526244580745697,
        0.5714254379272461,
        0.6071822047233582,
        0.677006721496582,
        0.5782087445259094
    ],