{
    "train_loss": [
        1.3556242304689743,
        0.8039678528028376,
        0.696560767643592,
        0.6543654387488085,
        0.5825537565876456,
        0.5293395475429648,
        0.46447619620491476,
        0.45192065615864363,
        0.45814458894379,
        0.4411551031996222,
        0.45665308175718083,
        0.5492186283364016,
        0.5170785714598263,
        0.5260589333141551,
        0.510021464789615,
        0.41358856374726577,
        0.43434177602038665,
        0.38040640687241273,
        0.41347453348776875,
        0.34673288596027035,
        0.4664262857507257,
        0.31956331081250133,
        0.3686833024463233,
        0.2717798751066713,
        0.2698737661189893,
        0.2666989058694419,
        0.28500497231588645,
        0.2012611344894942,
        0.2546720986857134,
        0.25974320225855885,
        0.3372228290228283,
        0.3601069538032307,
        0.3351281035472365,
        0.32465414834373135,
        0.3759574677576037,
        0.3199297632364666,
        0.3141813497332966,
        0.23548147695906022,
        0.29032211400130215,
        0.3049242323374047,
        0.26259572190396924,
        0.2500879061134422,
        0.30058226975447994,
        0.256788197247421,
        0.2091306586037664,
        0.21690551454530044,
        0.2812063145067762,
        0.2043578298214604,
        0.1357937652398558,
        0.19254388068528736,
        0.21283527836203575,
        0.22983940800323205,
        0.15773464837933288,
        0.20152862380970926,
        0.11928335399202564,
        0.13606255841167533,
        0.20882320913540967,
        0.17548050934120135,
        0.13824625389979167,
        0.11213342149687164,
        0.16658399654004505,
        0.09271238908609923,
        0.06622795240186594,
        0.11815288005506291,
        0.0984649002442465,
        0.1141602976302452,
        0.19342568226377754
    ],
    "train_acc": [
        0.38878676470588236,
        0.5569852941176471,
        0.5597426470588235,
        0.5680147058823529,
        0.5762867647058824,
        0.6231617647058824,
        0.6470588235294118,
        0.6571691176470589,
        0.6737132352941176,
        0.6957720588235294,
        0.6534926470588235,
        0.6020220588235294,
        0.6323529411764706,
        0.6176470588235294,
        0.6268382352941176,
        0.6571691176470589,
        0.6323529411764706,
        0.6663602941176471,
        0.6810661764705882,
        0.6847426470588235,
        0.6893382352941176,
        0.7150735294117647,
        0.7233455882352942,
        0.7481617647058824,
        0.78125,
        0.7279411764705882,
        0.7086397058823529,
        0.7867647058823529,
        0.7904411764705882,
        0.7509191176470589,
        0.7261029411764706,
        0.6829044117647058,
        0.7371323529411765,
        0.7196691176470589,
        0.6856617647058824,
        0.7132352941176471,
        0.6994485294117647,
        0.7527573529411765,
        0.7261029411764706,
        0.7693014705882353,
        0.7711397058823529,
        0.7647058823529411,
        0.7371323529411765,
        0.75,
        0.8060661764705882,
        0.8474264705882353,
        0.7794117647058824,
        0.8005514705882353,
        0.8207720588235294,
        0.8299632352941176,
        0.8097426470588235,
        0.7996323529411765,
        0.8511029411764706,
        0.8143382352941176,
        0.8363970588235294,
        0.8547794117647058,
        0.8161764705882353,
        0.8547794117647058,
        0.8979779411764706,
        0.8988970588235294,
        0.8409926470588235,
        0.8694852941176471,
        0.9255514705882353,
        0.8483455882352942,
        0.8465073529411765,
        0.8345588235294118,
        0.8345588235294118
    ],
    "val_loss": [
        0.7930118706491258,
        0.6806355979707506,
        0.6754427353541056,
        0.578299085299174,
        0.5530350340737237,
        0.5316218270195855,
        0.5175240768326653,
        0.5326465202702416,
        0.529899623658922,
        0.5240724152988858,
        0.623372710413403,
        0.5260796050230662,
        0.5639932089381747,
        0.6011853913466135,
        0.5220813784334395,
        0.5127665433618758,
        0.5819742414686415,
        0.5620988508065542,
        0.4957731498612298,
        0.5357482499546475,
        0.5301314095656077,
        0.52167080839475,
        0.5227432979477776,
        0.5418213605880737,
        0.5488461322254605,
        0.5407249397701688,
        0.5351094735993279,
        0.5372321870591905,
        0.5387430191040039,
        0.5436500443352593,
        0.567778554227617,
        0.586740278535419,
        0.6494983037312826,
        0.6221501297420926,
        0.5638790958457522,
        0.5712447431352403,
        0.5886285536819034,
        0.6059949431154463,
        0.5708679490619235,
        0.6230872604582045,
        0.588622123003006,
        0.6065611243247986,
        0.5923367308245765,
        0.6248747540844811,
        0.6258287297354804,
        0.6384578496217728,
        0.6136640641424391,
        0.6502386927604675,
        0.6086338063081106,
        0.6499846312734816,
        0.630993107954661,
        0.61585400501887,
        0.5988874501652188,
        0.6102589898639255,
        0.6253830989201864,
        0.6103309657838609,
        0.6368587878015306,
        0.632193860080507,
        0.6319835914505852,
        0.6589043802685208,
        0.6537741654449039,
        0.6355556613869138,
        0.6529929207430946,
        0.6514406436019473,
        0.6549973156717088,
        0.6623660094208188,
        0.6743537783622742
    ],
    "val_acc": [
        0.5755395683453237,
        0.6115107913669064,
        0.6007194244604317,
        0.6330935251798561,
        0.658273381294964,
        0.6546762589928058,
        0.6618705035971223,
        0.6438848920863309,
        0.6546762589928058,
        0.6618705035971223,
        0.6330935251798561,
        0.6474820143884892,
        0.6474820143884892,
        0.6223021582733813,
        0.6510791366906474,
        0.6726618705035972,
        0.6151079136690647,
        0.6690647482014388,
        0.6762589928057554,
        0.6690647482014388,
        0.6546762589928058,
        0.7086330935251799,
        0.6834532374100719,
        0.6654676258992805,
        0.6798561151079137,
        0.6798561151079137,
        0.697841726618705,
        0.6798561151079137,
        0.6798561151079137,
        0.6690647482014388,
        0.6366906474820144,
        0.6618705035971223,
        0.6546762589928058,
        0.6546762589928058,
        0.6474820143884892,
        0.658273381294964,
        0.6654676258992805,
        0.6654676258992805,
        0.6870503597122302,
        0.6438848920863309,
        0.6798561151079137,
        0.6438848920863309,
        0.6690647482014388,
        0.6330935251798561,
        0.6654676258992805,
        0.6438848920863309,
        0.6330935251798561,
        0.6690647482014388,
        0.6546762589928058,
        0.658273381294964,
        0.6546762589928058,
        0.658273381294964,
        0.6906474820143885,
        0.6546762589928058,
        0.658273381294964,
        0.6726618705035972,
        0.658273381294964,
        0.658273381294964,
        0.658273381294964,
        0.6474820143884892,
        0.6438848920863309,
        0.658273381294964,
        0.658273381294964,
        0.6546762589928058,
        0.6546762589928058,
        0.6474820143884892,
        0.6366906474820144
    ],