{
  "train_loss": [
    2.0459883174588605,
    1.9299469186413674,
    1.9025164650332542,
    1.8970562796438895,
    1.8645693448282057,
    1.8905381079643004,
    1.8522408162393877,
    1.890370418948512,
    1.8585914565670876,
    1.8304535188982565,
    1.8642699218565417,
    1.8394286094173309,
    1.8553973743992467,
    1.8321879679156887,
    1.8105984080222346,
    1.8024734989289315
  ],
  "train_accuracy": [],
  "train_f1_macro": [],
  "train_f1_weighted": [],
  "val_loss": [
    653597942.8571428,
    600576758.8571428,
    653597942.8571428,
    616345371.4285715,
    676803282.2857143,
    674140251.4285715,
    600576758.8571428,
    540118797.7142857,
    652223213.7142857,
    653597942.8571428,
    675428553.1428572,
    674140251.4285715,
    597913709.7142857,
    596107945.1428572,
    605710646.8571428,
    597913709.7142857
  ],
  "val_accuracy": [],
  "val_f1_macro": [],
  "val_f1_weighted": [],
  "val_iou": []
}