{
    "train_loss": [
        1.1648866772651671,
        0.8643859267234802,
        0.9189389228820801,
        0.7447872042655945,
        0.9854495644569397,
        0.7002606272697449,
        0.6735928773880004,
        0.5958675146102905,
        0.5221013605594635,
        0.523824667930603,
        0.6489403486251831,
        0.5051440119743347,
        0.745607876777649,
        0.5127602577209472,
        0.7190173387527465,
        0.5764459252357483,
        0.4294453144073486,
        0.4610332727432251,
        0.6138972759246826,
        0.5965055882930755,
        0.6120265603065491
    ],
    "train_acc": [
        0.4573643410852713,
        0.5426356589147286,
        0.5813953488372093,
        0.6589147286821705,
        0.6821705426356589,
        0.6434108527131783,
        0.6046511627906976,
        0.5968992248062015,
        0.7131782945736435,
        0.7441860465116279,
        0.6821705426356589,
        0.7984496124031008,
        0.5891472868217055,
        0.751937984496124,
        0.5581395348837209,
        0.5813953488372093,
        0.813953488372093,
        0.813953488372093,
        0.7984496124031008,
        0.4883720930232558,
        0.7131782945736435
    ],
    "val_loss": [
        1.0399320125579834,
        1.1416302919387817,
        1.1427679061889648,
        1.0415534973144531,
        0.9464069604873657,
        0.6412045359611511,
        0.7021594643592834,
        0.5579286217689514,
        0.7525128126144409,
        0.6933184862136841,
        0.7463074922561646,
        0.9317263960838318,
        0.8313621282577515,
        0.6300141215324402,
        0.7235604524612427,
        0.6409931182861328,
        0.5774292349815369,
        0.6341603398323059,
        0.615249752998352,
        0.6935767531394958,
        0.7445788979530334
    ],
    "val_acc": [
        0.5384615384615384,
        0.5384615384615384,
        0.5,
        0.5384615384615384,
        0.6153846153846154,
        0.8076923076923077,
        0.7307692307692307,
        0.8076923076923077,
        0.6538461538461539,
        0.7307692307692307,
        0.6153846153846154,
        0.5769230769230769,
        0.6538461538461539,
        0.8076923076923077,
        0.7307692307692307,
        0.7307692307692307,
        0.8076923076923077,
        0.7692307692307693,
        0.7692307692307693,
        0.7692307692307693,
        0.8076923076923077
    ],
    "val_f1": [
        0.2947368421052632,
        0.2947368421052632,
        0.2222222222222222,
        0.2947368421052632,
        0.40740740740740744,
        0.5795523290986085,
        0.519047619047619,
        0.5795523290986085,
        0.45274725274725275,
        0.5244755244755245,
        0.44521739130434784,
        0.5254150702426564,
        0.45274725274725275,
        0.5795523290986085,
        0.5292929292929293,
        0.5244755244755245,
        0.5795523290986085,
        0.5502645502645502,
        0.5523809523809523,
        0.5502645502645502,
        0.5795523290986085
    ]
}