{
    "train_loss": [
        2.9733997344970704,
        2.8051069259643553,
        2.415296936035156,
        2.099375295639038,
        1.671175241470337,
        1.408057951927185,
        1.1688499450683594,
        0.9493466854095459,
        1.004952347278595,
        0.7427975416183472,
        0.8694763660430909,
        0.712611734867096,
        0.6442333638668061,
        0.6966689229011536,
        0.7992817640304566,
        0.539642196893692,
        0.6218257427215577,
        0.5369217813014984,
        0.5621488630771637,
        0.5595803678035736,
        0.4514800012111664,
        0.5253360509872437,
        0.4705555498600006,
        0.49587671756744384,
        0.6747343301773071,
        0.44605098366737367,
        0.5374473989009857,
        0.638054633140564,
        0.5363235116004944,
        0.5179905295372009,
        0.7615691721439362,
        0.4614660799503326,
        0.5055465340614319,
        0.43407527804374696,
        0.5512065768241883,
        0.5638225615024567,
        0.4518816590309143,
        0.48069490790367125,
        0.47299758791923524,
        0.5445578753948211,
        0.46424301266670226,
        0.37953701615333557,
        0.38228228092193606,
        0.39021351337432864,
        0.503261137008667,
        0.3623619019985199,
        0.41646380424499513,
        0.3185587882995605,
        0.42071702480316164,
        0.42487221360206606,
        0.35778634548187255,
        0.3561032772064209,
        0.37988341152668,
        0.37227321565151217,
        0.3786424398422241,
        0.4153371095657349,
        0.3724376976490021,
        0.2946745276451111,
        0.32563999891281126,
        0.30014931261539457,
        0.3467017948627472,
        0.26692632734775545,
        0.38171541392803193,
        0.3615956842899323,
        0.2657986044883728,
        0.32327142357826233,
        0.27294801771640775,
        0.2810596227645874,
        0.28211335837841034,
        0.3049426794052124,
        0.2643218904733658,
        0.31438924074172975,
        0.33952495753765105,
        0.37192620933055875,
        0.3555825769901276,
        0.28652123510837557,
        0.28612216413021085,
        0.2930646359920502,
        0.527388048171997
    ],
    "train_acc": [
        0.11911465259308511,
        0.11194107380319149,
        0.15196628435283688,
        0.19795475953014185,
        0.22258699024822695,
        0.30000554078014185,
        0.3208267536569149,
        0.37425372617464536,
        0.36142335715868795,
        0.35226029199911346,
        0.38334753158244683,
        0.4425611563608156,
        0.46433295933067376,
        0.4422702654033688,
        0.49687638519503546,
        0.5356705036569149,
        0.5041053717863475,
        0.4246332696143617,
        0.4731081698803192,
        0.4244999445921986,
        0.5529819786125887,
        0.544682928856383,
        0.5833973986037234,
        0.5611823332225178,
        0.5567895334663121,
        0.512780155695922,
        0.49383761358599293,
        0.5388806931515957,
        0.537602850731383,
        0.5892152177526596,
        0.4749851091533688,
        0.5731486868351063,
        0.5366868905141844,
        0.5566077266179078,
        0.38657849900265956,
        0.5963229997783688,
        0.5629640403368794,
        0.47147883421985815,
        0.509994182180851,
        0.5631129488031915,
        0.5201078374335106,
        0.5978190104166666,
        0.6021771802969859,
        0.5979886968085106,
        0.5302214926861702,
        0.5419402426861702,
        0.6116484513519503,
        0.6183874251994681,
        0.5413030529698581,
        0.5132528535017731,
        0.6173710383421985,
        0.6321891622340425,
        0.5391854360593972,
        0.6333631150265957,
        0.6172221298758865,
        0.6208738502881206,
        0.6199457696143617,
        0.662019337322695,
        0.6159460189494681,
        0.5758931044991135,
        0.6376191267730497,
        0.6573131371897163,
        0.4033739888076241,
        0.5602802249556738,
        0.6764946254432624,
        0.6512615663785462,
        0.6563660100842199,
        0.6021027260638298,
        0.5997063386524822,
        0.6626340176196809,
        0.6868957086657801,
        0.5695281333111702,
        0.5500055407801419,
        0.6212062970966312,
        0.6562777039007093,
        0.5958243295656028,
        0.6736099567819149,
        0.6640555740248227,
        0.5419887245124113
    ],
    "train_f1": [],
    "val_loss": [
        0.9542131423950195,
        1.130767583847046,
        1.2516058087348938,
        1.2084290385246277,
        0.893051028251648,
        0.8580002188682556,
        0.8579781651496887,
        0.6486504077911377,
        0.8497038781642914,
        0.8636616468429565,
        0.6600251793861389,
        0.7604384869337082,
        0.7335187047719955,
        0.6284904479980469,
        0.402882382273674,
        1.084215521812439,
        0.5696383118629456,
        0.4318418800830841,
        0.5491608828306198,
        0.5933134108781815,
        0.5352297723293304,
        0.6267620176076889,
        0.47677694261074066,
        0.46670466661453247,
        0.4844721257686615,
        0.41880765557289124,
        0.9371545761823654,
        1.771878570318222,
        0.7907801270484924,
        0.4384688585996628,
        0.4536215662956238,
        0.37194985151290894,
        0.3886231780052185,
        0.4236965924501419,
        0.4278375953435898,
        0.48904114961624146,
        0.46511775255203247,
        0.4168453812599182,
        0.3332447111606598,
        0.2835966423153877,
        0.26541948318481445,
        0.2725764662027359,
        0.28263598680496216,
        0.297355517745018,
        0.3261166960000992,
        0.36087849736213684,
        0.4217820018529892,
        0.4222598671913147,
        0.37214601039886475,
        0.3487691730260849,
        0.4612421244382858,
        0.4584548771381378,
        0.38153475522994995,
        0.371815025806427,
        0.39268241822719574,
        0.41371019184589386,
        0.39488106966018677,
        0.33934319019317627,
        0.3110005557537079,
        0.3709081560373306,
        0.38060660660266876,
        0.40584707260131836,
        0.45716236531734467,
        0.48172202706336975,
        0.4982261657714844,
        0.4446883499622345,
        0.42765799164772034,
        0.4078901410102844,
        0.3789507746696472,
        0.40781518816947937,
        0.4716406762599945,
        0.5217591226100922,
        0.5265776216983795,
        0.47317543625831604,
        0.4875001013278961,
        0.6006745249032974,
        0.6113483756780624,
        0.5238179862499237,
        0.5140914767980576
    ],