{
    "train_loss": [
        0.6924651861190796,
        0.5978860482573509,
        0.55660130828619,
        0.40948450565338135,
        0.40588513761758804,
        0.35420309752225876,
        0.3538203202188015,
        0.2653394937515259,
        0.23883986100554466,
        0.23704744130373,
        0.2007494606077671,
        0.21289357542991638,
        0.26120157167315483,
        0.2434176579117775,
        0.20386222749948502,
        0.1840130276978016,
        0.15762651339173317,
        0.20114829763770103,
        0.11500055715441704,
        0.1690852865576744,
        0.10687309503555298,
        0.13474801648408175,
        0.13008905574679375,
        0.09659245237708092,
        0.12275237496942282,
        0.1097396295517683,
        0.11364499293267727,
        0.16506511438637972,
        0.16383961029350758,
        0.12500001303851604,
        0.08663641661405563,
        0.13463305495679379,
        0.10751648154109716,
        0.12219071947038174,
        0.0926774488762021,
        0.09340835176408291,
        0.10040861368179321,
        0.08663690742105246,
        0.0758441649377346,
        0.1092808460816741,
        0.10458389297127724,
        0.19377748854458332,
        0.15109131205826998,
        0.09384951554238796,
        0.11003122478723526,
        0.11468627862632275,
        0.0739291487261653,
        0.19443632289767265,
        0.10068388562649488,
        0.2291155382990837,
        0.11473810393363237,
        0.08559368830174208,
        0.10008418466895819,
        0.15865654684603214,
        0.0781433554366231,
        0.06189791392534971,
        0.10005505755543709,
        0.0601521972566843,
        0.15268526040017605,
        0.14910690300166607,
        0.08028452843427658,
        0.05857570003718138
    ],
    "train_acc": [
        0.4782608695652174,
        0.45217391304347826,
        0.41739130434782606,
        0.5565217391304348,
        0.4434782608695652,
        0.6347826086956522,
        0.6608695652173913,
        0.7739130434782608,
        0.7217391304347827,
        0.7217391304347827,
        0.7565217391304347,
        0.7652173913043478,
        0.6347826086956522,
        0.6434782608695652,
        0.6695652173913044,
        0.7565217391304347,
        0.6869565217391305,
        0.8608695652173913,
        0.8782608695652174,
        0.808695652173913,
        0.8608695652173913,
        0.5739130434782609,
        0.9043478260869565,
        0.8173913043478261,
        0.8782608695652174,
        0.8869565217391304,
        0.8869565217391304,
        0.7913043478260869,
        0.8521739130434782,
        0.8521739130434782,
        0.8869565217391304,
        0.8695652173913043,
        0.8347826086956521,
        0.8869565217391304,
        0.9043478260869565,
        0.8956521739130435,
        0.9130434782608695,
        0.9043478260869565,
        0.9043478260869565,
        0.8521739130434782,
        0.7478260869565218,
        0.8173913043478261,
        0.9130434782608695,
        0.7478260869565218,
        0.9043478260869565,
        0.8956521739130435,
        0.9217391304347826,
        0.8,
        0.9391304347826087,
        0.7652173913043478,
        0.808695652173913,
        0.9217391304347826,
        0.9391304347826087,
        0.8173913043478261,
        0.9217391304347826,
        0.9391304347826087,
        0.9130434782608695,
        0.9478260869565217,
        0.6782608695652174,
        0.9043478260869565,
        0.8956521739130435,
        0.9391304347826087
    ],
    "train_f1": [
        0.44963486572751127,
        0.4153796171340031,
        0.3953823953823954,
        0.5298005174392849,
        0.4331306430808919,
        0.6085508257283654,
        0.6194382340092001,
        0.7391378076892504,
        0.68100431258326,
        0.6788880847668356,
        0.7161477411477412,
        0.7233842538190366,
        0.5994744744744744,
        0.5967905657560829,
        0.6226593295086446,
        0.7071630295250321,
        0.6361161524500907,
        0.7983906046107002,
        0.8370739160212844,
        0.7468343126573913,
        0.7997113997113997,
        0.5256367649189184,
        0.8547495864569035,
        0.778584392014519,
        0.8158553730401238,
        0.8595298167380547,
        0.8440711199331888,
        0.7543059360730592,
        0.8078578799941029,
        0.8098397843105191,
        0.844304286888019,
        0.830487739672559,
        0.7846503778707169,
        0.8416093710211358,
        0.8519101320045458,
        0.8610795669619199,
        0.8850189198486412,
        0.8651651881960954,
        0.8784878524008959,
        0.8072993417821004,
        0.6984834968777878,
        0.767142857142857,
        0.8820634920634921,
        0.6947220993660622,
        0.8700159489633174,
        0.8428536233414282,
        0.8957276110386158,
        0.7663718524962544,
        0.917239623121976,
        0.7073059360730594,
        0.7784060702720991,
        0.8918756044179773,
        0.9197681735386652,
        0.7725410513100076,
        0.8982344632768361,
        0.9120551764619561,
        0.8889054085307432,
        0.9274952919020715,
        0.6624813095401331,
        0.8758563586044191,
        0.8498139287612972,
        0.9229809566651671
    ],
    "val_loss": [
        0.5112000703811646,
        0.40888330340385437,
        0.4003906548023224,
        0.3621993958950043,
        0.32880914211273193,
        0.3374185264110565,
        0.33009669184684753,
        0.21404260396957397,
        0.15970255434513092,
        0.14128030836582184,
        0.1482953429222107,
        0.15595468878746033,
        0.14617885649204254,
        0.13356901705265045,
        0.11602558940649033,
        0.11699371784925461,
        0.11894942820072174,
        0.12190741300582886,
        0.10988623648881912,
        0.11591976881027222,
        0.1216985285282135,
        0.12117336690425873,
        0.11230213940143585,
        0.10997845232486725,
        0.11463239789009094,
        0.1224842220544815,
        0.114466093480587,
        0.10358380526304245,
        0.11028195917606354,
        0.13313598930835724,
        0.14187204837799072,
        0.15457183122634888,
        0.1640268862247467,
        0.16301126778125763,
        0.16134868562221527,
        0.15541505813598633,
        0.13432888686656952,
        0.11682957410812378,
        0.11320895701646805,
        0.10316164046525955,
        0.10675584524869919,
        0.10018308460712433,
        0.09295395761728287,
        0.08878297358751297,
        0.09675569832324982,
        0.10555490106344223,
        0.098215252161026,
        0.0936664417386055,
        0.09729569405317307,
        0.10229700803756714,
        0.0967320054769516,
        0.09236966818571091,
        0.09095648676156998,
        0.09155578911304474,
        0.08194396644830704,
        0.08764075487852097,
        0.1284051239490509,
        0.16349713504314423,
        0.1763700395822525,
        0.1376962810754776,
        0.12435205280780792,
        0.10892058908939362
    ],