{
    "train_loss": [
        3950459.2045454546,
        3975002.977272727,
        3804907.977272727,
        3633241.0681818184,
        3510199.3636363638,
        3383595.4545454546,
        2992361.1818181816,
        2896822.534090909,
        2867583.7954545454,
        2500135.977272727,
        2391984.897727273,
        2133919.897727273,
        2144797.090909091,
        1962449.8409090908,
        1907049.5852272727,
        1571060.2159090908,
        1686479.8409090908,
        1587537.4090909092,
        1360738.5909090908,
        1569541.8977272727,
        1363335.5397727273,
        1424675.3125,
        1318143.0,
        1433062.8579545454,
        1288082.2045454546,
        1303487.3806818181,
        1197656.4375,
        1394426.8011363635,
        1126173.59375,
        1149077.3096590908,
        1112675.7272727273,
        1129425.1420454546,
        1043807.5852272727,
        1043068.4332386364,
        929266.1931818182,
        825156.7414772727,
        954456.3153409091,
        963821.2855113636,
        1020704.0255681818,
        891486.6363636364
    ],
    "train_acc": [
        0.08522727272727272,
        0.045454545454545456,
        0.08522727272727272,
        0.125,
        0.07386363636363637,
        0.13068181818181818,
        0.10795454545454546,
        0.19318181818181818,
        0.17045454545454544,
        0.21022727272727273,
        0.3068181818181818,
        0.2784090909090909,
        0.32954545454545453,
        0.3465909090909091,
        0.3806818181818182,
        0.4375,
        0.30113636363636365,
        0.42613636363636365,
        0.4659090909090909,
        0.38636363636363635,
        0.4147727272727273,
        0.44886363636363635,
        0.4659090909090909,
        0.4034090909090909,
        0.4431818181818182,
        0.38636363636363635,
        0.4431818181818182,
        0.38636363636363635,
        0.5227272727272727,
        0.39204545454545453,
        0.4772727272727273,
        0.3977272727272727,
        0.48863636363636365,
        0.4659090909090909,
        0.5227272727272727,
        0.48863636363636365,
        0.4943181818181818,
        0.4715909090909091,
        0.45454545454545453,
        0.5227272727272727
    ],
    "val_loss": [
        2776106.03125,
        2689817.78125,
        2656978.84375,
        2423865.9375,
        2205065.6875,
        2083249.15625,
        2026709.1875,
        2063807.0,
        2025703.625,
        1850592.125,
        1659533.703125,
        1560001.75,
        1614555.5625,
        1630634.875,
        1593956.34375,
        1608881.28125,
        1620325.546875,
        1669548.375,
        1606538.3125,
        1639640.125,
        1541053.03125,
        1545732.09375,
        1543014.4375,
        1705054.5625,
        1730675.25,
        1601379.40625,
        1464633.0,
        1480205.375,
        1442385.375,
        1327670.5625,
        1360438.359375,
        1452549.03125,
        1436864.75,
        1388582.734375,
        1460743.390625,
        1547161.15625,
        1563063.546875,
        1612154.1875,
        1569062.453125,
        1509967.9375
    ],
    "val_acc": [
        0.037037037037037035,
        0.07407407407407407,
        0.1111111111111111,
        0.2222222222222222,
        0.25925925925925924,
        0.24074074074074073,
        0.2777777777777778,
        0.24074074074074073,
        0.2962962962962963,
        0.3333333333333333,
        0.3888888888888889,
        0.3888888888888889,
        0.37037037037037035,
        0.37037037037037035,
        0.3888888888888889,
        0.37037037037037035,
        0.37037037037037035,
        0.3888888888888889,
        0.3888888888888889,
        0.4074074074074074,
        0.4074074074074074,
        0.37037037037037035,
        0.4074074074074074,
        0.3888888888888889,
        0.3888888888888889,
        0.4074074074074074,
        0.42592592592592593,
        0.3888888888888889,
        0.3888888888888889,
        0.3888888888888889,
        0.4074074074074074,
        0.3888888888888889,
        0.3888888888888889,
        0.4074074074074074,
        0.4074074074074074,
        0.4074074074074074,
        0.3888888888888889,
        0.37037037037037035,
        0.4074074074074074,
        0.3888888888888889
    ],
    "val_f1": [
        0.016326530612244896,
        0.04770186335403727,
        0.07896559961777352,
        0.15554187192118227,
        0.16861365235749473,
        0.15873015873015875,
        0.19007936507936507,
        0.18818155025051578,
        0.21636775922490206,
        0.21723356009070294,
        0.25810810810810814,
        0.2357142857142857,
        0.23113553113553115,
        0.23111349803079126,
        0.24857381549110874,
        0.22986633249791147,
        0.224001562347427,
        0.26285952977682303,
        0.256417559049138,
        0.3211361737677527,
        0.3143334526793174,
        0.27826384142173616,
        0.3100709849157054,
        0.28318249694556313,
        0.28318249694556313,
        0.3125866614588419,
        0.3161695447409733,
        0.28208616780045354,
        0.27539682539682536,
        0.27481021394064875,
        0.2963640986524282,
        0.2879099923722349,
        0.28620931210012607,
        0.28922902494331065,
        0.29782608695652174,
        0.29349708262751745,
        0.28637873754152826,
        0.27210884353741494,
        0.289517625231911,
        0.2698412698412698
    ]
}