{
    "train_loss": [
        2.273247167468071,
        2.2866313755512238,
        2.1383365988731384,
        2.1140811294317245,
        1.9780733734369278,
        1.8573384433984756,
        1.8556969165802002,
        1.7602622658014297,
        1.9148810058832169,
        1.93231400847435,
        1.9130517095327377,
        1.9143913239240646,
        2.0466195344924927,
        1.9307202696800232,
        1.9223323464393616,
        1.7985487580299377,
        1.5159570276737213,
        1.584857553243637,
        1.4221741408109665,
        1.5138221681118011,
        1.4712841510772705,
        1.3144928961992264,
        1.4627413153648376,
        1.3522700667381287,
        1.3050176352262497,
        1.3472986817359924,
        1.3203236758708954,
        1.3048782795667648,
        1.2147952318191528,
        1.1240764185786247,
        1.2454133480787277,
        1.0709220618009567,
        1.2086037322878838,
        1.0610167533159256,
        1.0737143084406853,
        1.137938879430294,
        1.0562668964266777,
        1.0921489149332047,
        1.3068155646324158,
        1.0407634377479553,
        1.073310099542141,
        1.0276584550738335,
        1.189830332994461,
        1.0223583206534386,
        1.124293401837349,
        1.018359437584877,
        1.2525701224803925,
        0.9789612889289856,
        1.0808731094002724,
        1.1251906231045723,
        1.0143389105796814,
        0.942017175257206,
        0.9311636984348297,
        1.024599477648735,
        1.075039841234684,
        0.9472503662109375,
        0.9617940485477448,
        0.843288280069828,
        0.8769361302256584,
        0.9524798765778542,
        0.9739903807640076,
        0.8390896320343018,
        0.8557223230600357,
        0.8179489076137543,
        0.8813113048672676,
        0.9794752299785614
    ],
    "train_acc": [
        0.07017543859649122,
        0.05701754385964912,
        0.06140350877192982,
        0.08771929824561403,
        0.08771929824561403,
        0.10526315789473684,
        0.12719298245614036,
        0.11842105263157894,
        0.10964912280701754,
        0.13157894736842105,
        0.14473684210526316,
        0.12719298245614036,
        0.11842105263157894,
        0.14035087719298245,
        0.08771929824561403,
        0.11842105263157894,
        0.17982456140350878,
        0.21052631578947367,
        0.21929824561403508,
        0.25877192982456143,
        0.2412280701754386,
        0.2149122807017544,
        0.27631578947368424,
        0.22807017543859648,
        0.3333333333333333,
        0.32456140350877194,
        0.3333333333333333,
        0.32894736842105265,
        0.37280701754385964,
        0.36403508771929827,
        0.34649122807017546,
        0.30701754385964913,
        0.2850877192982456,
        0.41228070175438597,
        0.42105263157894735,
        0.34649122807017546,
        0.4298245614035088,
        0.3508771929824561,
        0.3157894736842105,
        0.3991228070175439,
        0.40350877192982454,
        0.4166666666666667,
        0.27631578947368424,
        0.36403508771929827,
        0.42105263157894735,
        0.35964912280701755,
        0.35964912280701755,
        0.37280701754385964,
        0.41228070175438597,
        0.3157894736842105,
        0.32456140350877194,
        0.3991228070175439,
        0.4517543859649123,
        0.42543859649122806,
        0.4342105263157895,
        0.4342105263157895,
        0.4298245614035088,
        0.43859649122807015,
        0.44298245614035087,
        0.4517543859649123,
        0.4166666666666667,
        0.4868421052631579,
        0.41228070175438597,
        0.4824561403508772,
        0.4166666666666667,
        0.3815789473684211
    ],
    "train_f1": [
        0.06557703797574331,
        0.05460735171261486,
        0.05420830656679713,
        0.09109535795436796,
        0.07942225941479668,
        0.11408065422846592,
        0.13235795451305343,
        0.11224127550598874,
        0.11181432294216247,
        0.14503523115976755,
        0.13873865114178946,
        0.11773331423737927,
        0.11934942654460863,
        0.12929181534444692,
        0.08125975331857684,
        0.11401156049291299,
        0.1677956384505539,
        0.20055964326592635,
        0.19646243826642004,
        0.22717008330271773,
        0.21357090479155386,
        0.18040348761439962,
        0.24591147938427427,
        0.1700121903761859,
        0.28699191850378575,
        0.28885789789646293,
        0.2616544808272927,
        0.2728451669474217,
        0.2875741800494329,
        0.2696203230986154,
        0.2511018405326841,
        0.24394023029543455,
        0.20860492739264427,
        0.32706045895317576,
        0.3299726464599738,
        0.2563951543834538,
        0.332955911875921,
        0.25834019892865473,
        0.21832187796481395,
        0.2931361763601073,
        0.33596404285148695,
        0.3251282959190251,
        0.20906087293148698,
        0.27755314871683157,
        0.3284177381423639,
        0.28159198375448213,
        0.2812304699298702,
        0.2806980540505816,
        0.30761001231589463,
        0.2450810512193308,
        0.25785963744447643,
        0.31858223767644056,
        0.36803165483427125,
        0.3291009083806134,
        0.3642867944150823,
        0.35273893601898715,
        0.36854504941633853,
        0.35674336970712556,
        0.3488538932968162,
        0.3489359956776081,
        0.3451382018065588,
        0.41372027580256904,
        0.32690995021331737,
        0.3960917528642765,
        0.31668511894318346,
        0.28198334654622603
    ],
    "val_loss": [
        1.8511565923690796,
        2.0087839365005493,
        2.0691978931427,
        1.976394534111023,
        1.9346409440040588,
        1.7467823028564453,
        1.7256009578704834,
        1.839436948299408,
        1.8451619744300842,
        1.779545783996582,
        1.8126517534255981,
        1.688698649406433,
        1.6396611332893372,
        1.744845986366272,
        1.6906505227088928,
        1.5878728032112122,
        1.544146716594696,
        1.467707097530365,
        1.4081108570098877,
        1.30844247341156,
        1.3125574588775635,
        1.3254526257514954,
        1.292329490184784,
        1.2758787274360657,
        1.2823507189750671,
        1.2645047903060913,
        1.2357288599014282,
        1.204400897026062,
        1.127997636795044,
        1.0410618782043457,
        1.0285670757293701,
        1.0122275352478027,
        1.015354871749878,
        1.0093623399734497,
        1.0057951211929321,
        1.0262600183486938,
        1.152538239955902,
        1.147841989994049,
        1.1428613066673279,
        1.108955979347229,
        1.0990379452705383,
        1.0495697557926178,
        1.0084917545318604,
        1.0301998257637024,
        0.9836324155330658,
        0.9623843431472778,
        0.9610952138900757,
        0.9820441603660583,
        1.0046102702617645,
        1.0060979127883911,
        0.9689156413078308,
        1.0015807151794434,
        0.9641489088535309,
        0.9303082227706909,
        0.9312658905982971,
        0.9558310508728027,
        0.9383972585201263,
        0.9693020284175873,
        0.9132044911384583,
        0.9073141813278198,
        0.9135143458843231,
        0.937274158000946,
        0.8968623280525208,
        0.8980762362480164,
        0.8970403373241425,
        0.8746231496334076
    ],