{
    "train_loss": [
        0.7424149662256241,
        0.7702263444662094,
        0.6727363020181656,
        0.6790523082017899,
        0.5095526576042175,
        0.3914554640650749,
        0.34867768734693527,
        0.2935989052057266,
        0.39677249640226364,
        0.3438001275062561,
        0.21986225619912148,
        0.2280612476170063,
        0.30959704890847206,
        0.2380666434764862,
        0.2598494589328766,
        0.21459153667092323,
        0.18618233501911163,
        0.14604094810783863,
        0.17636878695338964,
        0.171994736418128,
        0.210429722443223,
        0.1086156815290451,
        0.1616107914596796,
        0.22924517467617989,
        0.11618364788591862,
        0.1880769282579422,
        0.11514369212090969,
        0.2068866677582264,
        0.13202197663486004,
        0.16309540905058384,
        0.14806583896279335,
        0.2194911167025566,
        0.2118727769702673,
        0.15316797234117985,
        0.1448797956109047,
        0.133469820022583,
        0.17712304182350636,
        0.11937827244400978,
        0.1272218246012926,
        0.15052222833037376,
        0.11243666708469391,
        0.1067863954231143,
        0.12758426368236542,
        0.09367339685559273,
        0.10929501615464687,
        0.14220131188631058,
        0.1044432483613491
    ],
    "train_acc": [
        0.391304347826087,
        0.3652173913043478,
        0.43478260869565216,
        0.3826086956521739,
        0.5739130434782609,
        0.591304347826087,
        0.6260869565217392,
        0.6347826086956522,
        0.6695652173913044,
        0.6956521739130435,
        0.808695652173913,
        0.7739130434782608,
        0.7478260869565218,
        0.7739130434782608,
        0.6695652173913044,
        0.7739130434782608,
        0.8173913043478261,
        0.8173913043478261,
        0.7478260869565218,
        0.782608695652174,
        0.7304347826086957,
        0.8434782608695652,
        0.8695652173913043,
        0.808695652173913,
        0.8869565217391304,
        0.8347826086956521,
        0.8521739130434782,
        0.8695652173913043,
        0.8695652173913043,
        0.7391304347826086,
        0.8521739130434782,
        0.808695652173913,
        0.6434782608695652,
        0.8782608695652174,
        0.7217391304347827,
        0.7217391304347827,
        0.808695652173913,
        0.8,
        0.8608695652173913,
        0.8695652173913043,
        0.7391304347826086,
        0.8956521739130435,
        0.8521739130434782,
        0.8869565217391304,
        0.8782608695652174,
        0.8956521739130435,
        0.8347826086956521
    ],
    "train_f1": [
        0.34470899470899474,
        0.2903578122577826,
        0.35899426660296224,
        0.32405085937000827,
        0.4869788735036962,
        0.4989414401948304,
        0.581663929939792,
        0.5783607073929654,
        0.5752798523933117,
        0.626734117157608,
        0.7306496792265293,
        0.6770499652852594,
        0.6773798134417603,
        0.6727597021714669,
        0.5899492583918814,
        0.6766446326563629,
        0.7113240418118467,
        0.764423076923077,
        0.6762548583700073,
        0.7292301000434972,
        0.6559800577395886,
        0.7897830997246201,
        0.797387363369768,
        0.7434537684537684,
        0.8439273145155498,
        0.781552647049723,
        0.800101419878296,
        0.8164806182398974,
        0.8062853107344633,
        0.6638888888888889,
        0.8033746556473829,
        0.736994136994137,
        0.5457265404330996,
        0.8288137408372013,
        0.6694410416950228,
        0.673076923076923,
        0.7300334120257492,
        0.7489296351451973,
        0.8095287237702099,
        0.8177010148321623,
        0.6486094038659219,
        0.8428703912574881,
        0.792880962737422,
        0.8176930955566336,
        0.8453187446208382,
        0.8539529914529914,
        0.762067562067562
    ],
    "val_loss": [
        0.5803588032722473,
        0.3991769552230835,
        0.36722564697265625,
        0.3928867280483246,
        0.3251791298389435,
        0.3066960573196411,
        0.2864072620868683,
        0.26415470242500305,
        0.2708214521408081,
        0.29000210762023926,
        0.3406048119068146,
        0.33643269538879395,
        0.3057699203491211,
        0.30050551891326904,
        0.29887524247169495,
        0.3146028220653534,
        0.3440307080745697,
        0.35842251777648926,
        0.3823600709438324,
        0.4081020653247833,
        0.4383823573589325,
        0.4407272934913635,
        0.4488116502761841,
        0.4269569516181946,
        0.3912818431854248,
        0.3954640030860901,
        0.37392884492874146,
        0.35670819878578186,
        0.34279894828796387,
        0.34111863374710083,
        0.32858702540397644,
        0.32800668478012085,
        0.3218730390071869,
        0.3232695460319519,
        0.3223329782485962,
        0.3361903131008148,
        0.34880152344703674,
        0.34256690740585327,
        0.32504376769065857,
        0.30676084756851196,
        0.3048290014266968,
        0.3014010190963745,
        0.2991461157798767,
        0.30247074365615845,
        0.3237167298793793,
        0.34371882677078247,
        0.333782821893692
    ],
    "val_acc": [
        0.27586206896551724,
        0.5862068965517241,
        0.5172413793103449,
        0.5517241379310345,
        0.6551724137931034,
        0.6551724137931034,
        0.6896551724137931,
        0.6896551724137931,
        0.7586206896551724,
        0.7586206896551724,
        0.7586206896551724,
        0.7931034482758621,
        0.7931034482758621,
        0.7586206896551724,
        0.7586206896551724,
        0.8275862068965517,
        0.8275862068965517,
        0.8275862068965517,
        0.7931034482758621,
        0.7241379310344828,
        0.6896551724137931,
        0.6551724137931034,
        0.6551724137931034,
        0.7241379310344828,
        0.7586206896551724,
        0.7586206896551724,
        0.8275862068965517,
        0.7586206896551724,
        0.7931034482758621,
        0.8275862068965517,
        0.8275862068965517,
        0.8275862068965517,
        0.8275862068965517,
        0.8275862068965517,
        0.7931034482758621,
        0.7586206896551724,
        0.7586206896551724,
        0.7241379310344828,
        0.7586206896551724,
        0.7931034482758621,
        0.7586206896551724,
        0.7586206896551724,
        0.7586206896551724,
        0.7586206896551724,
        0.7931034482758621,
        0.7931034482758621,
        0.7931034482758621
    ],