{
    "train_loss": [
        0.832160010933876,
        0.8338343799114227,
        0.7484403699636459,
        0.512854278087616,
        0.3651396185159683,
        0.42777119576931,
        0.37188640236854553,
        0.312382236123085,
        0.3149135485291481,
        0.3226495645940304,
        0.33004865795373917,
        0.24155140668153763,
        0.19407540187239647,
        0.3418911062180996,
        0.19898737594485283,
        0.2965267524123192,
        0.16436577774584293,
        0.15541016310453415,
        0.15475103445351124,
        0.1833498701453209,
        0.1608026959002018,
        0.20763860642910004,
        0.14962960965931416,
        0.2443831693381071,
        0.12556177005171776,
        0.11000071093440056,
        0.23331092856824398,
        0.2185241151601076,
        0.1129970345646143,
        0.11585843935608864,
        0.14076711237430573
    ],
    "train_acc": [
        0.3217391304347826,
        0.33043478260869563,
        0.3391304347826087,
        0.3739130434782609,
        0.6,
        0.6347826086956522,
        0.7217391304347827,
        0.6782608695652174,
        0.6521739130434783,
        0.5826086956521739,
        0.7304347826086957,
        0.7130434782608696,
        0.8434782608695652,
        0.7217391304347827,
        0.8260869565217391,
        0.7304347826086957,
        0.8869565217391304,
        0.8260869565217391,
        0.8521739130434782,
        0.7478260869565218,
        0.7217391304347827,
        0.7565217391304347,
        0.8782608695652174,
        0.8608695652173913,
        0.8608695652173913,
        0.8782608695652174,
        0.8782608695652174,
        0.6695652173913044,
        0.7478260869565218,
        0.7565217391304347,
        0.7565217391304347
    ],
    "train_f1": [
        0.28114366253901135,
        0.29959722533005145,
        0.2955544229244535,
        0.35589912032317744,
        0.5709028267167802,
        0.5938398118849246,
        0.6805892937471884,
        0.6158504958047292,
        0.6200464681996829,
        0.5402497374256039,
        0.6863925236018259,
        0.6356060606060606,
        0.781555588315442,
        0.6536712150747239,
        0.7665212045229887,
        0.6918578497525866,
        0.8509684621349626,
        0.7902882205513784,
        0.7790240062967335,
        0.6892368662703591,
        0.6702186702186702,
        0.6720287288469106,
        0.8241022666859988,
        0.8343932815589392,
        0.8318239869964007,
        0.8370739160212844,
        0.8470538720538721,
        0.6408350658350659,
        0.7287061597406425,
        0.7056622738440921,
        0.7113618573037783
    ],
    "val_loss": [
        0.4921703636646271,
        0.3927351236343384,
        0.35161757469177246,
        0.32356682419776917,
        0.30735328793525696,
        0.28227490186691284,
        0.2825564742088318,
        0.2719174921512604,
        0.26440659165382385,
        0.22600269317626953,
        0.1707918792963028,
        0.15871034562587738,
        0.14421266317367554,
        0.1314670592546463,
        0.1397394835948944,
        0.13414639234542847,
        0.13388414680957794,
        0.10396412760019302,
        0.10038507729768753,
        0.12551440298557281,
        0.1222379133105278,
        0.0954819843173027,
        0.08612014353275299,
        0.08399035781621933,
        0.07931321114301682,
        0.08113358914852142,
        0.08834010362625122,
        0.09144608676433563,
        0.08810491859912872,
        0.08534952998161316,
        0.08100881427526474
    ],
    "val_acc": [
        0.3448275862068966,
        0.6896551724137931,
        0.6896551724137931,
        0.6551724137931034,
        0.6206896551724138,
        0.6896551724137931,
        0.6896551724137931,
        0.7931034482758621,
        0.7586206896551724,
        0.7931034482758621,
        0.896551724137931,
        0.8620689655172413,
        0.896551724137931,
        0.8620689655172413,
        0.7931034482758621,
        0.8275862068965517,
        0.8275862068965517,
        0.8620689655172413,
        0.8620689655172413,
        0.8275862068965517,
        0.7931034482758621,
        0.8620689655172413,
        0.896551724137931,
        0.896551724137931,
        0.896551724137931,
        0.8620689655172413,
        0.896551724137931,
        0.8620689655172413,
        0.8620689655172413,
        0.896551724137931,
        0.8620689655172413
    ],
    "val_f1": [
        0.3204545454545455,
        0.49242424242424243,
        0.4899485741000467,
        0.4688644688644688,
        0.4541062801932367,
        0.5921516754850088,
        0.6318840579710144,
        0.7515151515151515,
        0.6898550724637681,
        0.7565217391304347,
        0.8804232804232804,
        0.8146400483968542,
        0.8248847926267281,
        0.7888888888888889,
        0.7285714285714286,
        0.7573435504469987,
        0.7573435504469987,
        0.7888888888888889,
        0.7888888888888889,
        0.7528265107212476,
        0.6786926994906621,
        0.7888888888888889,
        0.8544061302681992,
        0.8544061302681992,
        0.8544061302681992,
        0.8190476190476191,
        0.872053872053872,
        0.8190476190476191,
        0.8190476190476191,
        0.8544061302681992,
        0.8190476190476191
    ]
}