{
    "train_loss": [
        1.9873360088893346,
        1.583050206729344,
        1.426941650254386,
        1.3263944864273072,
        1.2957989931106568,
        1.260971200466156,
        1.303575701372964,
        1.2090028728757585,
        1.2459558384759086,
        1.156979056767055,
        1.2078555958611625,
        1.225679394177028,
        1.1705374513353621,
        1.2310754997389657,
        1.136433630330222,
        1.1537143060139248,
        1.0700355359486171,
        1.137363028526306,
        1.181241124016898,
        1.043645795754024,
        1.0863812293325152,
        1.1325449977602278,
        1.1001349346978324,
        1.1145820413317,
        1.1747076255934579,
        1.1114008886473519,
        1.0913571323667253,
        1.101570076601846,
        1.0449576258659363,
        1.0620426774024962,
        1.042150603021894,
        0.9900381854602269,
        1.0947743279593332,
        1.034592638696943,
        1.0473585043634688,
        1.0589370506150382,
        1.059576165676117,
        1.071643020425524,
        1.0270363569259644,
        0.9460727163723537,
        1.0061466932296752,
        1.0573751398495266,
        0.9781121577535357,
        1.0404866201536995,
        1.0548582519803729,
        0.9838775958333696,
        0.9739774107933045,
        0.9832638485091073,
        0.9995367969785418,
        0.9696444800921848,
        0.9692074094499861,
        0.9032856123788017,
        0.9995853577341353,
        0.9937420180865697,
        1.0874116522925241,
        0.958323998110635,
        1.0116437213761467,
        1.0090375542640686,
        0.9879137652260916,
        0.9667257870946612,
        0.9912899221692767,
        0.9559677192143031,
        0.9656721796308245,
        0.8914854083742414,
        0.8446792551449367,
        0.9657409565789359,
        0.9475123524665833,
        0.9495328681809562,
        0.9443214467593601,
        0.863242312840053,
        0.8737848307405199,
        0.8825171215193612,
        0.9007816314697266,
        0.923961911882673,
        0.9217690008027213,
        0.8803064925330025,
        0.9493219137191773,
        0.9210966876574925,
        0.8877884072916848,
        0.9476471475192478,
        0.9113095079149519,
        0.9240383420671735,
        0.9622724669320243
    ],
    "train_acc": [
        0.26348920863309355,
        0.3444244604316547,
        0.45143884892086333,
        0.4712230215827338,
        0.4370503597122302,
        0.493705035971223,
        0.49280575539568344,
        0.5080935251798561,
        0.44154676258992803,
        0.533273381294964,
        0.493705035971223,
        0.4892086330935252,
        0.5044964028776978,
        0.49460431654676257,
        0.5143884892086331,
        0.4766187050359712,
        0.5161870503597122,
        0.5134892086330936,
        0.5188848920863309,
        0.572841726618705,
        0.5134892086330936,
        0.5503597122302158,
        0.5143884892086331,
        0.5053956834532374,
        0.5296762589928058,
        0.5341726618705036,
        0.47302158273381295,
        0.5071942446043165,
        0.4802158273381295,
        0.5476618705035972,
        0.5809352517985612,
        0.533273381294964,
        0.4829136690647482,
        0.5593525179856115,
        0.5431654676258992,
        0.5989208633093526,
        0.5710431654676259,
        0.5449640287769785,
        0.5557553956834532,
        0.5701438848920863,
        0.5638489208633094,
        0.512589928057554,
        0.5512589928057554,
        0.5629496402877698,
        0.5836330935251799,
        0.552158273381295,
        0.5809352517985612,
        0.6133093525179856,
        0.5494604316546763,
        0.585431654676259,
        0.5296762589928058,
        0.5953237410071942,
        0.5287769784172662,
        0.5557553956834532,
        0.5746402877697842,
        0.564748201438849,
        0.5881294964028777,
        0.5539568345323741,
        0.5485611510791367,
        0.5701438848920863,
        0.5584532374100719,
        0.560251798561151,
        0.6088129496402878,
        0.6636690647482014,
        0.5845323741007195,
        0.5764388489208633,
        0.5539568345323741,
        0.5683453237410072,
        0.6223021582733813,
        0.6106115107913669,
        0.6294964028776978,
        0.6034172661870504,
        0.5836330935251799,
        0.5944244604316546,
        0.48651079136690645,
        0.5881294964028777,
        0.5224820143884892,
        0.585431654676259,
        0.6187050359712231,
        0.5548561151079137,
        0.545863309352518,
        0.6052158273381295,
        0.5152877697841727
    ],
    "val_loss": [
        1.6800054046842787,
        1.4929512606726751,
        1.4394443962309096,
        1.6423909664154053,
        1.579537272453308,
        1.5751211775673761,
        1.5237266620000203,
        1.696301645702786,
        1.7744552956687079,
        1.5082470575968425,
        1.7092107666863336,
        1.5632137325074937,
        1.419825832049052,
        1.353387223349677,
        1.6032334036297269,
        1.5589639478259616,
        1.5921179321077135,
        1.5142780939737956,
        1.3764638238483005,
        1.5618271165423923,
        1.8174474504258897,
        1.4776873853471544,
        1.4904787407981024,
        1.4089194933573406,
        1.3573834366268582,
        1.3567081292470295,
        1.5283134645885892,
        1.3881854613622029,
        1.433815558751424,
        1.1639323433240254,
        1.3103713459438748,
        1.4262290398279827,
        1.4346320496665106,
        1.2762007845772638,
        1.3666347000333998,
        1.2157545222176447,
        1.245536122057173,
        1.4348663224114313,
        1.3202377160390217,
        1.2372951640023127,
        1.3047408395343356,
        1.3319211138619318,
        1.260696808497111,
        1.2651650110880535,
        1.228514485889011,
        1.3255985975265503,
        1.2909678353203669,
        1.25504469871521,
        1.2179019186231825,
        1.2484293911192152,
        1.3955902258555095,
        1.3423437145021226,
        1.1972224911053975,
        1.1997715764575534,
        1.3449463844299316,
        1.3455820216072931,
        1.2118568552864923,
        1.2842387358347576,
        1.269892030292087,
        1.1556144091818068,
        1.2507499191496108,
        1.1543322602907817,
        1.1193479829364352,
        1.2480566302935283,
        1.3268110222286649,
        1.2407422926690843,
        1.1915589107407465,
        1.178120752175649,
        1.229315784242418,
        1.3467623657650418,
        1.2990679740905762,
        1.3855802880393133,
        1.2315702901946173,
        1.3445016145706177,
        1.2614057064056396,
        1.2042864825990465,
        1.267166018486023,
        1.2088349395328097,
        1.3068037960264418,
        1.2789155774646335,
        1.2143579853905573,
        1.143324851989746,
        1.297025031513638
    ],