{
    "train_loss": [
        0.5456958934664726,
        0.4247557520866394,
        0.2829202488064766,
        0.21881774067878723,
        0.21400558948516846,
        0.26394347101449966,
        0.1510300189256668,
        0.14599385857582092,
        0.1449584774672985,
        0.17967293411493301,
        0.1762676164507866,
        0.16213247179985046,
        0.08735223487019539,
        0.10950763337314129,
        0.08577633649110794,
        0.059442722238600254,
        0.08555991668254137,
        0.07235454861074686,
        0.1462881937623024
    ],
    "train_acc": [
        0.53125,
        0.671875,
        0.578125,
        0.7578125,
        0.75,
        0.6640625,
        0.8359375,
        0.828125,
        0.765625,
        0.765625,
        0.828125,
        0.8046875,
        0.796875,
        0.8828125,
        0.890625,
        0.9375,
        0.8984375,
        0.9140625,
        0.90625
    ],
    "val_loss": [
        0.2972223460674286,
        0.25654539465904236,
        0.23237155377864838,
        0.21659401059150696,
        0.1943628340959549,
        0.16945618391036987,
        0.14150738716125488,
        0.1276448518037796,
        0.11278761178255081,
        0.11018624901771545,
        0.10667348653078079,
        0.12974455952644348,
        0.14330461621284485,
        0.15383312106132507,
        0.1215515285730362,
        0.11160042881965637,
        0.10466334223747253,
        0.09808415174484253,
        0.10223302990198135
    ],
    "val_acc": [
        0.7692307692307693,
        0.8461538461538461,
        0.8461538461538461,
        0.8846153846153846,
        0.8461538461538461,
        0.8461538461538461,
        0.8461538461538461,
        0.8846153846153846,
        0.8846153846153846,
        0.9230769230769231,
        0.8461538461538461,
        0.8461538461538461,
        0.8461538461538461,
        0.8076923076923077,
        0.8076923076923077,
        0.8846153846153846,
        0.8846153846153846,
        0.8846153846153846,
        0.8846153846153846
    ],
    "val_f1": [
        0.6400560224089635,
        0.8005050505050505,
        0.8044243338360985,
        0.8762315270935961,
        0.7830687830687829,
        0.7788702525544631,
        0.7188034188034189,
        0.8104761904761905,
        0.8104761904761905,
        0.8555555555555555,
        0.7955826008564345,
        0.7830687830687829,
        0.7992202729044834,
        0.6914431673052363,
        0.6914431673052363,
        0.828042328042328,
        0.828042328042328,
        0.828042328042328,
        0.828042328042328
    ]
}