{
  "dynamic": {
    "mean": [
      20.363701089224495
    ],
    "std": [
      59.302259781163265
    ],
    "num_channels": 1,
    "channel_names": [
      "Band_0"
    ],
    "total_samples": 94759488
  },
  "static": {
    "mean": [
      2218.603415148244
    ],
    "std": [
      1611.6093941764545
    ],
    "num_channels": 1,
    "channel_names": [
      "Band_0"
    ],
    "total_samples": 471345270
  }
}