{
  "train_loss": [
    621172731.8709677,
    613818574.451613,
    600266793.2903225,
    605388133.1612903,
    590421229.4193548,
    617834147.0967742,
    595276121.8064516,
    598417133.4193548,
    599177205.6774193,
    602411855.483871,
    597140825.8064516,
    583919146.3225807,
    601828403.6129032,
    609042563.0967742,
    604872214.7096775
  ],
  "train_accuracy": [],
  "train_f1_macro": [],
  "train_f1_weighted": [],
  "val_loss": [
    668243666.2857143,
    610866139.4285715,
    599453170.2857143,
    587660777.1428572,
    676803282.2857143,
    591052964.5714285,
    668243666.2857143,
    676803282.2857143,
    651792182.8571428,
    614258326.8571428,
    612421842.2857143,
    652383689.1428572,
    676803282.2857143,
    651792146.2857143,
    551396493.7142857
  ],
  "val_accuracy": [],
  "val_f1_macro": [],
  "val_f1_weighted": [],
  "val_iou": []
}