{
    "train_loss": [
        0.36377055460915847,
        0.41027434827650294,
        0.4394746584927334,
        0.3960411088431583,
        0.3201358033453717,
        0.2784012130954686,
        0.3013176821610507,
        0.28067681281005635,
        0.27687404523877535,
        0.20361500452546513,
        0.18405275375527494,
        0.18310200094300158,
        0.1679542204912971,
        0.18615938175250502,
        0.18658339582821903,
        0.18493171934695804,
        0.1831719458979719,
        0.13410977624795017,
        0.1189215270911946,
        0.14848579532083342,
        0.186592667199233,
        0.12257351901601343,
        0.14324517153641758,
        0.09920021738199626,
        0.15037108881070332,
        0.11630329697885934,
        0.1111153952558251,
        0.10449074712746284,
        0.1395777160411372,
        0.10905594521147363,
        0.09023465106592458,
        0.11274420404258896,
        0.09242009426302769,
        0.09727182403645095,
        0.08872383986325826,
        0.10211949905051905,
        0.11357997818028226,
        0.10804850158884245,
        0.10221385977724019,
        0.08908072596087176,
        0.10237200569142313,
        0.10843024676775231,
        0.0912932052879649,
        0.06005691709544729,
        0.0923544717952609,
        0.08273014754933469,
        0.06111764880445074,
        0.06308766996816677,
        0.07323058267288349,
        0.09057350182796226,
        0.0698921132065794,
        0.060806703370283634,
        0.06165024369735928,
        0.07582489483277588,
        0.04301196588751148,
        0.048123821123119664,
        0.05391792509266559,
        0.04865307278712006,
        0.07811089199693765,
        0.05717224468860556,
        0.04585444305420799,
        0.058763742446899414,
        0.0823215954553555,
        0.05619835965883206,
        0.051981758654994124
    ],
    "train_acc": [
        0.08088235294117647,
        0.07996323529411764,
        0.09283088235294118,
        0.12683823529411764,
        0.13419117647058823,
        0.15808823529411764,
        0.17830882352941177,
        0.2261029411764706,
        0.25183823529411764,
        0.29963235294117646,
        0.3584558823529412,
        0.3851102941176471,
        0.4338235294117647,
        0.4117647058823529,
        0.48253676470588236,
        0.47610294117647056,
        0.5055147058823529,
        0.5625,
        0.5533088235294118,
        0.5542279411764706,
        0.5551470588235294,
        0.5955882352941176,
        0.5836397058823529,
        0.6139705882352942,
        0.5790441176470589,
        0.6810661764705882,
        0.6433823529411765,
        0.5882352941176471,
        0.5836397058823529,
        0.6479779411764706,
        0.6948529411764706,
        0.6875,
        0.6222426470588235,
        0.6323529411764706,
        0.703125,
        0.6001838235294118,
        0.6691176470588235,
        0.6112132352941176,
        0.6360294117647058,
        0.6590073529411765,
        0.7297794117647058,
        0.6194852941176471,
        0.6433823529411765,
        0.7233455882352942,
        0.6590073529411765,
        0.7325367647058824,
        0.7334558823529411,
        0.7196691176470589,
        0.7288602941176471,
        0.6645220588235294,
        0.7251838235294118,
        0.6295955882352942,
        0.7444852941176471,
        0.6240808823529411,
        0.6810661764705882,
        0.7582720588235294,
        0.7334558823529411,
        0.7573529411764706,
        0.7058823529411765,
        0.7454044117647058,
        0.8014705882352942,
        0.7123161764705882,
        0.6829044117647058,
        0.7711397058823529,
        0.7895220588235294
    ],
    "val_loss": [
        0.12893986701965332,
        0.13579332530498506,
        0.12105225771665573,
        0.10283486992120743,
        0.09784519374370575,
        0.10070717334747314,
        0.0973048448562622,
        0.09737143218517304,
        0.0853593960404396,
        0.07665219604969024,
        0.07536580711603165,
        0.07210764065384864,
        0.07107533887028694,
        0.06741021797060967,
        0.06224804669618607,
        0.06231225878000259,
        0.0629858285188675,
        0.05968646854162216,
        0.05791680589318275,
        0.06519137546420098,
        0.063388542085886,
        0.058620645105838774,
        0.06089113131165504,
        0.061186150461435315,
        0.05631460398435593,
        0.06223986074328423,
        0.058379363268613815,
        0.06682378724217415,
        0.06554125994443893,
        0.062288150936365125,
        0.06582312360405922,
        0.06851075887680054,
        0.06239529475569725,
        0.07299952805042267,
        0.0684928648173809,
        0.05948336757719517,
        0.06964161992073059,
        0.06678721010684967,
        0.06184164434671402,
        0.058815556764602664,
        0.06374674662947655,
        0.06612732261419296,
        0.07142810374498368,
        0.07394419312477112,
        0.06708794683218003,
        0.06323372796177865,
        0.06317761540412903,
        0.07244782447814942,
        0.06674882471561432,
        0.07566653341054916,
        0.06881669983267784,
        0.06458472460508347,
        0.06582658216357232,
        0.06629376634955406,
        0.06888511776924133,
        0.062015949934720996,
        0.06812759041786194,
        0.0707112155854702,
        0.06610367074608803,
        0.06624159477651119,
        0.07002294063568115,
        0.0772838607430458,
        0.0831994079053402,
        0.07992839366197586,
        0.07194485366344452
    ],
    "val_acc": [
        0.08273381294964029,
        0.0683453237410072,
        0.09352517985611511,
        0.16906474820143885,
        0.2158273381294964,
        0.2733812949640288,
        0.25539568345323743,
        0.2949640287769784,
        0.34532374100719426,
        0.39928057553956836,
        0.420863309352518,
        0.4856115107913669,
        0.5323741007194245,
        0.579136690647482,
        0.5611510791366906,
        0.5287769784172662,
        0.579136690647482,
        0.5935251798561151,
        0.60431654676259,
        0.5899280575539568,
        0.6258992805755396,
        0.6474820143884892,
        0.6115107913669064,
        0.6474820143884892,
        0.6438848920863309,
        0.6402877697841727,
        0.6726618705035972,
        0.6294964028776978,
        0.6330935251798561,
        0.6258992805755396,
        0.6546762589928058,
        0.6402877697841727,
        0.6402877697841727,
        0.6294964028776978,
        0.6654676258992805,
        0.6618705035971223,
        0.6079136690647482,
        0.6726618705035972,
        0.6151079136690647,
        0.6726618705035972,
        0.6546762589928058,
        0.6079136690647482,
        0.6330935251798561,
        0.6474820143884892,
        0.6546762589928058,
        0.6474820143884892,
        0.6726618705035972,
        0.6294964028776978,
        0.6151079136690647,
        0.6294964028776978,
        0.6330935251798561,
        0.6510791366906474,
        0.6438848920863309,
        0.6546762589928058,
        0.6187050359712231,
        0.6438848920863309,
        0.6546762589928058,
        0.6438848920863309,
        0.6510791366906474,
        0.658273381294964,
        0.6330935251798561,
        0.6402877697841727,
        0.5827338129496403,
        0.6366906474820144,
        0.6115107913669064
    ],