{
    "train_loss": [
        0.0,
        0.0,
        0.0,
        0.0,
        0.0,
        0.0,
        0.0,
        0.0,
        0.0,
        0.0,
        0.0,
        0.0,
        0.0,
        0.0,
        0.0,
        0.0,
        0.0,
        0.0,
        0.0,
        0.0,
        0.0,
        0.0,
        0.0,
        0.0,
        0.0,
        0.0,
        0.0,
        0.0,
        0.0,
        0.0,
        0.0,
        0.0,
        0.0,
        0.0,
        0.0,
        0.0,
        0.0,
        0.0,
        0.0,
        0.0,
        0.0,
        0.0,
        0.0,
        0.0,
        0.0,
        0.0,
        0.0,
        0.0,
        0.0,
        0.0,
        0.0,
        0.0,
        0.0,
        0.0,
        0.0,
        0.0
    ],
    "train_acc": [
        0.3046875,
        0.265625,
        0.3125,
        0.2734375,
        0.34375,
        0.328125,
        0.40625,
        0.3984375,
        0.3046875,
        0.328125,
        0.2421875,
        0.34375,
        0.3828125,
        0.2890625,
        0.3203125,
        0.375,
        0.2265625,
        0.265625,
        0.265625,
        0.3359375,
        0.3046875,
        0.34375,
        0.2734375,
        0.3359375,
        0.3203125,
        0.3203125,
        0.328125,
        0.359375,
        0.265625,
        0.3125,
        0.3359375,
        0.328125,
        0.3515625,
        0.3203125,
        0.3125,
        0.2890625,
        0.3125,
        0.390625,
        0.3125,
        0.2734375,
        0.2734375,
        0.3359375,
        0.328125,
        0.296875,
        0.375,
        0.3359375,
        0.3515625,
        0.3359375,
        0.3046875,
        0.34375,
        0.359375,
        0.3046875,
        0.28125,
        0.2578125,
        0.3046875,
        0.3671875
    ],
    "val_loss": [
        0.0,
        0.0,
        0.0,
        0.0,
        0.0,
        0.0,
        0.0,
        0.0,
        0.0,
        0.0,
        0.0,
        0.0,
        0.0,
        0.0,
        0.0,
        0.0,
        0.0,
        0.0,
        0.0,
        0.0,
        0.0,
        0.0,
        0.0,
        0.0,
        0.0,
        0.0,
        0.0,
        0.0,
        0.0,
        0.0,
        0.0,
        0.0,
        0.0,
        0.0,
        0.0,
        0.0,
        0.0,
        0.0,
        0.0,
        0.0,
        0.0,
        0.0,
        0.0,
        0.0,
        0.0,
        0.0,
        0.0,
        0.0,
        0.0,
        0.0,
        0.0,
        0.0,
        0.0,
        0.0,
        0.0,
        0.0
    ],
    "val_acc": [
        0.19230769230769232,
        0.19230769230769232,
        0.3076923076923077,
        0.34615384615384615,
        0.3076923076923077,
        0.2692307692307692,
        0.34615384615384615,
        0.38461538461538464,
        0.38461538461538464,
        0.4230769230769231,
        0.4230769230769231,
        0.3076923076923077,
        0.34615384615384615,
        0.4230769230769231,
        0.34615384615384615,
        0.34615384615384615,
        0.34615384615384615,
        0.2692307692307692,
        0.3076923076923077,
        0.34615384615384615,
        0.23076923076923078,
        0.34615384615384615,
        0.38461538461538464,
        0.38461538461538464,
        0.34615384615384615,
        0.38461538461538464,
        0.46153846153846156,
        0.46153846153846156,
        0.4230769230769231,
        0.34615384615384615,
        0.4230769230769231,
        0.38461538461538464,
        0.4230769230769231,
        0.38461538461538464,
        0.34615384615384615,
        0.46153846153846156,
        0.4230769230769231,
        0.46153846153846156,
        0.46153846153846156,
        0.38461538461538464,
        0.34615384615384615,
        0.38461538461538464,
        0.4230769230769231,
        0.38461538461538464,
        0.4230769230769231,
        0.38461538461538464,
        0.38461538461538464,
        0.4230769230769231,
        0.38461538461538464,
        0.38461538461538464,
        0.38461538461538464,
        0.34615384615384615,
        0.38461538461538464,
        0.38461538461538464,
        0.4230769230769231,
        0.4230769230769231
    ],
    "val_f1": [
        0.13968253968253966,
        0.13957307060755336,
        0.2594268476621418,
        0.2826086956521739,
        0.25146198830409355,
        0.22424242424242424,
        0.3114478114478114,
        0.3375139353400223,
        0.3512949039264828,
        0.3746157224418094,
        0.37878787878787873,
        0.2587301587301587,
        0.3211233211233211,
        0.3746157224418094,
        0.2818181818181818,
        0.2857142857142857,
        0.3114478114478114,
        0.2253968253968254,
        0.2571428571428571,
        0.28708133971291866,
        0.22573099415204678,
        0.3195488721804511,
        0.3368854788292128,
        0.3417508417508417,
        0.3195488721804511,
        0.30816170861937453,
        0.40277777777777773,
        0.40277777777777773,
        0.38702553485162183,
        0.28708133971291866,
        0.3746157224418094,
        0.3368854788292128,
        0.38702553485162183,
        0.3595959595959595,
        0.2929292929292929,
        0.4304626532887403,
        0.3746157224418094,
        0.40047534165181226,
        0.40277777777777773,
        0.3368854788292128,
        0.3114478114478114,
        0.30816170861937453,
        0.3887959866220736,
        0.3510822510822511,
        0.3746157224418094,
        0.3476874003189792,
        0.30816170861937453,
        0.3746157224418094,
        0.3375139353400223,
        0.3417508417508417,
        0.3368854788292128,
        0.3114478114478114,
        0.3368854788292128,
        0.3368854788292128,
        0.37610116510372266,
        0.37610116510372266
    ]
}