{
  "dynamic": {
    "mean": [
      1735.338498358824
    ],
    "std": [
      2047.9215585271743
    ],
    "num_channels": 1,
    "channel_names": [
      "Band_0"
    ],
    "total_samples": 4739371810
  },
  "static": {
    "mean": [
      800.0923764757118
    ],
    "std": [
      1371.899551930854
    ],
    "num_channels": 1,
    "channel_names": [
      "Band_0"
    ],
    "total_samples": 1414035810
  }
}