{
    "train_loss": [
        3.2565178871154785,
        3.099396288394928,
        2.187688499689102,
        1.6343952119350433,
        1.2682906687259674,
        1.191112533211708,
        0.8882195055484772,
        0.8186376690864563,
        0.9801793247461319,
        0.9601351469755173,
        0.7647556513547897,
        0.8761468827724457,
        0.6004548370838165,
        0.5357801988720894,
        0.4724980592727661,
        0.4977797865867615,
        0.6577334702014923,
        0.4995972812175751,
        0.4284506291151047,
        0.6306687220931053,
        0.4271123856306076,
        0.4848463907837868,
        0.34737177938222885,
        0.44873232021927834,
        0.7115465402603149,
        0.43788591027259827,
        0.45531123131513596,
        0.5120666921138763,
        0.3626067750155926,
        0.4248911179602146,
        0.31597064435482025,
        0.24364343285560608,
        0.38380125910043716,
        0.34067974612116814,
        0.40081705898046494,
        0.29126619175076485,
        0.33890270069241524,
        0.27225952222943306,
        0.3645419366657734,
        0.2927510216832161,
        0.3428296558558941,
        0.2860780954360962,
        0.20164822600781918,
        0.20098844170570374,
        0.33315204083919525,
        0.311611145734787,
        0.35410900227725506,
        0.3358195908367634,
        0.2866513431072235,
        0.1998414471745491,
        0.17600299790501595,
        0.4078104943037033,
        0.43679697439074516,
        0.2317923605442047,
        0.4401763938367367
    ],
    "train_acc": [
        0.34764685997596156,
        0.3602717472956731,
        0.48453463040865385,
        0.5646550105168269,
        0.628082275390625,
        0.6656306340144231,
        0.6389700082632211,
        0.6831782414362981,
        0.7035358135516827,
        0.6394981971153846,
        0.608734130859375,
        0.7044090857872596,
        0.7034090482271634,
        0.7222055288461539,
        0.7054114708533654,
        0.7413776104266827,
        0.7519554725060096,
        0.7389174241286057,
        0.6486018254206731,
        0.6897230881911057,
        0.7376896784855769,
        0.7518873948317307,
        0.677459716796875,
        0.7526151216947116,
        0.7250765286959134,
        0.6954909104567307,
        0.7409104567307693,
        0.6816288874699519,
        0.7428494966947116,
        0.7735360952524039,
        0.7227384127103366,
        0.7711815467247596,
        0.7955181415264423,
        0.8093026968149039,
        0.796539306640625,
        0.7893136831430289,
        0.7507394643930289,
        0.7610684908353366,
        0.6862816443810096,
        0.7679490309495193,
        0.7999197152944711,
        0.7981050931490384,
        0.8036733774038461,
        0.8113896296574519,
        0.6604356032151443,
        0.7855083759014423,
        0.7945580115685096,
        0.8228806715745193,
        0.8275639460637019,
        0.8265263484074519,
        0.8309255746694711,
        0.6904789851262019,
        0.8125563401442307,
        0.8156620905949519,
        0.7760080190805289
    ],
    "train_f1": [],
    "val_loss": [
        0.935957133769989,
        0.9383336901664734,
        1.0707850456237793,
        1.0919336080551147,
        1.1025278568267822,
        1.0569154024124146,
        0.9107876420021057,
        1.0735533237457275,
        1.057241439819336,
        1.0790427923202515,
        0.9589315056800842,
        0.9904595017433167,
        1.0908756256103516,
        1.1779001951217651,
        1.1662222146987915,
        1.0737333297729492,
        1.177255630493164,
        1.0899548530578613,
        1.2003244161605835,
        1.1063882112503052,
        0.9458777904510498,
        0.9297788739204407,
        0.7987948656082153,
        0.7089700102806091,
        0.6977277994155884,
        0.6713429689407349,
        0.8032481074333191,
        0.7519174814224243,
        0.6808568239212036,
        0.6388809680938721,
        0.8644840717315674,
        1.0684906244277954,
        1.1834335327148438,
        1.3362486362457275,
        1.1286555528640747,
        1.0557814836502075,
        1.1533823013305664,
        0.9156916737556458,
        0.9213758707046509,
        1.152564525604248,
        1.1479350328445435,
        1.095169186592102,
        1.2122118473052979,
        1.073760986328125,
        0.7861723303794861,
        0.7215879559516907,
        0.6452813744544983,
        0.6450918316841125,
        0.6071665287017822,
        0.6534605026245117,
        0.6098152995109558,
        0.6236814856529236,
        0.7668856382369995,
        0.713469386100769,
        0.6823224425315857
    ],
    "val_acc": [
        0.363857421875,
        0.43416015625,
        0.53564453125,
        0.582783203125,
        0.62990234375,
        0.69169921875,
        0.714375,
        0.681552734375,
        0.742626953125,
        0.73119140625,
        0.7541796875,
        0.725595703125,
        0.752841796875,
        0.748759765625,
        0.747236328125,
        0.76359375,
        0.76826171875,
        0.779423828125,
        0.772412109375,
        0.767255859375,
        0.767392578125,
        0.7875390625,
        0.8019140625,
        0.793037109375,
        0.790751953125,
        0.782744140625,
        0.759482421875,
        0.765029296875,
        0.772607421875,
        0.7787109375,
        0.793759765625,
        0.80083984375,
        0.802861328125,
        0.80560546875,
        0.811884765625,
        0.793701171875,
        0.763505859375,
        0.753701171875,
        0.75533203125,
        0.7671484375,
        0.776904296875,
        0.777900390625,
        0.765771484375,
        0.7711328125,
        0.7735546875,
        0.769990234375,
        0.78244140625,
        0.7828125,
        0.785869140625,
        0.76974609375,
        0.76865234375,
        0.77525390625,
        0.788916015625,
        0.80359375,
        0.81048828125
    ],
    "val_f1": [
        0.2831108105445434,
        0.29223986219675435,
        0.38919205405252333,
        0.4499600089658606,
        0.5458605429022895,
        0.6207624158082841,
        0.6705026538842818,
        0.5928304251759914,
        0.7243684645870894,
        0.7218156265016359,
        0.7381627984156549,
        0.702283051648736,
        0.7338337612953317,
        0.7186439413810106,
        0.7126804147786258,
        0.7259094346496243,
        0.7416409239137565,
        0.7543517349473206,
        0.7506812878172612,
        0.7425073923517033,
        0.7244897377093835,
        0.752981078309466,
        0.7723901528094373,
        0.7638215326378042,
        0.76277825017422,
        0.7592362947034045,
        0.7388937404037187,
        0.7444941583954113,
        0.7538666193123217,
        0.7609581652233214,
        0.7677354868376306,
        0.770875473985469,
        0.7775492035373907,
        0.7838712777846301,
        0.793941828812503,
        0.7780216126421214,
        0.7470089972300779,
        0.7322121805435047,
        0.7292967236170167,
        0.7395055340415775,
        0.7449119737567163,
        0.7425243382927462,
        0.7334465383822385,
        0.7476605567229476,
        0.7532847819005037,
        0.7508334188821525,
        0.7613296361962952,
        0.7629079599287613,
        0.7637412971431012,
        0.7457067571323305,
        0.7416578952620675,
        0.7456077424530031,
        0.762234529753313,
        0.7854151770296097,
        0.7905233014945435
    ]
}