{
  "architecture": "DualStreamSpatio_TemporalFusionNetwork",
  "summary": {
    "model_name": "DualStreamSpatio_TemporalFusionNetwork",
    "total_parameters": 174497,
    "trainable_parameters": 174497,
    "configuration": {
      "in_channels_dynamic": 1,
      "in_channels_static": 1,
      "num_classes": 32,
      "patch_size": 64,
      "temporal_steps": 12,
      "hidden_dim": 64,
      "fusion_dim": 128
    }
  },
  "configuration": {
    "in_channels_dynamic": 1,
    "in_channels_static": 1,
    "num_classes": 32,
    "patch_size": 64,
    "temporal_steps": 12,
    "hidden_dim": 64,
    "fusion_dim": 128,
    "dropout": 0.2
  },
  "device": "cuda",
  "attention_weights": {
    "months": [
      "January",
      "February",
      "March",
      "April",
      "May",
      "June",
      "July",
      "August",
      "September",
      "October",
      "November",
      "December"
    ],
    "average_weights": [
      0.0829348936676979,
      0.05694087967276573,
      0.10191373527050018,
      0.06514468044042587,
      0.04871279001235962,
      0.1006895899772644,
      0.11724863946437836,
      0.056544844061136246,
      0.11741326749324799,
      0.13553640246391296,
      0.035798102617263794,
      0.08112219721078873
    ]
  }
}