{
    "train_loss": [
        0.585958654327052,
        0.5959349168198449,
        0.46588621394974844,
        0.494346666016749,
        0.4465912458087717,
        0.2987422671701227,
        0.30353256314992905,
        0.30461479457361357,
        0.245214882971985,
        0.26531377754041124,
        0.26371988015515463,
        0.18761741130479745,
        0.20655166251318796,
        0.23116372845002583,
        0.1958315928599664,
        0.16706321202218533,
        0.1463180985301733,
        0.19317590125969478,
        0.130388969289405,
        0.16014856938272715,
        0.22317575503672873,
        0.17094403372279235,
        0.15815074369311333,
        0.16204755433968135,
        0.14679998398891517,
        0.1284995467535087,
        0.13272274272250278,
        0.1329781362520797,
        0.1355926805574979,
        0.16374261411173002,
        0.16027735705886567,
        0.11998557884778295,
        0.1520902064761945,
        0.17975738059197152,
        0.12800277130944387,
        0.13176242248820408,
        0.11250528586762291,
        0.09555257151701621,
        0.11584982568664211,
        0.13508414689983642,
        0.10350931901484728,
        0.09186645544001035,
        0.10714503364371401,
        0.0902334548799055,
        0.10100244916975498,
        0.09281394657279764,
        0.1076546713177647,
        0.12351763075483697,
        0.1405278148927859,
        0.10891099646687508,
        0.10850516374089889,
        0.10432717363749232,
        0.12963255335177695,
        0.11771902242409331,
        0.12471720709332398,
        0.07121640723198652,
        0.11562820351017374,
        0.07526933029294014,
        0.07016883557662368,
        0.08712755423039198,
        0.10508687062455076,
        0.09436669599797044,
        0.08626237937382289,
        0.08152812120637723,
        0.1260001744542803,
        0.08605308165507657,
        0.10875844130558628,
        0.12533824225621565,
        0.0883867626211473,
        0.06888941675424576,
        0.09646864155573505,
        0.07759351788886956,
        0.08090831326054675,
        0.08048706534983856,
        0.11631612346640655,
        0.07951969280838966,
        0.09747200379414218
    ],
    "train_acc": [
        0.11301214668188202,
        0.11693677580758427,
        0.14581120523174157,
        0.19796101430828653,
        0.24772153704353933,
        0.22871916695926967,
        0.2645145716292135,
        0.32436303985252807,
        0.3578594079178371,
        0.3218426307935393,
        0.3912262991573034,
        0.40127062851123596,
        0.45517166652036517,
        0.4176124144136236,
        0.4709124275807584,
        0.48439392775632023,
        0.461327302054073,
        0.5006034936797753,
        0.4431624166081461,
        0.5167337824789325,
        0.4423479744557584,
        0.41062231170997193,
        0.48485724631320226,
        0.5343099872717697,
        0.49447282083918537,
        0.49590227791432584,
        0.477465545997191,
        0.5389267139220506,
        0.5277277914325843,
        0.49000285287921347,
        0.5301211925035112,
        0.5021336244733146,
        0.5606140822507022,
        0.46989279757724717,
        0.5622048367275281,
        0.4836258448911517,
        0.5598772713307584,
        0.6028975926088483,
        0.5321574350421349,
        0.47244063816713483,
        0.561475432320927,
        0.6052877018960674,
        0.5459244974543539,
        0.6006992297226124,
        0.5926335366924157,
        0.6023827027738764,
        0.5786884436446629,
        0.48150291871488765,
        0.5774765186095505,
        0.5291139066889045,
        0.6203212780898877,
        0.568556333391854,
        0.5809891261411517,
        0.5504419219627809,
        0.6179391239466292,
        0.6326890581109551,
        0.5134982334094101,
        0.5408411604634832,
        0.6130439672577247,
        0.6463735516151685,
        0.5517284607619382,
        0.6170102923103933,
        0.6035298893960674,
        0.6159440287043539,
        0.46655081416783706,
        0.629979920119382,
        0.6047163031074438,
        0.5477939562851124,
        0.6154266700316011,
        0.6062582294592697,
        0.5262714514571629,
        0.509717345505618,
        0.6344172445575843,
        0.6138573121488764,
        0.49437214712078653,
        0.5750691274578652,
        0.617383361130618
    ],
    "train_f1": [],
    "val_loss": [
        0.45423443615436554,
        0.4889638386666775,
        0.4482901394367218,
        0.3764958791434765,
        0.32794461213052273,
        0.2975925374776125,
        0.24104909785091877,
        0.2209450462833047,
        0.23281160928308964,
        0.17955712415277958,
        0.18824698776006699,
        0.15709605813026428,
        0.16974257491528988,
        0.1488996483385563,
        0.1768982270732522,
        0.13636310398578644,
        0.1503993347287178,
        0.1364941569045186,
        0.12972678244113922,
        0.13466119021177292,
        0.2173621989786625,
        0.15495448745787144,
        0.15011110808700323,
        0.13393034599721432,
        0.12577178422361612,
        0.1274262983351946,
        0.1311494568362832,
        0.12375041004270315,
        0.15513922460377216,
        0.12281437404453754,
        0.17334572598338127,
        0.12551513127982616,
        0.12648110929876566,
        0.12189623154699802,
        0.11780253564938903,
        0.1083734966814518,
        0.11267367377877235,
        0.11585522629320621,
        0.11849024705588818,
        0.14339918829500675,
        0.12147844396531582,
        0.1153331808745861,
        0.12172495201230049,
        0.12469417788088322,
        0.12269746325910091,
        0.11989183817058802,
        0.1147285932675004,
        0.12929850444197655,
        0.11866548843681812,
        0.11909104511141777,
        0.10735171614214778,
        0.13114110007882118,
        0.11376322107389569,
        0.1262460071593523,
        0.11436503194272518,
        0.11953659541904926,
        0.12366377748548985,
        0.11990780755877495,
        0.11458771303296089,
        0.1313187163323164,
        0.12731564790010452,
        0.11146366782486439,
        0.11285335570573807,
        0.11926376540213823,
        0.11057393718510866,
        0.11322942050173879,
        0.17280724365264177,
        0.11919917166233063,
        0.12348532024770975,
        0.11643310263752937,
        0.1190540324896574,
        0.12280273903161287,
        0.11316418088972569,
        0.11188268102705479,
        0.12339705973863602,
        0.11608990281820297,
        0.12820079550147057
    ],