{
    "train_loss": [
        1.2816581428050995,
        1.0377880930900574,
        0.7355599701404572,
        1.1184138655662537,
        0.8018101453781128,
        0.9444536566734314,
        0.4704524874687195,
        0.5696127414703369,
        0.600101113319397,
        0.5001016557216644,
        0.716711014509201,
        0.5195316076278687,
        0.5079435706138611,
        0.4380172789096832,
        0.43034525215625763,
        0.7166696786880493,
        0.6410478949546814,
        0.5523071587085724,
        0.5739267468452454,
        0.4195896238088608,
        0.32445382326841354,
        0.413060799241066,
        0.37909694015979767,
        0.5097716599702835,
        0.5596637278795242,
        0.30333051830530167,
        0.5089293718338013,
        0.31685930490493774,
        0.48858241736888885,
        0.34607115387916565,
        0.37347595393657684,
        0.33913323283195496,
        0.3326903134584427,
        0.3740466386079788,
        0.3588840514421463,
        0.4656522274017334,
        0.46515974402427673,
        0.8350345194339752,
        0.32242852449417114,
        0.3733614981174469,
        0.42971275746822357,
        0.4339640587568283,
        0.37547922134399414,
        0.47090505063533783,
        0.21969588100910187,
        0.35005226731300354,
        0.4600287973880768,
        0.39177702367305756,
        0.43413740396499634,
        0.3537456542253494,
        0.6460678279399872,
        0.21276069432497025,
        0.25073855742812157,
        0.39821669459342957,
        0.30984871089458466,
        0.26409292221069336,
        0.45219357311725616,
        0.3954908698797226,
        0.4473285675048828,
        0.46342501789331436,
        0.47794365882873535,
        0.3509750962257385,
        0.3667142242193222
    ],
    "train_acc": [
        0.3684210526315789,
        0.21052631578947367,
        0.3684210526315789,
        0.42105263157894735,
        0.3157894736842105,
        0.3157894736842105,
        0.47368421052631576,
        0.42105263157894735,
        0.4473684210526316,
        0.47368421052631576,
        0.5,
        0.3684210526315789,
        0.5263157894736842,
        0.6052631578947368,
        0.5,
        0.3684210526315789,
        0.39473684210526316,
        0.6052631578947368,
        0.2894736842105263,
        0.7105263157894737,
        0.5,
        0.5,
        0.6052631578947368,
        0.6052631578947368,
        0.5526315789473685,
        0.5,
        0.5263157894736842,
        0.6842105263157895,
        0.5789473684210527,
        0.6052631578947368,
        0.5789473684210527,
        0.6578947368421053,
        0.5789473684210527,
        0.631578947368421,
        0.631578947368421,
        0.6842105263157895,
        0.631578947368421,
        0.5526315789473685,
        0.6052631578947368,
        0.6052631578947368,
        0.5789473684210527,
        0.5263157894736842,
        0.6578947368421053,
        0.6842105263157895,
        0.631578947368421,
        0.631578947368421,
        0.7368421052631579,
        0.5526315789473685,
        0.7368421052631579,
        0.39473684210526316,
        0.4473684210526316,
        0.7631578947368421,
        0.39473684210526316,
        0.6578947368421053,
        0.631578947368421,
        0.631578947368421,
        0.6578947368421053,
        0.7631578947368421,
        0.5789473684210527,
        0.7105263157894737,
        0.5789473684210527,
        0.5526315789473685,
        0.6578947368421053
    ],
    "train_f1": [
        0.3291005291005291,
        0.19096459096459095,
        0.3515406162464985,
        0.3701547494650943,
        0.2846153846153846,
        0.27259259259259255,
        0.412987012987013,
        0.41941583320893666,
        0.41094941094941095,
        0.44333489363915324,
        0.4627791563275434,
        0.34960058097312996,
        0.4851743238840012,
        0.5797385620915033,
        0.46096432303328855,
        0.28095238095238095,
        0.3489177489177489,
        0.547008547008547,
        0.23602033405954972,
        0.7352941176470589,
        0.4288600288600289,
        0.39556858911697623,
        0.5921146953405018,
        0.5691894312583968,
        0.5532212885154062,
        0.46021505376344085,
        0.493394777265745,
        0.7019815883913246,
        0.5557278742762614,
        0.5511363636363636,
        0.5622352557836429,
        0.5876543209876542,
        0.4930555555555555,
        0.6379084967320261,
        0.5984317650984318,
        0.6648672964462438,
        0.5572095221218029,
        0.53003663003663,
        0.5049382716049382,
        0.5910528434247599,
        0.4795249795249796,
        0.48116634323530877,
        0.5443443443443443,
        0.592079329884208,
        0.6103896103896104,
        0.6352941176470588,
        0.7152651744303288,
        0.5303893637226972,
        0.6847421584263689,
        0.30303030303030304,
        0.3781576448243115,
        0.693044503389331,
        0.3618233618233619,
        0.6888888888888888,
        0.6106606865620149,
        0.6002717230787405,
        0.6944444444444445,
        0.777124183006536,
        0.5304467828186993,
        0.710952380952381,
        0.5538461538461538,
        0.52864044168392,
        0.6435185185185185
    ],
    "val_loss": [
        0.5310202836990356,
        0.5319682955741882,
        0.5203389525413513,
        0.5344362258911133,
        0.5464140772819519,
        0.5424516797065735,
        0.550247311592102,
        0.5740339159965515,
        0.6570033431053162,
        0.6927059888839722,
        0.6202067732810974,
        0.5705605745315552,
        0.5783039331436157,
        0.5640977025032043,
        0.520817220211029,
        0.5774145126342773,
        0.6438100934028625,
        0.7247543334960938,
        0.7302961349487305,
        0.6856056451797485,
        0.6480545401573181,
        0.6004362106323242,
        0.6503205299377441,
        0.6679839491844177,
        0.6591992974281311,
        0.7378013730049133,
        0.7808734774589539,
        0.8248438239097595,
        0.8121255040168762,
        0.8310729265213013,
        0.8146459460258484,
        0.7917324900627136,
        0.8081757426261902,
        0.8451240658760071,
        0.7937360405921936,
        0.8075613975524902,
        0.7866302728652954,
        0.7707986235618591,
        0.7644709944725037,
        0.8016735315322876,
        0.7688988447189331,
        0.7677401900291443,
        0.681644082069397,
        0.6410894393920898,
        0.7370025515556335,
        0.6712190508842468,
        0.6880210638046265,
        0.7265504598617554,
        0.741906464099884,
        0.7359220385551453,
        0.7363317608833313,
        0.7482020258903503,
        0.7288858294487,
        0.6987873315811157,
        0.6484343409538269,
        0.5873019099235535,
        0.5784392952919006,
        0.5289565920829773,
        0.5148442387580872,
        0.488044798374176,
        0.4908941388130188,
        0.4986971318721771,
        0.4903886318206787
    ],
    "val_acc": [
        0.3,
        0.3,
        0.4,
        0.3,
        0.4,
        0.4,
        0.4,
        0.3,
        0.2,
        0.3,
        0.3,
        0.4,
        0.3,
        0.4,
        0.5,
        0.5,
        0.5,
        0.4,
        0.5,
        0.4,
        0.4,
        0.3,
        0.3,
        0.3,
        0.3,
        0.4,
        0.5,
        0.5,
        0.5,
        0.4,
        0.4,
        0.4,
        0.4,
        0.4,
        0.4,
        0.4,
        0.3,
        0.4,
        0.4,
        0.3,
        0.5,
        0.4,
        0.6,
        0.6,
        0.4,
        0.4,
        0.6,
        0.5,
        0.5,
        0.4,
        0.5,
        0.5,
        0.5,
        0.4,
        0.5,
        0.5,
        0.5,
        0.5,
        0.5,
        0.6,
        0.6,
        0.5,
        0.5
    ],