{
    "train_loss": [
        1.9920919043677194,
        1.6391488177435738,
        1.4555995123726981,
        1.3717443466186523,
        1.2742986389568873,
        1.3048826847757613,
        1.3011200155530658,
        1.1996802244867597,
        1.2192555972508021,
        1.1362064514841352,
        1.1531978028161185,
        1.2253834179469518,
        1.1324002078601292,
        1.1998009238924299,
        1.142656968321119,
        1.1527472819600786,
        1.0755747147968837,
        1.1607076798166547,
        1.2016870038849967,
        1.0309539386204312,
        1.0431863716670444,
        1.1618283237729754,
        1.0977010028702872,
        1.119950578893934,
        1.1492931621415274,
        1.1097591280937196,
        1.0603762933186123,
        1.1143884011677334,
        1.0424067769731795,
        1.0400956613676888,
        1.0265775152615138,
        0.9692419511931283,
        1.088008964061737,
        1.0290481022426061,
        1.0469531433922903,
        1.0610375234058924,
        1.0510003226143974,
        1.0412142549242291,
        1.032359560898372,
        0.9314807874815805,
        1.027074887071337,
        1.0578784363610403,
        1.0014272468430656,
        1.0184344002178738,
        1.0060555526188442,
        0.9781808972358703,
        0.9668743065425328,
        0.9747982008116586,
        0.9605110543114799,
        0.9457887172698974,
        0.9497326629502433,
        0.884116496358599,
        1.0250131266457694,
        0.9642219134739467,
        1.0884572625160218,
        0.9613401276724679
    ],
    "val_loss": [
        1.9177389674716525,
        1.7022891441980998,
        1.6371242470211453,
        1.436039686203003,
        1.6082379950417414,
        1.357697778277927,
        1.4194026655621,
        1.3127065632078383,
        1.8062333001030817,
        1.516745196448432,
        1.346512993176778,
        1.7865520450803969,
        1.4904237853156195,
        1.3923370175891452,
        1.4613398445977106,
        1.282551990614997,
        1.358622948328654,
        1.3356607887479994,
        1.2253489361868963,
        1.4049683941735163,
        1.3891068432066176,
        1.3764468563927545,
        1.3225415613916185,
        1.2634040713310242,
        1.4840060737397935,
        1.553136905034383,
        1.7901738352245755,
        1.535977217886183,
        1.4031857914394803,
        1.3240718179278903,
        1.2807391617033217,
        1.474216169781155,
        1.3296079238255818,
        1.299138347307841,
        1.2290398809644911,
        1.2830890417099,
        1.2713840802510579,
        1.470924801296658,
        1.4787227974997625,
        1.4127441512213812,
        1.3328916496700711,
        1.3615412447187636,
        1.4889057344860501,
        1.4816262986924913,
        1.3623314566082425,
        1.420542213651869,
        1.323437147670322,
        1.318791667620341,
        1.2724326054255168,
        1.2413126627604167,
        1.244024806552463,
        1.1826726529333327,
        1.275176101260715,
        1.3215220769246419,
        1.1984615061018202,
        1.382889257536994
    ],
    "val_acc": [
        0.2949640287769784,
        0.3489208633093525,
        0.4136690647482014,
        0.4784172661870504,
        0.44244604316546765,
        0.5071942446043165,
        0.460431654676259,
        0.49640287769784175,
        0.3669064748201439,
        0.42805755395683454,
        0.49280575539568344,
        0.35251798561151076,
        0.44244604316546765,
        0.5107913669064749,
        0.44964028776978415,
        0.5143884892086331,
        0.4784172661870504,
        0.5071942446043165,
        0.539568345323741,
        0.4316546762589928,
        0.4460431654676259,
        0.5107913669064749,
        0.5143884892086331,
        0.539568345323741,
        0.4244604316546763,
        0.42805755395683454,
        0.4064748201438849,
        0.4244604316546763,
        0.43884892086330934,
        0.5035971223021583,
        0.5107913669064749,
        0.4172661870503597,
        0.5323741007194245,
        0.49640287769784175,
        0.5359712230215827,
        0.5467625899280576,
        0.5287769784172662,
        0.381294964028777,
        0.420863309352518,
        0.4676258992805755,
        0.4892086330935252,
        0.4856115107913669,
        0.4460431654676259,
        0.4784172661870504,
        0.5107913669064749,
        0.4676258992805755,
        0.5107913669064749,
        0.5179856115107914,
        0.5467625899280576,
        0.5323741007194245,
        0.5251798561151079,
        0.5683453237410072,
        0.5323741007194245,
        0.5107913669064749,
        0.5431654676258992,
        0.5251798561151079
    ],
    "val_f1": [
        0.14564894824124988,
        0.20936921590560498,
        0.24569040878808687,
        0.3369599935652665,
        0.3071697335838998,
        0.36444576136137286,
        0.3346367283214858,
        0.3516077208826367,
        0.263431822340196,
        0.3318888302755488,
        0.3709217945553298,
        0.24233552658600097,
        0.39350766024033285,
        0.4295799841071233,
        0.37261282291421505,
        0.3768636209501823,
        0.4124166374862455,
        0.43555138885895395,
        0.4369888641131721,
        0.36134804289646794,
        0.3555980588209911,
        0.4165251625953681,
        0.40661439132027366,
        0.433412450128449,
        0.37300668734541964,
        0.36947323724607206,
        0.359771481012882,
        0.33862292557944734,
        0.3765223047084978,
        0.40058834949952227,
        0.3840155116382094,
        0.28383032387872076,
        0.413761321024202,
        0.37538111226017945,
        0.41221832517360524,
        0.44180688552644537,
        0.40596772411295146,
        0.27268603337983843,
        0.37673279370051543,
        0.36511594541094244,
        0.3690245685030833,
        0.333757893838539,
        0.3595077451404827,
        0.31553302919762544,
        0.4024911563070493,
        0.3495054293134739,
        0.3779365374983932,
        0.3649242381230118,
        0.39792252176286697,
        0.37261964158836125,
        0.38434058085827594,
        0.4159649564700716,
        0.37826640124399136,
        0.39826753663192294,
        0.3849674347547067,
        0.3480571210220646
    ]
}