{
    "train_loss": [
        0.7151529937982559,
        0.4055194780230522,
        0.45454783737659454,
        0.3140036389231682,
        0.2637401334941387,
        0.27206113934516907,
        0.2970666289329529,
        0.2451651580631733,
        0.2093615084886551,
        0.18452665582299232,
        0.17235186882317066,
        0.16904980689287186,
        0.22252649068832397,
        0.1893455907702446,
        0.11908722668886185,
        0.16636339388787746,
        0.10461823083460331,
        0.10289043001830578,
        0.13435042090713978,
        0.07211930584162474,
        0.11143333837389946,
        0.08829702343791723,
        0.08429516106843948,
        0.08450881345197558
    ],
    "train_acc": [
        0.4140625,
        0.703125,
        0.625,
        0.59375,
        0.703125,
        0.7890625,
        0.7421875,
        0.6875,
        0.828125,
        0.8359375,
        0.71875,
        0.828125,
        0.8046875,
        0.8359375,
        0.84375,
        0.8203125,
        0.7578125,
        0.7578125,
        0.921875,
        0.8359375,
        0.875,
        0.8984375,
        0.921875,
        0.8984375
    ],
    "val_loss": [
        0.3360215425491333,
        0.22509773075580597,
        0.18912988901138306,
        0.21143771708011627,
        0.2017214596271515,
        0.1559898853302002,
        0.11209328472614288,
        0.10507328063249588,
        0.10206728428602219,
        0.10143344849348068,
        0.12020431458950043,
        0.14132408797740936,
        0.14288729429244995,
        0.16128800809383392,
        0.18726414442062378,
        0.2220364212989807,
        0.21690014004707336,
        0.13323619961738586,
        0.14348600804805756,
        0.14098195731639862,
        0.13643628358840942,
        0.12974999845027924,
        0.12448790669441223,
        0.13433410227298737
    ],
    "val_acc": [
        0.6538461538461539,
        0.7692307692307693,
        0.6923076923076923,
        0.6538461538461539,
        0.7692307692307693,
        0.8076923076923077,
        0.8846153846153846,
        0.8461538461538461,
        0.9230769230769231,
        0.9230769230769231,
        0.8846153846153846,
        0.8461538461538461,
        0.8846153846153846,
        0.8846153846153846,
        0.8461538461538461,
        0.7692307692307693,
        0.7692307692307693,
        0.8846153846153846,
        0.8846153846153846,
        0.8461538461538461,
        0.8461538461538461,
        0.8846153846153846,
        0.9230769230769231,
        0.9230769230769231
    ],
    "val_f1": [
        0.46003016591251883,
        0.5540796963946869,
        0.5814176245210728,
        0.5311738070358759,
        0.6927825261158594,
        0.7483380816714149,
        0.8454974582425563,
        0.8044243338360985,
        0.9029982363315696,
        0.9029982363315696,
        0.8539886039886039,
        0.7830687830687829,
        0.828042328042328,
        0.828042328042328,
        0.7284802043422732,
        0.657516339869281,
        0.657516339869281,
        0.8539886039886039,
        0.8539886039886039,
        0.7235588972431078,
        0.7235588972431078,
        0.828042328042328,
        0.9029982363315696,
        0.9029982363315696
    ]
}