{
    "train_loss": [
        0.6544224098324776,
        0.3820606470108032,
        0.23026546463370323,
        0.19369017891585827,
        0.1774035021662712,
        0.15127170830965042,
        0.12788598239421844,
        0.12344542145729065,
        0.1315168160945177,
        0.2402613665908575,
        0.17565817944705486,
        0.10002467781305313,
        0.08335858769714832,
        0.10021807812154293,
        0.06369995791465044,
        0.10470596142113209,
        0.07657045871019363,
        0.057846514508128166,
        0.059229880571365356,
        0.07340087182819843,
        0.09344739653170109,
        0.15239861607551575,
        0.08087185211479664,
        0.0995990950614214
    ],
    "train_acc": [
        0.4609375,
        0.7265625,
        0.765625,
        0.5859375,
        0.734375,
        0.7890625,
        0.7734375,
        0.7421875,
        0.875,
        0.859375,
        0.7578125,
        0.890625,
        0.8828125,
        0.890625,
        0.8828125,
        0.75,
        0.8671875,
        0.6640625,
        0.921875,
        0.921875,
        0.6796875,
        0.7890625,
        0.7578125,
        0.765625
    ],
    "val_loss": [
        0.33708328008651733,
        0.21043921262025833,
        0.16333135217428207,
        0.15890083461999893,
        0.1474197506904602,
        0.13398243114352226,
        0.12654215842485428,
        0.11082640662789345,
        0.09531860053539276,
        0.09183108061552048,
        0.08134939428418875,
        0.08710362948477268,
        0.09077165089547634,
        0.09655177034437656,
        0.10969814844429493,
        0.11388036981225014,
        0.09788134694099426,
        0.08360243495553732,
        0.08026515692472458,
        0.08529620617628098,
        0.09110349416732788,
        0.09523677453398705,
        0.09158928319811821,
        0.08600688353180885
    ],
    "val_acc": [
        0.6176470588235294,
        0.7352941176470589,
        0.7352941176470589,
        0.7352941176470589,
        0.7647058823529411,
        0.7647058823529411,
        0.7647058823529411,
        0.8235294117647058,
        0.8529411764705882,
        0.8529411764705882,
        0.8529411764705882,
        0.8235294117647058,
        0.8235294117647058,
        0.7941176470588235,
        0.7941176470588235,
        0.8235294117647058,
        0.7941176470588235,
        0.8235294117647058,
        0.8235294117647058,
        0.8235294117647058,
        0.7941176470588235,
        0.7647058823529411,
        0.7352941176470589,
        0.7941176470588235
    ],
    "val_f1": [
        0.6210526315789474,
        0.7603686635944701,
        0.7603686635944701,
        0.7603686635944701,
        0.7833333333333333,
        0.7833333333333333,
        0.7833333333333333,
        0.8300653594771242,
        0.8543417366946778,
        0.8543417366946778,
        0.8543417366946778,
        0.8194444444444445,
        0.8194444444444445,
        0.796078431372549,
        0.796078431372549,
        0.8194444444444445,
        0.796078431372549,
        0.8194444444444445,
        0.8194444444444445,
        0.8194444444444445,
        0.796078431372549,
        0.7734204793028322,
        0.7511961722488039,
        0.796078431372549
    ]
}