{
    "train_loss": [
        1.129092764854431,
        1.067709755897522,
        1.1537141799926758,
        1.1022338390350341,
        1.0201736092567444,
        0.9722850322723389,
        0.8442114114761352,
        0.8433043956756592,
        0.7506160497665405,
        0.7392972707748413,
        0.7082151055335999,
        0.6741675496101379,
        0.6754189372062683,
        0.6093281388282776,
        0.6875637650489808,
        0.5973081529140473,
        0.5544268846511841,
        0.5817355692386628,
        0.5579697787761688,
        0.536447811126709,
        0.5657928347587585,
        0.5322069227695465,
        0.6072398006916047,
        0.49010142087936404,
        0.46353456377983093,
        0.5519444882869721,
        0.49364076256752015,
        0.4598212480545044,
        0.4090902328491211,
        0.43143906593322756,
        0.433969110250473,
        0.4171017974615097,
        0.3740915894508362,
        0.42706853747367857,
        0.41619994044303893,
        0.3726476013660431,
        0.4181772232055664,
        0.542132556438446,
        0.45207747220993044,
        0.3732312679290771,
        0.3769508898258209,
        0.3410376965999603,
        0.29774450063705443,
        0.3416654407978058,
        0.3267051070928574,
        0.2889612913131714,
        0.33073232173919676,
        0.25499764680862425,
        0.3593453586101532,
        0.465606752038002,
        0.28254154324531555,
        0.36330604255199433,
        0.30127481520175936,
        0.2748785763978958,
        0.23942002654075623,
        0.2997404932975769,
        0.2870629131793976,
        0.28117323815822604,
        0.2922546774148941,
        0.27907112836837766,
        0.21706528663635255,
        0.29991905987262724,
        0.37285194396972654,
        0.2687236875295639,
        0.23444537222385406,
        0.23974335789680482,
        0.2241593360900879,
        0.2255057990550995,
        0.3021074622869492,
        0.22057150006294252,
        0.209361669421196,
        0.2171591728925705,
        0.22906506955623626,
        0.19957590103149414,
        0.4140165314078331,
        0.20861819088459016,
        0.29964848458766935,
        0.2159441590309143,
        0.24058724343776702,
        0.1577461004257202,
        0.19334487318992616,
        0.24239639639854432,
        0.1894765466451645
    ],
    "train_acc": [
        0.2553191489361702,
        0.23404255319148937,
        0.2624113475177305,
        0.2765957446808511,
        0.2695035460992908,
        0.3191489361702128,
        0.3475177304964539,
        0.41134751773049644,
        0.3971631205673759,
        0.3971631205673759,
        0.4397163120567376,
        0.3404255319148936,
        0.4397163120567376,
        0.425531914893617,
        0.3829787234042553,
        0.40425531914893614,
        0.45390070921985815,
        0.46808510638297873,
        0.475177304964539,
        0.3971631205673759,
        0.5177304964539007,
        0.5390070921985816,
        0.41134751773049644,
        0.41843971631205673,
        0.5531914893617021,
        0.5602836879432624,
        0.5177304964539007,
        0.574468085106383,
        0.5886524822695035,
        0.5390070921985816,
        0.574468085106383,
        0.5602836879432624,
        0.6453900709219859,
        0.5460992907801419,
        0.5957446808510638,
        0.6028368794326241,
        0.46099290780141844,
        0.425531914893617,
        0.6028368794326241,
        0.6595744680851063,
        0.524822695035461,
        0.6453900709219859,
        0.574468085106383,
        0.6099290780141844,
        0.6099290780141844,
        0.6737588652482269,
        0.6524822695035462,
        0.6950354609929078,
        0.6312056737588653,
        0.5390070921985816,
        0.6808510638297872,
        0.5673758865248227,
        0.7092198581560284,
        0.6737588652482269,
        0.6382978723404256,
        0.6170212765957447,
        0.6808510638297872,
        0.6737588652482269,
        0.6879432624113475,
        0.7446808510638298,
        0.7588652482269503,
        0.6808510638297872,
        0.6524822695035462,
        0.5957446808510638,
        0.5106382978723404,
        0.5957446808510638,
        0.7588652482269503,
        0.6950354609929078,
        0.5673758865248227,
        0.7730496453900709,
        0.7588652482269503,
        0.7021276595744681,
        0.7588652482269503,
        0.723404255319149,
        0.6595744680851063,
        0.6524822695035462,
        0.7021276595744681,
        0.7730496453900709,
        0.7659574468085106,
        0.8085106382978723,
        0.6595744680851063,
        0.7730496453900709,
        0.8156028368794326
    ],
    "train_f1": [
        0.1692501483478927,
        0.10504497851772288,
        0.14637964497712044,
        0.12258944063455342,
        0.1439772348863258,
        0.20239206793828643,
        0.1979216435738175,
        0.2839365960090742,
        0.3044943555234112,
        0.28032696631307785,
        0.2828127386844669,
        0.21390679340602436,
        0.3507886736784266,
        0.31065282236959524,
        0.23354612535156233,
        0.28537452241469813,
        0.31931685494710704,
        0.2964187503699714,
        0.3645906169845978,
        0.267866447278212,
        0.3939137519212474,
        0.4649326845214678,
        0.23445245029002895,
        0.30085612807151135,
        0.44331455369416123,
        0.42180142366867895,
        0.385472002500988,
        0.44623723811693733,
        0.44068529093995984,
        0.413790569486772,
        0.4543832480423138,
        0.42402714191677193,
        0.5654417011559868,
        0.4235547693738687,
        0.501499554143931,
        0.5101173336467454,
        0.37273229430631744,
        0.35326036346444506,
        0.48394609796001437,
        0.5800408622576111,
        0.3702321943092601,
        0.5424724795692538,
        0.4929208635975554,
        0.5316060809938361,
        0.524301688131451,
        0.5577145346417584,
        0.552223805137418,
        0.6116586997806902,
        0.47265807802531434,
        0.4580461885362066,
        0.6105500373488381,
        0.4767573696145125,
        0.6153805040130412,
        0.6037745569037407,
        0.5286374570463288,
        0.5368969714074048,
        0.5832166221487963,
        0.6100353770439471,
        0.6202196586165315,
        0.6864121612109548,
        0.658986447090338,
        0.5799853556392708,
        0.6018651191449809,
        0.5038025466596895,
        0.41504983616400265,
        0.5258379057230117,
        0.6875619718778067,
        0.6242316132039896,
        0.5957552251669899,
        0.6886620803671496,
        0.685784343919475,
        0.6029669367381116,
        0.7115386438476496,
        0.5947284217074985,
        0.5170944153331628,
        0.5960462884640799,
        0.6309797357288692,
        0.6945124716553288,
        0.6679724732557181,
        0.7480776991005257,
        0.5437000419320177,
        0.6887871838597935,
        0.6971392451941651
    ],