{
    "train_loss": [
        0.8683207333087921,
        0.8605376929044724,
        0.8105077743530273,
        0.6189767494797707,
        0.5692969784140587,
        0.5498326867818832,
        0.48821020126342773,
        0.5759554952383041,
        0.5131465420126915,
        0.6266224160790443,
        0.36587318778038025,
        0.4549076706171036,
        0.47602805495262146,
        0.3827461004257202,
        0.395225141197443,
        0.33380765467882156,
        0.4513281360268593,
        0.24497923627495766,
        0.3680916838347912,
        0.33402619138360023,
        0.39036496728658676,
        0.3577779084444046,
        0.22713645547628403,
        0.2401258908212185,
        0.22968414798378944,
        0.2667766772210598,
        0.2905058227479458,
        0.2192760370671749,
        0.21324998512864113,
        0.28372176364064217,
        0.20513901114463806,
        0.23570556566119194,
        0.15538758039474487,
        0.22876782342791557,
        0.2478402517735958,
        0.2692277245223522,
        0.15381428971886635,
        0.18654154054820538,
        0.15346847102046013,
        0.3054199852049351,
        0.14868488535284996,
        0.19165875762701035
    ],
    "train_acc": [
        0.3592233009708738,
        0.3106796116504854,
        0.3592233009708738,
        0.34951456310679613,
        0.4854368932038835,
        0.39805825242718446,
        0.5048543689320388,
        0.49514563106796117,
        0.42718446601941745,
        0.5048543689320388,
        0.6407766990291263,
        0.6019417475728155,
        0.4174757281553398,
        0.6601941747572816,
        0.46601941747572817,
        0.6213592233009708,
        0.6407766990291263,
        0.7475728155339806,
        0.6601941747572816,
        0.6310679611650486,
        0.6601941747572816,
        0.5825242718446602,
        0.7669902912621359,
        0.7184466019417476,
        0.5048543689320388,
        0.7281553398058253,
        0.7475728155339806,
        0.6601941747572816,
        0.7766990291262136,
        0.6213592233009708,
        0.8155339805825242,
        0.8349514563106796,
        0.8252427184466019,
        0.7184466019417476,
        0.8252427184466019,
        0.8058252427184466,
        0.8640776699029126,
        0.8155339805825242,
        0.8252427184466019,
        0.6504854368932039,
        0.8737864077669902,
        0.8640776699029126
    ],
    "train_f1": [
        0.35637452293912797,
        0.30812519997741433,
        0.3609765753060303,
        0.3538682991465259,
        0.46414944781858886,
        0.3982456140350877,
        0.47280873926921635,
        0.47800878972278565,
        0.4020734212515034,
        0.4733824567117191,
        0.6080246099758294,
        0.5733791953304149,
        0.39700169111933814,
        0.6142585273020055,
        0.42827334376630155,
        0.5817469804082284,
        0.5943639291465379,
        0.7026109960892569,
        0.6050056463887662,
        0.5904761904761905,
        0.595503530286139,
        0.5232466509062254,
        0.7130201848707792,
        0.6640234859719741,
        0.44180536812115756,
        0.6680891417733523,
        0.687670011148272,
        0.571938775510204,
        0.7261781905744754,
        0.6063701531443467,
        0.7625853066491577,
        0.7866710154381388,
        0.7769980506822612,
        0.6738531309959881,
        0.7642345064581111,
        0.7418546365914787,
        0.8029160382101558,
        0.7573937573937574,
        0.7745258856369968,
        0.5361077472030454,
        0.8224753867791842,
        0.809389625265914
    ],
    "val_loss": [
        0.570988655090332,
        0.5081822276115417,
        0.5120347738265991,
        0.5721327662467957,
        0.5884414315223694,
        0.5769839286804199,
        0.5835880637168884,
        0.5460386276245117,
        0.5356385707855225,
        0.5361186861991882,
        0.5452520251274109,
        0.5505570769309998,
        0.5797399282455444,
        0.563016414642334,
        0.480197936296463,
        0.4689871668815613,
        0.4247537851333618,
        0.39601173996925354,
        0.40048831701278687,
        0.4042096436023712,
        0.45687440037727356,
        0.492470383644104,
        0.4963527321815491,
        0.4865415692329407,
        0.5004671216011047,
        0.5681901574134827,
        0.6033336520195007,
        0.6130396127700806,
        0.5819357633590698,
        0.5702916383743286,
        0.5147644877433777,
        0.4749494791030884,
        0.4498058557510376,
        0.48192155361175537,
        0.5085921287536621,
        0.5209930539131165,
        0.5007539987564087,
        0.4927690625190735,
        0.4943796992301941,
        0.4956299066543579,
        0.5256839990615845,
        0.5384629964828491
    ],
    "val_acc": [
        0.4230769230769231,
        0.34615384615384615,
        0.34615384615384615,
        0.38461538461538464,
        0.38461538461538464,
        0.4230769230769231,
        0.34615384615384615,
        0.46153846153846156,
        0.46153846153846156,
        0.5384615384615384,
        0.5384615384615384,
        0.5384615384615384,
        0.5384615384615384,
        0.5769230769230769,
        0.6153846153846154,
        0.6538461538461539,
        0.5769230769230769,
        0.6923076923076923,
        0.6923076923076923,
        0.6923076923076923,
        0.6923076923076923,
        0.7307692307692307,
        0.6923076923076923,
        0.6538461538461539,
        0.6538461538461539,
        0.6153846153846154,
        0.6153846153846154,
        0.6153846153846154,
        0.6153846153846154,
        0.6538461538461539,
        0.6153846153846154,
        0.6923076923076923,
        0.7307692307692307,
        0.7307692307692307,
        0.6538461538461539,
        0.6538461538461539,
        0.6923076923076923,
        0.6538461538461539,
        0.6923076923076923,
        0.6923076923076923,
        0.6153846153846154,
        0.6538461538461539
    ],
    "val_f1": [
        0.3403880070546737,
        0.33239962651727356,
        0.3151515151515151,
        0.3603896103896103,
        0.38888888888888884,
        0.4043650793650793,
        0.34378224974200206,
        0.4531733746130031,
        0.4361111111111111,
        0.5102813852813853,
        0.5123015873015873,
        0.4764309764309764,
        0.48124098124098125,
        0.5387205387205387,
        0.5929995929995929,
        0.6246498599439776,
        0.5087719298245614,
        0.5954106280193237,
        0.5952380952380952,
        0.6393939393939393,
        0.6616161616161617,
        0.6938954765041722,
        0.6337147215865752,
        0.5962523788610746,
        0.6047292143401983,
        0.5672668716146978,
        0.5349436392914654,
        0.5349436392914654,
        0.5349436392914654,
        0.5611111111111111,
        0.5349436392914654,
        0.5954106280193237,
        0.6275174101261057,
        0.6275174101261057,
        0.49275362318840576,
        0.49275362318840576,
        0.5108695652173912,
        0.49275362318840576,
        0.5998494259363825,
        0.5998494259363825,
        0.5401635401635402,
        0.5714285714285713
    ]
}