{
    "train_loss": [
        1.164263367652893,
        0.9878754019737244,
        1.0285987555980682,
        1.1759656071662903,
        0.8767648637294769,
        0.7766166031360626,
        1.1519683301448822,
        1.0688024163246155,
        0.8729445338249207,
        0.74900022149086,
        0.3945361524820328,
        0.6093004941940308,
        0.8133760690689087,
        0.6801412999629974,
        0.3459518775343895,
        0.45154547691345215,
        0.6103265583515167,
        0.8998374938964844,
        0.46139006316661835,
        0.8009977340698242,
        1.0677793622016907,
        0.46201738715171814,
        0.4318343698978424,
        0.4827684313058853,
        0.552545964717865,
        0.48530295491218567,
        0.4996017664670944,
        0.48929235339164734,
        0.3813897669315338,
        0.385954886674881,
        0.31995660066604614,
        0.30330421030521393,
        0.669583722949028,
        0.39240752160549164,
        0.3178967088460922
    ],
    "train_acc": [
        0.39473684210526316,
        0.34210526315789475,
        0.3684210526315789,
        0.34210526315789475,
        0.39473684210526316,
        0.47368421052631576,
        0.2894736842105263,
        0.42105263157894735,
        0.4473684210526316,
        0.3157894736842105,
        0.5,
        0.2631578947368421,
        0.5,
        0.47368421052631576,
        0.5,
        0.5263157894736842,
        0.4473684210526316,
        0.5263157894736842,
        0.5263157894736842,
        0.5789473684210527,
        0.4473684210526316,
        0.5526315789473685,
        0.5,
        0.4473684210526316,
        0.5526315789473685,
        0.5,
        0.34210526315789475,
        0.47368421052631576,
        0.631578947368421,
        0.5,
        0.6052631578947368,
        0.6052631578947368,
        0.5789473684210527,
        0.5789473684210527,
        0.5789473684210527
    ],
    "train_f1": [
        0.2821869488536155,
        0.30374887082204155,
        0.3357142857142857,
        0.24444444444444446,
        0.3395061728395062,
        0.40929855585027997,
        0.26584660885931305,
        0.3831691297208539,
        0.4996996996996997,
        0.23774954627949185,
        0.4719576719576719,
        0.2852801519468186,
        0.4439560439560439,
        0.46194546194546193,
        0.4662756598240469,
        0.4525844525844526,
        0.4232649071358749,
        0.5064369182016241,
        0.4556277056277056,
        0.5462467815408992,
        0.3973304473304473,
        0.5181372549019607,
        0.4868290750643692,
        0.39019607843137255,
        0.5761242185924581,
        0.5114909781576448,
        0.2549019607843137,
        0.48926767676767674,
        0.5860566448801743,
        0.4844576719576719,
        0.6044117647058824,
        0.5677910052910052,
        0.5456526044761338,
        0.4961389961389961,
        0.616006216006216
    ],
    "val_loss": [
        0.6406207084655762,
        0.5340141654014587,
        0.5522361993789673,
        0.4725075662136078,
        0.4040989875793457,
        0.3916417062282562,
        0.4397359788417816,
        0.42396488785743713,
        0.33667418360710144,
        0.3292511999607086,
        0.33731937408447266,
        0.31119734048843384,
        0.3319978415966034,
        0.2849138677120209,
        0.25223955512046814,
        0.31949785351753235,
        0.4052729606628418,
        0.38450533151626587,
        0.34573087096214294,
        0.3948788344860077,
        0.400316447019577,
        0.34571343660354614,
        0.36369389295578003,
        0.3821921944618225,
        0.4261685907840729,
        0.4277820289134979,
        0.40994882583618164,
        0.4475841522216797,
        0.38450226187705994,
        0.3274536430835724,
        0.33584555983543396,
        0.3759327828884125,
        0.31584659218788147,
        0.2960243821144104,
        0.3171362578868866
    ],
    "val_acc": [
        0.3,
        0.3,
        0.2,
        0.5,
        0.6,
        0.6,
        0.6,
        0.6,
        0.6,
        0.4,
        0.6,
        0.6,
        0.6,
        0.6,
        0.7,
        0.7,
        0.7,
        0.6,
        0.6,
        0.6,
        0.6,
        0.5,
        0.4,
        0.3,
        0.3,
        0.3,
        0.4,
        0.4,
        0.3,
        0.4,
        0.5,
        0.6,
        0.7,
        0.7,
        0.3
    ],
    "val_f1": [
        0.15384615384615385,
        0.15384615384615385,
        0.1111111111111111,
        0.3703703703703704,
        0.6444444444444445,
        0.6444444444444445,
        0.5555555555555555,
        0.6444444444444445,
        0.6444444444444445,
        0.5,
        0.6444444444444445,
        0.6444444444444445,
        0.6444444444444445,
        0.6444444444444445,
        0.6944444444444443,
        0.49350649350649345,
        0.49350649350649345,
        0.43333333333333335,
        0.43333333333333335,
        0.45,
        0.45,
        0.3703703703703704,
        0.3,
        0.2222222222222222,
        0.2222222222222222,
        0.2222222222222222,
        0.2833333333333333,
        0.2833333333333333,
        0.1818181818181818,
        0.26666666666666666,
        0.4000000000000001,
        0.48888888888888893,
        0.5897435897435898,
        0.5897435897435898,
        0.1818181818181818
    ]
}