{
    "train_loss": [
        0.0,
        0.0,
        0.0,
        0.0,
        0.0,
        0.0,
        0.0,
        0.0,
        0.0,
        0.0,
        0.0,
        0.0,
        0.0,
        0.0,
        0.0,
        0.0,
        0.0,
        0.0,
        0.0,
        0.0,
        0.0,
        0.0,
        0.0,
        0.0,
        0.0,
        0.0,
        0.0,
        0.0,
        0.0,
        0.0,
        0.0,
        0.0,
        0.0,
        0.0,
        0.0,
        0.0,
        0.0,
        0.0,
        0.0,
        0.0,
        0.0,
        0.0,
        0.0,
        0.0,
        0.0,
        0.0,
        0.0,
        0.0,
        0.0,
        0.0,
        0.0,
        0.0
    ],
    "train_acc": [
        0.2222222222222222,
        0.2708333333333333,
        0.2847222222222222,
        0.2916666666666667,
        0.3472222222222222,
        0.3402777777777778,
        0.2916666666666667,
        0.2361111111111111,
        0.2777777777777778,
        0.3680555555555556,
        0.2708333333333333,
        0.3055555555555556,
        0.3333333333333333,
        0.3541666666666667,
        0.3194444444444444,
        0.3125,
        0.2847222222222222,
        0.3333333333333333,
        0.2638888888888889,
        0.2916666666666667,
        0.3125,
        0.2708333333333333,
        0.2916666666666667,
        0.2986111111111111,
        0.2569444444444444,
        0.2847222222222222,
        0.3472222222222222,
        0.3263888888888889,
        0.2777777777777778,
        0.3263888888888889,
        0.24305555555555555,
        0.2708333333333333,
        0.3194444444444444,
        0.3263888888888889,
        0.3194444444444444,
        0.3541666666666667,
        0.2916666666666667,
        0.2916666666666667,
        0.3194444444444444,
        0.3263888888888889,
        0.2777777777777778,
        0.25,
        0.3194444444444444,
        0.2916666666666667,
        0.3541666666666667,
        0.3333333333333333,
        0.2777777777777778,
        0.3333333333333333,
        0.3472222222222222,
        0.2847222222222222,
        0.2638888888888889,
        0.2916666666666667
    ],
    "val_loss": [
        0.0,
        0.0,
        0.0,
        0.0,
        0.0,
        0.0,
        0.0,
        0.0,
        0.0,
        0.0,
        0.0,
        0.0,
        0.0,
        0.0,
        0.0,
        0.0,
        0.0,
        0.0,
        0.0,
        0.0,
        0.0,
        0.0,
        0.0,
        0.0,
        0.0,
        0.0,
        0.0,
        0.0,
        0.0,
        0.0,
        0.0,
        0.0,
        0.0,
        0.0,
        0.0,
        0.0,
        0.0,
        0.0,
        0.0,
        0.0,
        0.0,
        0.0,
        0.0,
        0.0,
        0.0,
        0.0,
        0.0,
        0.0,
        0.0,
        0.0,
        0.0,
        0.0
    ],
    "val_acc": [
        0.20588235294117646,
        0.29411764705882354,
        0.17647058823529413,
        0.17647058823529413,
        0.23529411764705882,
        0.20588235294117646,
        0.2647058823529412,
        0.3235294117647059,
        0.29411764705882354,
        0.29411764705882354,
        0.29411764705882354,
        0.29411764705882354,
        0.3235294117647059,
        0.3235294117647059,
        0.29411764705882354,
        0.29411764705882354,
        0.23529411764705882,
        0.3235294117647059,
        0.29411764705882354,
        0.2647058823529412,
        0.23529411764705882,
        0.20588235294117646,
        0.2647058823529412,
        0.3235294117647059,
        0.29411764705882354,
        0.2647058823529412,
        0.29411764705882354,
        0.2647058823529412,
        0.29411764705882354,
        0.2647058823529412,
        0.23529411764705882,
        0.35294117647058826,
        0.3235294117647059,
        0.3235294117647059,
        0.29411764705882354,
        0.23529411764705882,
        0.2647058823529412,
        0.2647058823529412,
        0.29411764705882354,
        0.29411764705882354,
        0.3235294117647059,
        0.20588235294117646,
        0.17647058823529413,
        0.23529411764705882,
        0.23529411764705882,
        0.20588235294117646,
        0.23529411764705882,
        0.2647058823529412,
        0.20588235294117646,
        0.17647058823529413,
        0.23529411764705882,
        0.29411764705882354
    ],
    "val_f1": [
        0.15873015873015872,
        0.28257935809423224,
        0.1574074074074074,
        0.18095238095238098,
        0.22137504072987943,
        0.19924242424242422,
        0.24958258198089892,
        0.29292929292929293,
        0.2699200441135925,
        0.2699200441135925,
        0.2713907469342252,
        0.2713907469342252,
        0.2958949096880132,
        0.29222408026755853,
        0.27108795832498495,
        0.2713907469342252,
        0.19675010979358806,
        0.29572649572649573,
        0.2708333333333333,
        0.2484146677695065,
        0.18614718614718614,
        0.15873015873015872,
        0.24269480519480516,
        0.2958949096880132,
        0.273015873015873,
        0.2475095785440613,
        0.2729064039408867,
        0.2475095785440613,
        0.2737654320987654,
        0.2490740740740741,
        0.22383107088989443,
        0.3189393939393939,
        0.2958949096880132,
        0.29769782189137023,
        0.27149758454106276,
        0.20196353436185133,
        0.24269480519480516,
        0.21695212999560823,
        0.27539682539682536,
        0.2729064039408867,
        0.29572649572649573,
        0.15584415584415584,
        0.12433862433862435,
        0.18614718614718614,
        0.18894830659536543,
        0.15873015873015872,
        0.2128982128982129,
        0.24240523968784836,
        0.15864527629233513,
        0.14393939393939395,
        0.2242063492063492,
        0.2713907469342252
    ]
}