{
    "train_loss": [
        2.536755323410034,
        2.5668978691101074,
        2.1591107845306396,
        1.9609169960021973,
        1.0156782269477844,
        1.149449735879898,
        0.5931769460439682,
        0.7524810433387756,
        0.721388041973114,
        0.6833481788635254,
        1.0180200636386871,
        0.9368317127227783,
        0.6790416538715363,
        0.7173349559307098,
        0.478028804063797,
        0.5787182748317719,
        0.36169253289699554,
        0.5317281931638718,
        0.8686460256576538,
        0.614406630396843,
        0.2966678515076637,
        0.2978128045797348,
        1.3806450366973877,
        0.9695739075541496,
        0.380525603890419,
        0.2978943884372711,
        0.6679011285305023,
        0.3266229182481766,
        0.37132781744003296,
        0.6220347136259079,
        0.18344775959849358,
        0.36827951669692993,
        0.4253152459859848,
        0.3572319224476814,
        0.3417627066373825,
        0.6753095984458923,
        0.24910052865743637,
        0.20687099546194077,
        0.34139417111873627
    ],
    "train_acc": [
        0.4655697471217105,
        0.47566945929276316,
        0.5198974609375,
        0.6427901418585527,
        0.6401174444901315,
        0.4962029708059211,
        0.7113551089638158,
        0.7656763980263158,
        0.684557462993421,
        0.7011397512335527,
        0.7600804379111842,
        0.786730314555921,
        0.7290360300164473,
        0.6985762746710527,
        0.7336040296052632,
        0.7704371402138158,
        0.7929494757401315,
        0.7791555304276315,
        0.7266267475328947,
        0.7416413959703947,
        0.8004535875822368,
        0.8339907997532895,
        0.7512592516447368,
        0.7836657072368421,
        0.7777485094572368,
        0.8340871710526315,
        0.7619950143914473,
        0.811279296875,
        0.776502107319079,
        0.4559197676809211,
        0.7867624383223685,
        0.7755448190789473,
        0.7799072265625,
        0.8213276110197368,
        0.7693063836348685,
        0.4335166529605263,
        0.8128662109375,
        0.8235826994243421,
        0.8210706208881579
    ],
    "train_f1": [],
    "val_loss": [
        0.47102028131484985,
        0.5364629626274109,
        0.6338614821434021,
        0.7203996777534485,
        0.6654037833213806,
        0.6506965756416321,
        0.7047988772392273,
        0.739902138710022,
        0.7250585556030273,
        0.5756885409355164,
        0.5101813673973083,
        0.7541178464889526,
        1.1581429243087769,
        1.3151816129684448,
        1.2917412519454956,
        1.1913594007492065,
        1.1213101148605347,
        1.05968177318573,
        0.8978047370910645,
        1.003238558769226,
        1.264062523841858,
        1.4351609945297241,
        1.6663665771484375,
        1.8820136785507202,
        2.1197471618652344,
        2.560116767883301,
        2.905928134918213,
        2.8153512477874756,
        2.3754894733428955,
        1.8836239576339722,
        1.5422128438949585,
        1.3166042566299438,
        1.18643319606781,
        1.208236813545227,
        1.2127296924591064,
        1.494194507598877,
        1.8038170337677002,
        2.182037115097046,
        2.3032069206237793
    ],
    "val_acc": [
        0.4674072265625,
        0.5090087890625,
        0.540234375,
        0.5527099609375,
        0.6109130859375,
        0.607421875,
        0.5504638671875,
        0.5284912109375,
        0.5372314453125,
        0.5713134765625,
        0.65166015625,
        0.5833251953125,
        0.5152099609375,
        0.5255615234375,
        0.5714111328125,
        0.594873046875,
        0.60517578125,
        0.61328125,
        0.6348388671875,
        0.62080078125,
        0.602197265625,
        0.5911376953125,
        0.5572509765625,
        0.5052490234375,
        0.45576171875,
        0.4285400390625,
        0.4474609375,
        0.497509765625,
        0.5380126953125,
        0.565625,
        0.588330078125,
        0.6054931640625,
        0.6003662109375,
        0.584619140625,
        0.5781982421875,
        0.5720703125,
        0.559912109375,
        0.5500244140625,
        0.5344482421875
    ],
    "val_f1": [
        0.4113280551669624,
        0.3260679976410988,
        0.3365735814978643,
        0.3609655296856504,
        0.4928542010983388,
        0.490264774277303,
        0.38962910852346044,
        0.37108107574881327,
        0.3914234459080654,
        0.500006457694779,
        0.6685304403050796,
        0.6130529105984222,
        0.5671993061417876,
        0.5870016464653814,
        0.6361504625891671,
        0.6545464444452399,
        0.6630919848330611,
        0.6700852434892041,
        0.6893576556370067,
        0.6799249461203933,
        0.6652520637676346,
        0.6557568264566234,
        0.626512539530331,
        0.5774113974487932,
        0.5297813575902907,
        0.5023256723149978,
        0.5296657966385386,
        0.5775999542214905,
        0.6127393290305609,
        0.6360442498730609,
        0.6551343141673942,
        0.6689388462717732,
        0.6628971328852434,
        0.6483865871860558,
        0.6417823432529758,
        0.6365883632277587,
        0.6274041561792217,
        0.6208259027989681,
        0.6077847126554495
    ]
}