{
    "train_loss": [
        3.9186998844146728,
        3.7230278491973876,
        3.247824764251709,
        2.6461090564727785,
        2.339608097076416,
        1.6001679658889771,
        1.4728328824043273,
        1.2353164911270142,
        1.2540846943855286,
        1.0742929935455323,
        0.8031548142433167,
        0.8903762459754944,
        0.9557080626487732,
        0.6992345571517944,
        0.7534033417701721,
        0.7839418053627014,
        0.5626356542110443,
        0.5149279713630677,
        0.7016717493534088,
        0.6385861277580261,
        0.6905749857425689,
        0.546463143825531,
        0.5057573974132538,
        0.6811282217502594,
        0.40882346630096433,
        0.43673402070999146,
        0.46978468298912046,
        0.42379754185676577,
        0.3710750639438629,
        0.4989022821187973,
        0.4372335195541382,
        0.40936141908168794,
        0.4184934437274933,
        0.35923299193382263,
        0.7265985012054443,
        0.41011411547660825,
        0.38837016224861143,
        0.777203369140625,
        0.5340898036956787,
        0.3675279766321182,
        0.33482925295829774,
        0.4303749144077301,
        0.3811044991016388,
        0.3526299476623535,
        0.41373699307441714,
        0.2976744771003723,
        0.30623251795768736,
        0.30704452395439147,
        0.39028443694114684,
        0.4285290211439133,
        0.33943791389465333,
        0.36329745650291445,
        0.317793071269989,
        0.306894513964653,
        0.3841815650463104,
        0.39849464893341063,
        0.3601259171962738,
        0.303673654794693,
        0.523027914762497,
        0.32514736652374265,
        0.4236666142940521,
        0.299435430765152,
        0.28246099054813384,
        0.26591416597366335,
        0.31300478577613833,
        0.31231653690338135,
        0.28671984672546386,
        0.3060214579105377,
        0.3162029355764389,
        0.5243453323841095,
        0.2629851520061493,
        0.44973757565021516,
        0.38319740891456605
    ],
    "train_acc": [
        0.08030507262323944,
        0.08820525693221831,
        0.1139861630721831,
        0.1348447128080986,
        0.21040107834507044,
        0.3053064480633803,
        0.3028461295114437,
        0.3540073448503521,
        0.4068190883582746,
        0.4603632537411972,
        0.48644847601232394,
        0.3556183291153169,
        0.46172837808098594,
        0.4616819569762324,
        0.5034282845510564,
        0.4008737483494718,
        0.5399135535871479,
        0.5783811757262324,
        0.4615822375660211,
        0.4742345675616197,
        0.5278887681558099,
        0.598264882262324,
        0.6233546297315141,
        0.5165499834947183,
        0.6127362318441901,
        0.573912714568662,
        0.5974585304797535,
        0.6313029544454225,
        0.6246991224691901,
        0.6076814893265845,
        0.5085242902728874,
        0.6430337395466549,
        0.5080463248239436,
        0.6183084837147887,
        0.48947272502200706,
        0.6043271346830986,
        0.6279296875,
        0.6107057383362676,
        0.6121396346830986,
        0.595460703675176,
        0.650847958846831,
        0.4994704555457746,
        0.647429990096831,
        0.575896786971831,
        0.5417446082746479,
        0.6812950456646126,
        0.6450779874559859,
        0.6774111465669014,
        0.6263909138424296,
        0.6593361438160211,
        0.46402708241637325,
        0.6745519503741197,
        0.630768252090669,
        0.6911827409771126,
        0.6081818056778169,
        0.5156404737015845,
        0.45305107009242956,
        0.653413154709507,
        0.635682011993838,
        0.6861727002640845,
        0.6333368865536971,
        0.6424474581866197,
        0.6646247111575704,
        0.6715345785651409,
        0.5762492435079225,
        0.5568383445202465,
        0.6846837863116197,
        0.538116884903169,
        0.5609990509463029,
        0.5896632234815141,
        0.697478818221831,
        0.49059370873679575,
        0.6000082526408451
    ],
    "train_f1": [],
    "val_loss": [
        1.8664364218711853,
        2.323753833770752,
        2.3094476461410522,
        2.030177652835846,
        2.1138312816619873,
        2.056357204914093,
        2.305050551891327,
        2.149080812931061,
        1.7559030055999756,
        1.676632046699524,
        1.9634382724761963,
        1.7031643986701965,
        1.8680669069290161,
        1.6495229005813599,
        1.5641968846321106,
        1.5184932351112366,
        1.3402609825134277,
        1.185380756855011,
        1.202175259590149,
        1.3599583506584167,
        1.5359988808631897,
        1.4686259031295776,
        1.209492802619934,
        1.045230746269226,
        0.9758034944534302,
        0.881439745426178,
        0.8926663994789124,
        0.9085569977760315,
        0.9332327544689178,
        0.9432221055030823,
        1.018647700548172,
        1.1112528443336487,
        1.1200568675994873,
        1.1572157144546509,
        1.1618630290031433,
        1.0298944413661957,
        1.0394843220710754,
        0.9973246455192566,
        1.1121231317520142,
        1.0419045686721802,
        0.9405947923660278,
        0.975689172744751,
        0.9871379137039185,
        1.0821729898452759,
        1.0714251399040222,
        0.9830396771430969,
        1.0032578706741333,
        0.9955636858940125,
        1.0240495204925537,
        1.1182695031166077,
        1.0318555235862732,
        0.9853377640247345,
        0.8725076913833618,
        0.8233621418476105,
        0.8831512033939362,
        0.9381571412086487,
        0.9193415939807892,
        0.9496075809001923,
        1.0143359303474426,
        1.0307992100715637,
        1.1608805060386658,
        1.136039137840271,
        1.031761109828949,
        1.0504790544509888,
        1.1271470785140991,
        1.149948239326477,
        1.1288014650344849,
        1.2006619572639465,
        1.0814779996871948,
        1.0688547492027283,
        1.0624733567237854,
        1.1248294711112976,
        1.1444483995437622
    ],