{
    "train_loss": [
        0.0,
        0.0,
        0.0,
        0.0,
        0.0,
        0.0,
        0.0,
        0.0,
        0.0,
        0.0,
        0.0,
        0.0,
        0.0,
        0.0,
        0.0,
        0.0,
        0.0,
        0.0,
        0.0,
        0.0,
        0.0,
        0.0,
        0.0,
        0.0,
        0.0,
        0.0,
        0.0,
        0.0,
        0.0,
        0.0,
        0.0
    ],
    "train_acc": [
        0.359375,
        0.3125,
        0.2734375,
        0.3359375,
        0.2890625,
        0.359375,
        0.328125,
        0.296875,
        0.2578125,
        0.34375,
        0.203125,
        0.328125,
        0.3359375,
        0.3046875,
        0.328125,
        0.28125,
        0.34375,
        0.3671875,
        0.34375,
        0.40625,
        0.3359375,
        0.2890625,
        0.328125,
        0.4140625,
        0.28125,
        0.28125,
        0.234375,
        0.265625,
        0.296875,
        0.21875,
        0.3125
    ],
    "val_loss": [
        0.0,
        0.0,
        0.0,
        0.0,
        0.0,
        0.0,
        0.0,
        0.0,
        0.0,
        0.0,
        0.0,
        0.0,
        0.0,
        0.0,
        0.0,
        0.0,
        0.0,
        0.0,
        0.0,
        0.0,
        0.0,
        0.0,
        0.0,
        0.0,
        0.0,
        0.0,
        0.0,
        0.0,
        0.0,
        0.0,
        0.0
    ],
    "val_acc": [
        0.5294117647058824,
        0.17647058823529413,
        0.058823529411764705,
        0.029411764705882353,
        0.058823529411764705,
        0.11764705882352941,
        0.11764705882352941,
        0.14705882352941177,
        0.17647058823529413,
        0.20588235294117646,
        0.20588235294117646,
        0.23529411764705882,
        0.23529411764705882,
        0.17647058823529413,
        0.20588235294117646,
        0.20588235294117646,
        0.23529411764705882,
        0.17647058823529413,
        0.23529411764705882,
        0.17647058823529413,
        0.23529411764705882,
        0.23529411764705882,
        0.2647058823529412,
        0.23529411764705882,
        0.20588235294117646,
        0.23529411764705882,
        0.23529411764705882,
        0.23529411764705882,
        0.20588235294117646,
        0.20588235294117646,
        0.20588235294117646
    ],
    "val_f1": [
        0.2918985776128633,
        0.11764705882352942,
        0.04597701149425287,
        0.023809523809523808,
        0.04597701149425287,
        0.08978675645342311,
        0.08978675645342311,
        0.1130952380952381,
        0.13496477567667778,
        0.15555555555555556,
        0.15555555555555556,
        0.17500926955876897,
        0.17500926955876897,
        0.13496477567667778,
        0.15555555555555556,
        0.15555555555555556,
        0.1726190476190476,
        0.13496477567667778,
        0.17500926955876897,
        0.13496477567667778,
        0.17500926955876897,
        0.1726190476190476,
        0.19345238095238093,
        0.17500926955876897,
        0.15555555555555556,
        0.17500926955876897,
        0.17500926955876897,
        0.17500926955876897,
        0.15555555555555556,
        0.15555555555555556,
        0.15555555555555556
    ]
}