{
    "train_loss": [
        0.5625755754964692,
        0.8409377038478851,
        0.6630658486059734,
        0.6275040273155484,
        0.3947959840297699,
        0.3142818313624178,
        0.2879875014935221,
        0.278724410704204,
        0.24025195677365577,
        0.2810181411249297,
        0.2158213225858552,
        0.17641473428479262,
        0.1519341426236289,
        0.21764343843928405,
        0.18066521733999252,
        0.17246869366083825,
        0.19297024394784654,
        0.13913877654288495,
        0.16018207025315082,
        0.11936956484402929,
        0.16028833203017712,
        0.16614430424358165,
        0.16370729357004166,
        0.1814286464026996,
        0.1488238453332867,
        0.160057799225407,
        0.1344498520983117,
        0.12122226626213108,
        0.1452608256201659,
        0.1316233053803444,
        0.1196120051401002,
        0.14913369316075528,
        0.12121787973280464,
        0.1474637822913272,
        0.12196135002055339,
        0.14353392885199615,
        0.11804625897535256,
        0.15579991840890475,
        0.11975383386015892,
        0.11134359506624085,
        0.10233474988490343,
        0.08664392387228352,
        0.1117476417816111,
        0.1291648784120168,
        0.09337141364812851,
        0.11228442724261965,
        0.11708305323762554,
        0.11246770301035472,
        0.09631646091916732,
        0.0858716717255967,
        0.07825823500752449,
        0.08460461907088757,
        0.0912734464343105,
        0.14182861694800003,
        0.07904803912554469,
        0.07598008747611727,
        0.10037614697856563,
        0.10297960854534592,
        0.06634097187114614,
        0.10493257389004741,
        0.08717357859547649,
        0.09737847319671086,
        0.0715257107679333,
        0.07568752486258745,
        0.1014408880312528,
        0.11832795292139053,
        0.08226294669189624,
        0.11205609435481685,
        0.10016947372683457,
        0.07425655318158013,
        0.10214643932080694,
        0.10121259612164327,
        0.07296709796147686,
        0.0938580995425582,
        0.06798396512333836,
        0.07497361741427865,
        0.09411535698122211,
        0.0761979103221425
    ],
    "train_acc": [
        0.07621466818820224,
        0.08438816713483147,
        0.1288694917485955,
        0.16946102528089887,
        0.20403709840238765,
        0.22966610340589888,
        0.2891642709796348,
        0.3066485801439607,
        0.351976990431882,
        0.3825971624824438,
        0.38198077598314606,
        0.43776197112008425,
        0.4237428129389045,
        0.45869030898876406,
        0.46860680740870786,
        0.47771654450491574,
        0.4630587802844101,
        0.5064850882198034,
        0.46734550561797755,
        0.4873395255442416,
        0.41786835059691013,
        0.4858168012640449,
        0.46685887025983147,
        0.5195285068469101,
        0.49723325579353933,
        0.5326169131846911,
        0.5386219496137641,
        0.49359281732794946,
        0.49589734023876403,
        0.5241007944171349,
        0.4657544768258427,
        0.5756676834620786,
        0.5792617626404495,
        0.5366976277212079,
        0.5822076347436798,
        0.5476008383075842,
        0.5462929029143259,
        0.5131646659936798,
        0.5436383536692416,
        0.5456087605337079,
        0.5951394070400281,
        0.5362963044241573,
        0.598658598139045,
        0.5498622937148876,
        0.5226120852352528,
        0.573851716116573,
        0.5806006956636236,
        0.5808374297752809,
        0.5512064387289326,
        0.5885657149754213,
        0.5317605007900281,
        0.6046293451544944,
        0.6288755266853933,
        0.6170017885358146,
        0.5492308198735955,
        0.5611690221207866,
        0.6061133909761236,
        0.5687612469276685,
        0.5695095790905899,
        0.5961576654669943,
        0.6319876338658708,
        0.6355803414676966,
        0.6107720878686798,
        0.5390715524051967,
        0.5648681640625,
        0.5866274030021067,
        0.6118542617626405,
        0.5502027190133427,
        0.6242039369733146,
        0.5823936205231741,
        0.5402859462780899,
        0.6353559515449438,
        0.6056105710147472,
        0.6388200052668539,
        0.6040115870786517,
        0.5880253138167135,
        0.5652294373244382,
        0.6493295733848314
    ],
    "train_f1": [],
    "val_loss": [
        0.5870886333286762,
        0.635121550410986,
        0.5164453946053982,
        0.42184074595570564,
        0.370246522128582,
        0.32584369741380215,
        0.28632452711462975,
        0.2341835219413042,
        0.21486648730933666,
        0.20208884496241808,
        0.2110673449933529,
        0.2075150590389967,
        0.18449186719954014,
        0.17937386874109507,
        0.181167877279222,
        0.2008814997971058,
        0.1713434224948287,
        0.15919471997767687,
        0.1547524407505989,
        0.16592265758663416,
        0.16229473380371928,
        0.15040366724133492,
        0.1451751748099923,
        0.1490251226350665,
        0.13991281017661095,
        0.1404370479285717,
        0.13577488670125604,
        0.1447112513706088,
        0.14427189994603395,
        0.15931423660367727,
        0.13966683857142925,
        0.13455490488559008,
        0.13788868393749,
        0.14175191475078464,
        0.13721851725131273,
        0.14414362236857414,
        0.17029279470443726,
        0.12939006369560957,
        0.1268346020951867,
        0.12729365238919854,
        0.13141866959631443,
        0.1365197622217238,
        0.16299038752913475,
        0.13342144340276718,
        0.13188988901674747,
        0.14243324007838964,
        0.1331420624628663,
        0.13866349775344133,
        0.12728075310587883,
        0.1303435806185007,
        0.13880517333745956,
        0.14243990182876587,
        0.13750436017289758,
        0.14290576335042715,
        0.15728545747697353,
        0.1220724442973733,
        0.12321741878986359,
        0.13292055251076818,
        0.1282574157230556,
        0.13512930739670992,
        0.12924892734736204,
        0.13146783877164125,
        0.1323704901151359,
        0.13532116543501616,
        0.13771588914096355,
        0.1350922044366598,
        0.13043854665011168,
        0.1254318580031395,
        0.12273686798289418,
        0.1376164467073977,
        0.13757043611258268,
        0.14342502737417817,
        0.14365207450464368,
        0.12923021102324128,
        0.13410267420113087,
        0.13312061643227935,
        0.1385900736786425,
        0.14745979523286223
    ],