{
    "train_loss": [
        0.790927817778928,
        0.5698484224932534,
        0.605764447578362,
        0.425923939794302,
        0.4863495235996587,
        0.36317985291991917,
        0.3625949477510793,
        0.2563158747340952,
        0.20532062756163733,
        0.2127769419125148,
        0.2178602601800646,
        0.22300750549350465,
        0.1584781168826989,
        0.179030429571867,
        0.1479493688259806,
        0.19132008882505552,
        0.1309325766882726,
        0.1040464263143284,
        0.1284647679754666,
        0.16107875361506427,
        0.16692127580089228,
        0.15118107851594687,
        0.16183134008731162,
        0.1317321193803634,
        0.12165142502635717,
        0.10491221171936818,
        0.12405543428446565,
        0.15450884854154928,
        0.1360944482897009,
        0.13455628936312028,
        0.1161229530615466,
        0.09916908054479531,
        0.10220716893672943,
        0.14688590767660312,
        0.13715314439364842,
        0.10955167481941837,
        0.13335430129830325,
        0.10431919433176517,
        0.10204151286078351,
        0.09601035195269755,
        0.12699431819575174,
        0.11491747107356787,
        0.12741511248584306,
        0.09521586022206716,
        0.13667401910892554,
        0.1372296496161393,
        0.08625063872230905,
        0.0913578664351787,
        0.0881502791973097,
        0.10788709257862397,
        0.10136874924812998,
        0.0918202151411346,
        0.079885163610535,
        0.11765136529824563,
        0.10378722633634295,
        0.0987506504835827,
        0.09486640603946787,
        0.11038060033960002,
        0.10993160679936409,
        0.1078367657693369,
        0.11644913894789559,
        0.09364137545760189,
        0.07396120997145772,
        0.11840513588062354,
        0.07894417616937842,
        0.09721627232751676,
        0.14810200780630112,
        0.08467030285724572,
        0.09840238852692502,
        0.07807998811560017,
        0.07525546017235943,
        0.0881158732143896,
        0.08400763278560978,
        0.06709996810449022,
        0.1239266639043178,
        0.11697550237710987,
        0.07051182112523488,
        0.05944301134773663,
        0.1491870763046401
    ],
    "train_acc": [
        0.06863670777738765,
        0.08071261630969101,
        0.10561413711376405,
        0.13703174376755617,
        0.14673153309339887,
        0.21988731127106742,
        0.2667798674508427,
        0.3091838022296348,
        0.31433187763342696,
        0.3069698033707865,
        0.33898953212780897,
        0.42195510007022474,
        0.38515734726123596,
        0.4337745237886236,
        0.4185448121488764,
        0.46022674903441013,
        0.446581482619382,
        0.452807342872191,
        0.5030679424157304,
        0.4963801351825843,
        0.5014206789852528,
        0.422997772559691,
        0.43469841774929774,
        0.511986481741573,
        0.5197937697507022,
        0.5016442459620787,
        0.5170330604810394,
        0.46476584445224717,
        0.5500299003686798,
        0.4502499012464888,
        0.4916333830758427,
        0.5246395496839887,
        0.5400744491748596,
        0.5240064299508427,
        0.5208279384655898,
        0.5115163053019663,
        0.5594830802317415,
        0.4906271945224719,
        0.5624319698033707,
        0.5619069303019663,
        0.5188945641678371,
        0.48381237930126403,
        0.5337619052844101,
        0.5037806135884831,
        0.5654985406425562,
        0.5029993635884832,
        0.5622992011938203,
        0.6026092872191011,
        0.5404198121488764,
        0.5918476233321629,
        0.5484407917837079,
        0.5834483628862359,
        0.5516351935568821,
        0.5389821256144663,
        0.6055880771594101,
        0.555003236920646,
        0.5358856544066011,
        0.5791130837429775,
        0.4573552163799157,
        0.5340674925386236,
        0.5262969627808989,
        0.6183887267380618,
        0.49013232970505616,
        0.5559847370962079,
        0.5490634875351124,
        0.6030893390098314,
        0.6199331219276686,
        0.616798795207163,
        0.6127855622366573,
        0.5950573867626404,
        0.6202049683988764,
        0.5587802844101124,
        0.5814804248595505,
        0.5620322923981742,
        0.5531236284234551,
        0.5534042529845505,
        0.5710550715414325,
        0.5315945400280899,
        0.5430384260884832
    ],
    "train_f1": [],
    "val_loss": [
        0.6442695744335651,
        0.719844177365303,
        0.6989504545927048,
        0.5985690243542194,
        0.5223730988800526,
        0.4822954535484314,
        0.39039845764636993,
        0.3379426598548889,
        0.320196695625782,
        0.4569207429885864,
        0.2873492147773504,
        0.27236020751297474,
        0.2744693271815777,
        0.256886500865221,
        0.2766546607017517,
        0.3127268850803375,
        0.2401551604270935,
        0.233191953971982,
        0.22651520557701588,
        0.2333417609333992,
        0.23306720331311226,
        0.31567903608083725,
        0.21776899136602879,
        0.22209379076957703,
        0.2083920929580927,
        0.22202063351869583,
        0.22712675109505653,
        0.23769158869981766,
        0.3153971806168556,
        0.2343091070652008,
        0.20350712910294533,
        0.21200909465551376,
        0.24366291984915733,
        0.21328935027122498,
        0.21064713038504124,
        0.2034547496587038,
        0.2263377383351326,
        0.20849676057696342,
        0.20251241698861122,
        0.280227392911911,
        0.23113301768898964,
        0.22419407591223717,
        0.19669506326317787,
        0.2085620053112507,
        0.1992737427353859,
        0.21558437123894691,
        0.19874898716807365,
        0.1960329283028841,
        0.19614753872156143,
        0.19143755733966827,
        0.1919406894594431,
        0.19146601855754852,
        0.2551351971924305,
        0.20419561862945557,
        0.2175578474998474,
        0.20459557697176933,
        0.19468777999281883,
        0.30051024071872234,
        0.2246920708566904,
        0.20207835920155048,
        0.18654189817607403,
        0.18840239942073822,
        0.199025496840477,
        0.19417264685034752,
        0.1974262222647667,
        0.19112471118569374,
        0.1996965277940035,
        0.18558651581406593,
        0.19271833449602127,
        0.19867979735136032,
        0.19392481818795204,
        0.18650945276021957,
        0.18541458249092102,
        0.18127142824232578,
        0.18059890158474445,
        0.1899421364068985,
        0.18600764870643616,
        0.22684552147984505,
        0.2092483937740326
    ],