{
    "train_loss": [
        2.908314347267151,
        2.443959414958954,
        1.5296000391244888,
        1.069405049085617,
        0.7809470966458321,
        0.6809528172016144,
        0.6428933590650558,
        0.34778153896331787,
        0.2630578354001045,
        0.30549534410238266,
        0.37447474151849747,
        0.2731805443763733,
        0.22256870940327644,
        0.18482983857393265,
        0.15256472304463387,
        0.16204584017395973,
        0.12618491984903812,
        0.12652593664824963,
        0.14744068682193756,
        0.1213414091616869,
        0.29020315781235695,
        0.12093747034668922,
        0.11640891991555691,
        0.2187076136469841,
        0.12119367904961109,
        0.3673707991838455,
        0.15791870281100273,
        0.201986663043499,
        0.11058507300913334
    ],
    "train_acc": [
        0.3610330332880435,
        0.4225373641304348,
        0.5827551800271739,
        0.5973887567934782,
        0.6745669157608696,
        0.7448475713315217,
        0.7660835597826087,
        0.7896632982336956,
        0.8027747112771739,
        0.7264839504076087,
        0.6922702955163044,
        0.820654296875,
        0.8171514096467392,
        0.8384022588315218,
        0.8331903872282609,
        0.801407523777174,
        0.8417989979619566,
        0.838525390625,
        0.8341818104619565,
        0.8228091032608695,
        0.8280570652173913,
        0.8335810122282609,
        0.846089504076087,
        0.8202806555706522,
        0.835400390625,
        0.6964928668478261,
        0.8014797044836957,
        0.7585534137228261,
        0.8369459069293478
    ],
    "train_f1": [],
    "val_loss": [
        1.1656053066253662,
        0.8565076589584351,
        0.8105012774467468,
        0.7409276366233826,
        0.6692284941673279,
        0.6032776236534119,
        0.32587552070617676,
        0.2196456640958786,
        0.2902568280696869,
        0.33396416902542114,
        0.340868204832077,
        0.30493611097335815,
        0.2616097033023834,
        0.2312844693660736,
        0.23406703770160675,
        0.22994756698608398,
        0.20969128608703613,
        0.19141674041748047,
        0.1955128163099289,
        0.1929430514574051,
        0.21189673244953156,
        0.2217046469449997,
        0.217029869556427,
        0.21025437116622925,
        0.21220259368419647,
        0.2363135814666748,
        0.21366070210933685,
        0.18598122894763947,
        0.17220748960971832
    ],
    "val_acc": [
        0.3686102505387931,
        0.5576424434267241,
        0.6644665948275862,
        0.7471881734913793,
        0.7747339709051724,
        0.7660206761853449,
        0.7900895743534483,
        0.8194369612068966,
        0.8258098733836207,
        0.8122053475215517,
        0.79150390625,
        0.8058492726293104,
        0.8249090786637931,
        0.822821255387931,
        0.8014884159482759,
        0.7811994881465517,
        0.795654296875,
        0.8160442483836207,
        0.8132913523706896,
        0.8042328933189655,
        0.7954690867456896,
        0.8040729391163793,
        0.8081980738146551,
        0.804266567887931,
        0.7910577182112069,
        0.7704825565732759,
        0.7597066945043104,
        0.7781856142241379,
        0.7846427128232759
    ],
    "val_f1": [
        0.24810788725788493,
        0.38311925636481514,
        0.4872929325357139,
        0.5656169800095902,
        0.6973824707047361,
        0.7153129886741881,
        0.7316020733207731,
        0.7585788158823674,
        0.7739813748473264,
        0.7659385149429204,
        0.7484228088966912,
        0.7572915062845662,
        0.7675886261551274,
        0.7577870406776949,
        0.7411199990106988,
        0.7296733892702824,
        0.7388976857312327,
        0.7504496269894526,
        0.7456540082043709,
        0.741778657149144,
        0.743382678892587,
        0.7609222897506497,
        0.7584919386932635,
        0.7412914142795625,
        0.7192028722152367,
        0.7026687729546465,
        0.7142107233847829,
        0.7373797720392865,
        0.7456599535499698
    ]
}