{
    "train_loss": [
        4.004002928733826,
        3.6069573163986206,
        2.3831134140491486,
        1.5443943738937378,
        1.081079751253128,
        0.677908182144165,
        0.8180941641330719,
        0.559631422162056,
        0.3457402102649212,
        0.36241548880934715,
        0.3928774371743202,
        0.8517695367336273,
        0.4873652458190918,
        0.27255794778466225,
        0.4343542158603668,
        0.25552771240472794,
        0.2162284441292286,
        0.5281263776123524,
        0.46233280189335346,
        0.16217339411377907,
        0.12550498358905315,
        0.225776057690382,
        0.3100295327603817,
        0.30246079340577126,
        0.3654080890119076,
        0.25082908011972904,
        0.18154865503311157,
        0.5607456117868423,
        0.3141060955822468,
        0.1903853602707386,
        0.1462988369166851
    ],
    "train_acc": [
        0.42826895878232757,
        0.4233924602640086,
        0.42828790072737066,
        0.5855228818696121,
        0.6905286065463362,
        0.7253249595905172,
        0.6634311018318966,
        0.5369578394396551,
        0.817138671875,
        0.8022923962823276,
        0.7775037042025862,
        0.658624057112069,
        0.8049463732489224,
        0.7107522898706896,
        0.7792716190732759,
        0.8076213968211207,
        0.8293541217672413,
        0.7334552633351293,
        0.7855119376346983,
        0.7317041857489224,
        0.7452624090786638,
        0.7206947063577587,
        0.7391357421875,
        0.7204800309806034,
        0.7078415443157328,
        0.680413607893319,
        0.6913809940732759,
        0.7547881027747845,
        0.7314642544450431,
        0.7876418541217672,
        0.8551214810075431
    ],
    "train_f1": [],
    "val_loss": [
        0.6799299716949463,
        0.7433303594589233,
        0.5525810122489929,
        0.4254242181777954,
        0.37643373012542725,
        0.41615384817123413,
        0.47234076261520386,
        0.36349910497665405,
        0.23655825853347778,
        0.15889964997768402,
        0.12442702800035477,
        0.11740076541900635,
        0.11316250264644623,
        0.13151389360427856,
        0.11921883374452591,
        0.1618552953004837,
        0.13916966319084167,
        0.1430407464504242,
        0.11495667695999146,
        0.1199076771736145,
        0.15828676521778107,
        0.1460779458284378,
        0.11225148290395737,
        0.12461291253566742,
        0.11508271098136902,
        0.10470958799123764,
        0.06657363474369049,
        0.06390316784381866,
        0.0707600861787796,
        0.08728687465190887,
        0.1716867983341217
    ],
    "val_acc": [
        0.5110735212053571,
        0.5787091936383929,
        0.6944580078125,
        0.765625,
        0.773681640625,
        0.7690516880580357,
        0.7628348214285714,
        0.8096836635044643,
        0.8495134626116071,
        0.8718959263392857,
        0.8879656110491071,
        0.8830915178571429,
        0.8738228934151786,
        0.8535679408482143,
        0.8671787806919643,
        0.8238525390625,
        0.8411342075892857,
        0.8496529715401786,
        0.8676321847098214,
        0.8537859235491071,
        0.8577357700892857,
        0.8603079659598214,
        0.8655308314732143,
        0.8524954659598214,
        0.8229718889508929,
        0.8447614397321429,
        0.8888898577008929,
        0.8907906668526786,
        0.8822457449776786,
        0.8492082868303571,
        0.7837785993303571
    ],
    "val_f1": [
        0.36494915093781494,
        0.40325864957141855,
        0.5487143199618356,
        0.6386495810598669,
        0.689128581437071,
        0.6742243977656669,
        0.6344134848485569,
        0.6715189212635462,
        0.7406704503791325,
        0.8003675575503667,
        0.8149507361377749,
        0.7894678594192306,
        0.7755701092770986,
        0.7674614439738178,
        0.7944021832583085,
        0.7555198153085945,
        0.7808682362721137,
        0.793429421870051,
        0.8111043917517101,
        0.7983084295077196,
        0.7994168024138308,
        0.7987120164537744,
        0.8074281526953945,
        0.79533325526116,
        0.7648838617703708,
        0.7756373086773239,
        0.8149098342388758,
        0.8127331358618409,
        0.814364466081393,
        0.7903968749289317,
        0.7309525095671269
    ]
}