{
    "train_loss": [
        1.8880912214517593,
        1.4096249341964722,
        1.1047123968601227,
        1.0765289142727852,
        1.0456279665231705,
        0.8626233264803886,
        0.8648508563637733,
        0.8211487382650375,
        0.9790539406239986,
        0.746143564581871,
        0.7707972750067711,
        0.7330104559659958,
        0.6574140414595604,
        0.6350734084844589,
        0.613328367471695,
        0.5856731422245502,
        0.6243126727640629,
        0.512620534747839,
        0.5169507153332233,
        0.5943372845649719,
        0.4220413379371166,
        0.5583877265453339,
        0.3777501583099365,
        0.4239472411572933,
        0.49960432574152946,
        0.3824102059006691,
        0.48855750262737274,
        0.3357574809342623,
        0.4847956858575344,
        0.26681111473590136,
        0.3813779838383198,
        0.40926722064614296,
        0.49578823149204254
    ],
    "train_acc": [
        0.29296875,
        0.36328125,
        0.4921875,
        0.48046875,
        0.46875,
        0.515625,
        0.48828125,
        0.53515625,
        0.4453125,
        0.5,
        0.4453125,
        0.53125,
        0.54296875,
        0.63671875,
        0.65625,
        0.63671875,
        0.640625,
        0.6640625,
        0.66796875,
        0.67578125,
        0.75390625,
        0.65625,
        0.7421875,
        0.69140625,
        0.734375,
        0.66015625,
        0.66796875,
        0.703125,
        0.4765625,
        0.84765625,
        0.74609375,
        0.63671875,
        0.53125
    ],
    "val_loss": [
        1.7087045510609944,
        1.4750450054804485,
        1.1780999104181926,
        1.0467017491658528,
        0.9895159204800924,
        0.9540605147679647,
        0.9174185593922933,
        0.9113083481788635,
        0.8992426991462708,
        0.900266150633494,
        0.8727253079414368,
        0.8963257471720377,
        0.8902639547983805,
        1.0150294303894043,
        0.8458543419837952,
        0.8254128297170004,
        0.7758817672729492,
        0.7877154151598612,
        0.7933615446090698,
        0.7403760751088461,
        0.7741575439771017,
        0.820042351881663,
        0.8229735493659973,
        0.8276642759641012,
        0.8371078173319498,
        0.8294813831647238,
        0.8337604999542236,
        0.8305404583613077,
        0.8199628392855326,
        0.814529021581014,
        0.802195151646932,
        0.7975073258082072,
        0.8479779163996378
    ],
    "val_acc": [
        0.2375,
        0.4875,
        0.525,
        0.5875,
        0.6375,
        0.6625,
        0.65,
        0.7,
        0.675,
        0.675,
        0.6375,
        0.6,
        0.6375,
        0.5875,
        0.575,
        0.625,
        0.6375,
        0.6875,
        0.65,
        0.65,
        0.65,
        0.6375,
        0.6375,
        0.6375,
        0.6125,
        0.625,
        0.6125,
        0.6125,
        0.6125,
        0.625,
        0.6,
        0.6375,
        0.5875
    ],
    "val_f1": [
        0.14435394040657198,
        0.33112739112739115,
        0.4031621156621157,
        0.45348725348725355,
        0.5756521800639448,
        0.5861444577831133,
        0.5710084033613445,
        0.6183643384890188,
        0.5616183067429871,
        0.5711566677953231,
        0.5482904272820239,
        0.5442365835222979,
        0.5764580793467348,
        0.4984854198089493,
        0.4895114145114145,
        0.5362954418875471,
        0.5653948992184287,
        0.6615740740740741,
        0.5953108302373008,
        0.5965087007949275,
        0.5562214387151809,
        0.58067615935263,
        0.6227564128204924,
        0.5764105175869881,
        0.5527265490500785,
        0.5716907003671711,
        0.5644689732925028,
        0.5644689732925028,
        0.5615949954185249,
        0.5665220128455423,
        0.5666601916601917,
        0.6080712276192907,
        0.5287599383187618
    ]
}