{
    "train_loss": [
        3081361.022727273,
        2944118.9545454546,
        2984563.772727273,
        2906181.159090909,
        2844259.522727273,
        2732955.8068181816,
        2767829.2954545454,
        2522613.8068181816,
        2595210.8181818184,
        2365839.875,
        2376687.215909091,
        2229916.340909091,
        2162925.375,
        2109675.3806818184,
        2040029.8295454546,
        1895002.4204545454,
        2063189.6193181819,
        1943418.375,
        1878430.5909090908,
        1888159.625,
        1678107.3409090908,
        1725786.3295454546,
        1700921.1079545454,
        1784957.9545454546,
        1715724.7045454546,
        1410370.4431818181,
        1527846.7556818181
    ],
    "train_acc": [
        0.17613636363636365,
        0.20454545454545456,
        0.2556818181818182,
        0.20454545454545456,
        0.2159090909090909,
        0.2215909090909091,
        0.2727272727272727,
        0.26704545454545453,
        0.2727272727272727,
        0.2840909090909091,
        0.2727272727272727,
        0.30113636363636365,
        0.3125,
        0.32954545454545453,
        0.3409090909090909,
        0.4034090909090909,
        0.3693181818181818,
        0.3352272727272727,
        0.3693181818181818,
        0.3522727272727273,
        0.38636363636363635,
        0.4375,
        0.3352272727272727,
        0.375,
        0.3806818181818182,
        0.4431818181818182,
        0.4602272727272727
    ],
    "val_loss": [
        2543455.40625,
        2572741.9375,
        2356675.21875,
        2235463.96875,
        2142238.6875,
        1992990.5625,
        1880866.875,
        1804895.46875,
        1770129.65625,
        1776266.84375,
        1738051.59375,
        1723957.171875,
        1654572.046875,
        1636407.6875,
        1634135.46875,
        1632377.0625,
        1563676.484375,
        1585374.3125,
        1550870.40625,
        1555882.484375,
        1479154.9375,
        1502419.453125,
        1542195.09375,
        1533989.75,
        1436612.9375,
        1396367.15625,
        1308870.9375
    ],
    "val_acc": [
        0.07407407407407407,
        0.12962962962962962,
        0.2037037037037037,
        0.2222222222222222,
        0.25925925925925924,
        0.3333333333333333,
        0.4444444444444444,
        0.37037037037037035,
        0.35185185185185186,
        0.2962962962962963,
        0.35185185185185186,
        0.37037037037037035,
        0.4444444444444444,
        0.4074074074074074,
        0.3888888888888889,
        0.35185185185185186,
        0.3333333333333333,
        0.35185185185185186,
        0.3333333333333333,
        0.3333333333333333,
        0.37037037037037035,
        0.37037037037037035,
        0.3888888888888889,
        0.3888888888888889,
        0.42592592592592593,
        0.46296296296296297,
        0.42592592592592593
    ],
    "val_f1": [
        0.03401360544217687,
        0.07819922013470401,
        0.16927326486150016,
        0.19047619047619047,
        0.1298196229489981,
        0.21187146187146189,
        0.3478006587250285,
        0.2747426243224563,
        0.25510204081632654,
        0.1673469387755102,
        0.19899267399267398,
        0.20859725070251386,
        0.32369176717002807,
        0.2508234872896527,
        0.23056934485505914,
        0.24615906968848142,
        0.23901372461210185,
        0.2451530612244898,
        0.22108843537414966,
        0.2222634508348794,
        0.2443976443976444,
        0.2471861471861472,
        0.2605737947352854,
        0.24157214001934496,
        0.3343537414965986,
        0.3252123816033591,
        0.3323884665499573
    ]
}