{
    "train_loss": [
        0.8287440687417984,
        0.832924947142601,
        0.7726611793041229,
        0.618239015340805,
        0.5279815495014191,
        0.46510397270321846,
        0.4251420870423317,
        0.4863490015268326,
        0.4116445705294609,
        0.4672563970088959,
        0.38799040019512177,
        0.3790424168109894,
        0.42278292030096054,
        0.3973459005355835,
        0.4320170283317566,
        0.33876676857471466,
        0.34088413417339325,
        0.194643072783947,
        0.43101291358470917,
        0.30998917669057846,
        0.2714710831642151,
        0.30372409522533417,
        0.2796541042625904,
        0.2749777026474476,
        0.2780732996761799,
        0.22437004651874304,
        0.18935611471533775,
        0.24396652355790138,
        0.18590867519378662,
        0.18388939648866653,
        0.2411678098142147,
        0.3268218822777271,
        0.25663069263100624,
        0.2183433510363102,
        0.15453185886144638,
        0.22718625515699387
    ],
    "train_acc": [
        0.3883495145631068,
        0.3592233009708738,
        0.30097087378640774,
        0.4077669902912621,
        0.4174757281553398,
        0.42718446601941745,
        0.46601941747572817,
        0.5145631067961165,
        0.6019417475728155,
        0.47572815533980584,
        0.5825242718446602,
        0.6504854368932039,
        0.6310679611650486,
        0.6019417475728155,
        0.6213592233009708,
        0.6601941747572816,
        0.47572815533980584,
        0.7766990291262136,
        0.6990291262135923,
        0.7184466019417476,
        0.7475728155339806,
        0.7378640776699029,
        0.7184466019417476,
        0.7184466019417476,
        0.6116504854368932,
        0.7378640776699029,
        0.7961165048543689,
        0.7669902912621359,
        0.8349514563106796,
        0.8058252427184466,
        0.8155339805825242,
        0.7864077669902912,
        0.8446601941747572,
        0.7961165048543689,
        0.8252427184466019,
        0.7766990291262136
    ],
    "train_f1": [
        0.3626123703763455,
        0.3393582887700535,
        0.269261811634693,
        0.3836434957124612,
        0.37470942476919045,
        0.36160034790171774,
        0.4300294101775403,
        0.45899028507724154,
        0.5480251049011661,
        0.42407300302037143,
        0.5091089466089466,
        0.5761183261183261,
        0.5746509129967777,
        0.53734335839599,
        0.528962335746506,
        0.5662486248624862,
        0.42713972774213743,
        0.6976430976430977,
        0.6361064677896361,
        0.6333333333333333,
        0.6812707386014502,
        0.653960396039604,
        0.581646249731356,
        0.6328843995510662,
        0.5193564356435644,
        0.659814972687948,
        0.7019482932526411,
        0.6749281432208262,
        0.7853630363036305,
        0.7534223565969597,
        0.7631226403604919,
        0.7166760200369978,
        0.7731687242798354,
        0.7161555493426656,
        0.7700454840805717,
        0.7033744855967078
    ],
    "val_loss": [
        0.4743635058403015,
        0.4975626468658447,
        0.5243332386016846,
        0.5539631247520447,
        0.5318414568901062,
        0.49911853671073914,
        0.3922213912010193,
        0.34906184673309326,
        0.37275218963623047,
        0.3756474256515503,
        0.42296889424324036,
        0.46082350611686707,
        0.4087732136249542,
        0.48178285360336304,
        0.4603963792324066,
        0.4450448751449585,
        0.4429401457309723,
        0.4497804343700409,
        0.465990275144577,
        0.4697924256324768,
        0.4411970376968384,
        0.43710532784461975,
        0.42837849259376526,
        0.4333026707172394,
        0.3641197681427002,
        0.35203084349632263,
        0.31987613439559937,
        0.330414354801178,
        0.32803043723106384,
        0.3683110773563385,
        0.38374900817871094,
        0.37117645144462585,
        0.277701199054718,
        0.2713472545146942,
        0.28787755966186523,
        0.35652339458465576
    ],
    "val_acc": [
        0.2692307692307692,
        0.38461538461538464,
        0.46153846153846156,
        0.23076923076923078,
        0.34615384615384615,
        0.46153846153846156,
        0.6923076923076923,
        0.7307692307692307,
        0.6538461538461539,
        0.6153846153846154,
        0.6153846153846154,
        0.6153846153846154,
        0.7307692307692307,
        0.6538461538461539,
        0.6923076923076923,
        0.7307692307692307,
        0.6538461538461539,
        0.7307692307692307,
        0.7307692307692307,
        0.6923076923076923,
        0.7307692307692307,
        0.8076923076923077,
        0.7692307692307693,
        0.7692307692307693,
        0.6923076923076923,
        0.7307692307692307,
        0.7692307692307693,
        0.6923076923076923,
        0.6923076923076923,
        0.7692307692307693,
        0.7307692307692307,
        0.7692307692307693,
        0.7692307692307693,
        0.7307692307692307,
        0.7692307692307693,
        0.8076923076923077
    ],
    "val_f1": [
        0.17965367965367965,
        0.27810266406757633,
        0.39444444444444443,
        0.16666666666666666,
        0.2657952069716776,
        0.3549257759784075,
        0.5227272727272728,
        0.5275362318840581,
        0.4824242424242424,
        0.4858523119392684,
        0.48484848484848486,
        0.47299077733860345,
        0.5398550724637681,
        0.5664251207729468,
        0.5952380952380952,
        0.6313131313131313,
        0.4898989898989899,
        0.5277777777777778,
        0.5277777777777778,
        0.5096618357487923,
        0.5398550724637681,
        0.5598290598290598,
        0.5429208472686734,
        0.5429208472686734,
        0.489337822671156,
        0.5,
        0.5396825396825397,
        0.5090909090909091,
        0.4985507246376812,
        0.5429208472686734,
        0.5166666666666667,
        0.5429208472686734,
        0.5502645502645502,
        0.5393939393939394,
        0.5429208472686734,
        0.5690235690235691
    ]
}