{
    "train_loss": [
        1.8739116191864014,
        1.9118307828903198,
        1.724119246006012,
        1.853123128414154,
        1.7240080833435059,
        1.6737488061189651,
        1.6126901507377625,
        1.5541832447052002,
        1.4751642644405365,
        1.4704239219427109,
        1.3436942249536514,
        1.4302286356687546,
        1.3335564583539963,
        1.3298946917057037,
        1.3722630888223648,
        1.3034735321998596,
        1.2129769325256348,
        1.1514928117394447,
        1.3824736028909683,
        1.0780036076903343,
        1.0366431549191475,
        1.074644722044468,
        1.0565053075551987,
        1.0900395959615707,
        0.9862443655729294,
        0.9733249172568321,
        1.049785241484642,
        1.0353483110666275,
        1.161730632185936,
        1.007858194410801,
        1.091620221734047,
        0.9639919996261597,
        1.0017999708652496,
        0.9425137490034103,
        0.8574262410402298,
        0.8911965265870094,
        0.9747652038931847,
        1.0011456310749054,
        1.066450834274292,
        0.8646347224712372,
        0.9032675996422768,
        0.8867552950978279,
        0.9080884605646133,
        0.9087689369916916,
        0.9695659652352333,
        0.7819549739360809,
        0.768140085041523,
        0.8714104369282722,
        0.7876763194799423,
        0.9097083210945129,
        0.8940021321177483,
        0.7918855622410774,
        0.7296920381486416,
        0.7828203588724136,
        0.8396924883127213,
        0.7622636556625366,
        1.037314623594284,
        0.8458925858139992,
        0.7360479608178139,
        0.7888119891285896,
        0.7622540593147278,
        0.7409196048974991,
        0.9570847526192665,
        0.771115668118
    ],
    "train_acc": [
        0.07894736842105263,
        0.11842105263157894,
        0.13157894736842105,
        0.12280701754385964,
        0.13157894736842105,
        0.12280701754385964,
        0.13596491228070176,
        0.17982456140350878,
        0.20614035087719298,
        0.20175438596491227,
        0.20175438596491227,
        0.21929824561403508,
        0.23684210526315788,
        0.2631578947368421,
        0.2412280701754386,
        0.25,
        0.2894736842105263,
        0.3026315789473684,
        0.31140350877192985,
        0.36403508771929827,
        0.3157894736842105,
        0.33771929824561403,
        0.3815789473684211,
        0.44298245614035087,
        0.40789473684210525,
        0.39473684210526316,
        0.4166666666666667,
        0.4298245614035088,
        0.39035087719298245,
        0.36403508771929827,
        0.4298245614035088,
        0.43859649122807015,
        0.35526315789473684,
        0.41228070175438597,
        0.3815789473684211,
        0.4517543859649123,
        0.43859649122807015,
        0.42105263157894735,
        0.4166666666666667,
        0.3508771929824561,
        0.3991228070175439,
        0.3991228070175439,
        0.43859649122807015,
        0.5043859649122807,
        0.3684210526315789,
        0.4780701754385965,
        0.44298245614035087,
        0.4605263157894737,
        0.4166666666666667,
        0.49122807017543857,
        0.44298245614035087,
        0.5043859649122807,
        0.47368421052631576,
        0.4473684210526316,
        0.4298245614035088,
        0.4166666666666667,
        0.39473684210526316,
        0.4605263157894737,
        0.4473684210526316,
        0.4868421052631579,
        0.4868421052631579,
        0.5087719298245614,
        0.5043859649122807,
        0.5
    ],
    "train_f1": [
        0.045104236968995744,
        0.07773350531971222,
        0.10444247680107854,
        0.0823009819720346,
        0.07807475292990654,
        0.066965077643642,
        0.07186124806792586,
        0.13685396099645963,
        0.11638231199410361,
        0.10940987980461664,
        0.1307372795482933,
        0.1332009457386849,
        0.13094218441018723,
        0.19737464678720196,
        0.16711335245694983,
        0.15014424256733025,
        0.1652883177367603,
        0.17109554175092756,
        0.19878262779832553,
        0.24636178758430313,
        0.22776122905778404,
        0.2068481344106574,
        0.21831480507578335,
        0.3105814552123832,
        0.27789008349380734,
        0.28843469582026005,
        0.28329965647043864,
        0.2929466988655446,
        0.28724729914172814,
        0.23879723387991644,
        0.3143403082032265,
        0.34283329286966224,
        0.2562253250851132,
        0.34152540601782105,
        0.29121048466705507,
        0.358202367807631,
        0.34677131202356254,
        0.3068367422292092,
        0.3049498746867168,
        0.2570525812198706,
        0.2838198818933176,
        0.287701106083459,
        0.3352057896003558,
        0.4203242326479355,
        0.26863972715421985,
        0.3838446521402486,
        0.3567436259322225,
        0.3607030159887678,
        0.3534084759515939,
        0.39064488496337146,
        0.3495676942230639,
        0.40975917711247994,
        0.3732005695812204,
        0.34898837265826094,
        0.340646036857615,
        0.3266201055174167,
        0.3159318916110087,
        0.3759293813538728,
        0.36393364343016193,
        0.41067815247612693,
        0.39877759386441186,
        0.4120407743267624,
        0.42621027733160083,
        0.39095904203724907
    ],
    "val_loss": [
        1.7307197451591492,
        1.733047366142273,
        1.7498059272766113,
        1.6983585953712463,
        1.5764115452766418,
        1.5274651646614075,
        1.4722099900245667,
        1.5561349987983704,
        1.514029622077942,
        1.4731642007827759,
        1.3814085125923157,
        1.3592517375946045,
        1.423501193523407,
        1.351951241493225,
        1.2274961471557617,
        1.3142319321632385,
        1.2689597010612488,
        1.2779297828674316,
        1.2780253887176514,
        1.2300695180892944,
        1.1897897720336914,
        1.1832987070083618,
        1.203938364982605,
        1.1251190900802612,
        1.1004971861839294,
        1.055374026298523,
        1.0868348479270935,
        1.1024105250835419,
        1.0564658343791962,
        1.0330846905708313,
        1.0580514073371887,
        1.116497665643692,
        1.1002008616924286,
        1.0596454739570618,
        1.0760235488414764,
        1.0785595178604126,
        1.0325276553630829,
        1.0266261100769043,
        1.029859185218811,
        1.0597304999828339,
        0.9527449905872345,
        0.9294635355472565,
        0.9003173410892487,
        0.9288029670715332,
        0.984788715839386,
        0.9429666697978973,
        0.9009136259555817,
        0.9264016151428223,
        0.9166017770767212,
        0.9497205317020416,
        0.9500057697296143,
        0.935772031545639,
        0.9350536465644836,
        0.9044897258281708,
        0.9043922126293182,
        0.8938193917274475,
        0.9468250274658203,
        0.9516865313053131,
        0.8832599520683289,
        0.8973644375801086,
        0.8844090402126312,
        0.8195876479148865,
        0.83897864818573,
        0.8986639678478241
    ],