{
    "train_loss": [
        1.537552499771118,
        1.5303914546966553,
        1.4846411228179932,
        1.156202745437622,
        1.197966957092285,
        1.0876650094985962,
        1.0435224413871764,
        0.944574773311615,
        0.9190463662147522,
        0.7509405732154846,
        0.8223118424415589,
        0.7075027704238892,
        0.7871724247932435,
        0.6732021331787109,
        0.6060697436332703,
        0.5463915705680847,
        0.4816133201122284,
        0.5119823932647705,
        0.47582735419273375,
        0.45398021340370176,
        0.4622979760169983,
        0.4820868492126465,
        0.5007059335708618,
        0.3435623228549957,
        0.35669879913330077,
        0.5328941762447357,
        0.3565778017044067,
        0.3629364788532257
    ],
    "train_acc": [
        0.14788732394366197,
        0.11971830985915492,
        0.11971830985915492,
        0.18309859154929578,
        0.18309859154929578,
        0.2112676056338028,
        0.19014084507042253,
        0.29577464788732394,
        0.34507042253521125,
        0.323943661971831,
        0.3732394366197183,
        0.36619718309859156,
        0.323943661971831,
        0.39436619718309857,
        0.5,
        0.34507042253521125,
        0.4647887323943662,
        0.5633802816901409,
        0.4507042253521127,
        0.5563380281690141,
        0.5140845070422535,
        0.5070422535211268,
        0.5915492957746479,
        0.6549295774647887,
        0.5915492957746479,
        0.4647887323943662,
        0.528169014084507,
        0.6126760563380281
    ],
    "train_f1": [
        0.11803372066529962,
        0.07525243715719906,
        0.10635269145907444,
        0.15479822189244544,
        0.14885282360592547,
        0.19050105300105305,
        0.14567084857695106,
        0.26651474360814587,
        0.3067788033966289,
        0.2691846103969162,
        0.3275404841188934,
        0.3240544830085072,
        0.2370125308734448,
        0.30491969170268785,
        0.4317325319821971,
        0.2949310281806648,
        0.41662382124567,
        0.4724578903376204,
        0.3685368806794331,
        0.4589774819900523,
        0.4259362697045578,
        0.3955475632876101,
        0.5092058503618249,
        0.5846445398960506,
        0.49110275689223054,
        0.414804576279511,
        0.4748499451755755,
        0.5507266173125737
    ],
    "val_loss": [
        1.412837266921997,
        1.4452670812606812,
        1.4250914454460144,
        1.2873296737670898,
        1.2159398794174194,
        1.0706638097763062,
        0.9996820688247681,
        0.8041564226150513,
        0.7896688580513,
        0.7635586857795715,
        0.7163730561733246,
        0.6278049051761627,
        0.6268030405044556,
        0.6379726231098175,
        0.5340662896633148,
        0.5225280970335007,
        0.5842495858669281,
        0.5186342149972916,
        0.5184549689292908,
        0.6320767998695374,
        0.6084005236625671,
        0.7658909261226654,
        0.47211384773254395,
        0.46299272775650024,
        0.44444510340690613,
        0.4555559605360031,
        0.4907027781009674,
        0.4809419959783554
    ],
    "val_acc": [
        0.08571428571428572,
        0.11428571428571428,
        0.11428571428571428,
        0.14285714285714285,
        0.14285714285714285,
        0.22857142857142856,
        0.2571428571428571,
        0.42857142857142855,
        0.3142857142857143,
        0.2857142857142857,
        0.34285714285714286,
        0.34285714285714286,
        0.4,
        0.4,
        0.45714285714285713,
        0.4857142857142857,
        0.4,
        0.4857142857142857,
        0.5142857142857142,
        0.45714285714285713,
        0.34285714285714286,
        0.37142857142857144,
        0.4857142857142857,
        0.5142857142857142,
        0.5428571428571428,
        0.5142857142857142,
        0.45714285714285713,
        0.4857142857142857
    ],
    "val_f1": [
        0.027649769585253454,
        0.05494505494505495,
        0.051534672224327394,
        0.08626373626373628,
        0.08412698412698413,
        0.18537414965986393,
        0.19375750300120045,
        0.4283208020050125,
        0.33641456582633056,
        0.3284461152882206,
        0.2914656771799629,
        0.21964882943143813,
        0.3297619047619048,
        0.32357142857142857,
        0.3967507002801121,
        0.37198728045409973,
        0.3166975881261596,
        0.364625850340136,
        0.4167099567099567,
        0.36828885400313965,
        0.24953416149068322,
        0.2626092861386979,
        0.349739632348328,
        0.41784472986519017,
        0.4052396878483835,
        0.3777222777222778,
        0.34951159951159955,
        0.38819373903407517
    ]
}