{
    "train_loss": [
        2.58035671710968,
        2.086505100131035,
        1.902469739317894,
        1.8400941640138626,
        1.8243291676044464,
        1.625544622540474,
        1.6114608347415924,
        1.5780024379491806,
        1.575927972793579,
        1.5205193161964417,
        1.5684400796890259,
        1.4850753247737885,
        1.4473209828138351,
        1.5213449448347092,
        1.36941459774971,
        1.356613576412201,
        1.201303943991661,
        1.3221013247966766,
        1.2534499168395996,
        1.2226082384586334,
        1.2435323223471642,
        1.3320403099060059,
        1.1360704451799393,
        1.3920285403728485,
        1.093420885503292,
        0.995179571211338,
        1.1460009291768074,
        1.2527900040149689,
        1.251752845942974,
        1.101006731390953,
        1.135450802743435,
        0.9788127392530441,
        1.0480828806757927,
        1.017541579902172,
        1.3315251097083092,
        1.1794611886143684,
        1.0868275463581085,
        1.0476685985922813,
        0.978950597345829,
        0.8778327107429504,
        1.011655367910862,
        1.0526985451579094,
        0.9428640231490135,
        0.934855505824089,
        0.8976900056004524,
        0.8242228254675865,
        0.8323713317513466,
        0.9240102618932724,
        0.9933487102389336,
        0.8928532972931862
    ],
    "train_acc": [
        0.0859375,
        0.1875,
        0.265625,
        0.23046875,
        0.27734375,
        0.2734375,
        0.2734375,
        0.2734375,
        0.34765625,
        0.33984375,
        0.30859375,
        0.3203125,
        0.35546875,
        0.25390625,
        0.359375,
        0.4140625,
        0.3515625,
        0.3671875,
        0.34765625,
        0.296875,
        0.3671875,
        0.36328125,
        0.453125,
        0.2734375,
        0.41015625,
        0.45703125,
        0.3671875,
        0.3828125,
        0.33203125,
        0.4375,
        0.4296875,
        0.5,
        0.4609375,
        0.3359375,
        0.31640625,
        0.45703125,
        0.39453125,
        0.4140625,
        0.4453125,
        0.44921875,
        0.50390625,
        0.4453125,
        0.37109375,
        0.453125,
        0.44140625,
        0.53515625,
        0.46484375,
        0.46875,
        0.453125,
        0.36328125
    ],
    "val_loss": [
        1.849466363588969,
        1.545142650604248,
        1.3782409032185872,
        1.289883812268575,
        1.23879873752594,
        1.2824588616689045,
        1.2030487259229024,
        1.1770813862482707,
        1.1677746574083965,
        1.1791693170865376,
        1.1214009126027424,
        1.0722905000050862,
        0.9967567125956217,
        0.9262510538101196,
        0.9466851751009623,
        0.9434118469556173,
        0.9174201488494873,
        0.9563675324122111,
        0.9422122240066528,
        0.9391150077184042,
        0.9235763351122538,
        0.9037054777145386,
        0.9069482485453287,
        0.8748045961062113,
        0.8727448980013529,
        0.8799912730852762,
        0.890301525592804,
        0.8762074112892151,
        0.882979174455007,
        0.881902277469635,
        0.8437610467274984,
        0.8407698074976603,
        0.803052286307017,
        0.787110964457194,
        0.7901129921277364,
        0.7955630222956339,
        0.7338706652323405,
        0.7810737490653992,
        0.8036713401476542,
        0.8235230048497518,
        0.8247238794962565,
        0.7918606599171957,
        0.8138015866279602,
        0.8473815520604452,
        0.812967578570048,
        0.7444805900255839,
        0.7484366695086161,
        0.7950707872708639,
        0.7964212894439697,
        0.7817516525586446
    ],
    "val_acc": [
        0.275,
        0.325,
        0.3875,
        0.4375,
        0.45,
        0.4125,
        0.45,
        0.4625,
        0.5,
        0.5125,
        0.475,
        0.475,
        0.4875,
        0.525,
        0.55,
        0.5625,
        0.5625,
        0.525,
        0.5125,
        0.5375,
        0.55,
        0.575,
        0.55,
        0.5625,
        0.6,
        0.575,
        0.575,
        0.6125,
        0.6125,
        0.5875,
        0.625,
        0.625,
        0.5875,
        0.5375,
        0.575,
        0.5625,
        0.6625,
        0.6375,
        0.5875,
        0.6,
        0.6,
        0.5875,
        0.5875,
        0.6,
        0.625,
        0.6125,
        0.6125,
        0.6125,
        0.65,
        0.625
    ],
    "val_f1": [
        0.15211647272339066,
        0.16103853345951677,
        0.22513701007553466,
        0.2370848504910074,
        0.28481379731379736,
        0.29495946305156834,
        0.32525758841548313,
        0.31137566137566136,
        0.3593961081644681,
        0.38807189542483655,
        0.3212298422824738,
        0.32930464175334223,
        0.3405647729177141,
        0.383009718375572,
        0.42579508856682774,
        0.44279528096017456,
        0.4452867488673115,
        0.3872892537629709,
        0.3550437083045779,
        0.38476501711795824,
        0.44041747189832003,
        0.4523594192198843,
        0.4150132275132275,
        0.4237433862433863,
        0.44854845446950714,
        0.43585910868519573,
        0.4343825490691011,
        0.4923662320527841,
        0.4923662320527841,
        0.46899932118587334,
        0.5000691438191439,
        0.5131808035279307,
        0.4867213804713805,
        0.4367317867317868,
        0.47561928811928816,
        0.4849537037037038,
        0.5833368659615462,
        0.5417702696173968,
        0.4781866281866282,
        0.5000794283689021,
        0.5260026465908819,
        0.5055352055352056,
        0.5082125555449769,
        0.5245655173286753,
        0.550894281157439,
        0.5140306565611444,
        0.5198352845411669,
        0.5246376557710848,
        0.5719127961262024,
        0.5436146097910803
    ]
}