{
    "train_loss": [
        3.4657739400863647,
        3.0528972148895264,
        1.77267786860466,
        1.0839885771274567,
        1.0535525530576706,
        0.5486751981079578,
        0.5937357023358345,
        0.3597951903939247,
        0.39864327758550644,
        0.46135441958904266,
        0.27985429763793945,
        0.22714859619736671,
        0.32771697640419006,
        0.20895236730575562,
        0.17209738865494728,
        0.15303192846477032,
        0.1904873177409172,
        0.43859125673770905,
        0.21600365452468395,
        0.13977692648768425,
        0.18087610229849815,
        0.26197892613708973,
        0.11330568045377731,
        0.1401743832975626,
        0.16227627359330654,
        0.302729818969965,
        0.16746484860777855,
        0.10833299532532692,
        0.15730014070868492,
        0.14348018914461136,
        0.12830013502389193,
        0.10950586013495922,
        0.15535255335271358,
        0.10345441475510597,
        0.12467707693576813,
        0.09086617268621922,
        0.24946446903049946
    ],
    "train_acc": [
        0.24354831861413043,
        0.3238684612771739,
        0.4307150135869565,
        0.6138226052989131,
        0.645267917798913,
        0.7710067085597826,
        0.6337911854619566,
        0.604345703125,
        0.7757621433423914,
        0.7547278362771739,
        0.8152067764945652,
        0.8560801630434782,
        0.8299231487771739,
        0.8650581691576087,
        0.8655400815217391,
        0.865478515625,
        0.8532990828804348,
        0.7351520040760869,
        0.8337890625,
        0.8645592730978261,
        0.6447690217391304,
        0.7627950917119565,
        0.8758470618206522,
        0.8537809952445652,
        0.8430748980978261,
        0.8544200067934783,
        0.8356339164402173,
        0.8645210597826087,
        0.8356466542119565,
        0.8479428498641305,
        0.8796004585597826,
        0.8691300101902174,
        0.8589864979619565,
        0.8865892493206522,
        0.8644849694293478,
        0.770125679347826,
        0.6952360733695652
    ],
    "train_f1": [],
    "val_loss": [
        0.9537378549575806,
        1.083992600440979,
        0.8261359333992004,
        0.7276251912117004,
        0.4982481896877289,
        0.3968646228313446,
        0.36476930975914,
        0.3238881528377533,
        0.3206101655960083,
        0.33371150493621826,
        0.441214382648468,
        0.4403447210788727,
        0.41651639342308044,
        0.38326171040534973,
        0.33923590183258057,
        0.2994292378425598,
        0.22461819648742676,
        0.23360852897167206,
        0.2689656913280487,
        0.26011648774147034,
        0.2630952000617981,
        0.25453081727027893,
        0.2589130699634552,
        0.2763977646827698,
        0.3203315734863281,
        0.37023264169692993,
        0.33691343665122986,
        0.26858147978782654,
        0.2641558349132538,
        0.266399085521698,
        0.3058178424835205,
        0.3137796223163605,
        0.2782893776893616,
        0.26149940490722656,
        0.23588670790195465,
        0.22437793016433716,
        0.22546225786209106
    ],
    "val_acc": [
        0.18221309267241378,
        0.25934469288793105,
        0.44650794719827586,
        0.6488921066810345,
        0.7237927667025862,
        0.7322619207974138,
        0.7534684806034483,
        0.7748686691810345,
        0.7889867322198276,
        0.7932465651939655,
        0.8060934132543104,
        0.8135354929956896,
        0.8108162715517241,
        0.7992322198275862,
        0.7925899110991379,
        0.7906957165948276,
        0.7924299568965517,
        0.7824286099137931,
        0.7821339574353449,
        0.7810647898706896,
        0.7791537580818966,
        0.7799198545258621,
        0.7594204606681034,
        0.770684603987069,
        0.7921773976293104,
        0.7825548895474138,
        0.7989375673491379,
        0.7965803475215517,
        0.7968581627155172,
        0.7912513469827587,
        0.7943073141163793,
        0.7947282462284483,
        0.7893824084051724,
        0.7842554552801724,
        0.7808038119612069,
        0.7554216056034483,
        0.7333647629310345
    ],
    "val_f1": [
        0.17723643631343963,
        0.23815925544931904,
        0.39495992059378165,
        0.5479713764507131,
        0.629015552092208,
        0.6419422023372087,
        0.6676796748819219,
        0.6897210785825628,
        0.7024495609662181,
        0.6916585220751118,
        0.6620337964648101,
        0.6702759382119338,
        0.6839036674627389,
        0.6827417803636124,
        0.7090858068513607,
        0.7156984867447204,
        0.7222910438663849,
        0.6965539237028523,
        0.6718886214452734,
        0.6693317975725108,
        0.6817003535777948,
        0.7003743045726599,
        0.700817854991139,
        0.702361693183373,
        0.7084868129234859,
        0.6701009137844659,
        0.6944561881392003,
        0.716472554102498,
        0.7090871479409059,
        0.6959221083931436,
        0.6815952691977651,
        0.6892587767823678,
        0.7018722460394811,
        0.6961673599818674,
        0.706254719617975,
        0.7021541383991389,
        0.6884845087535995
    ]
}