{
    "train_loss": [
        0.6007333695888519,
        0.3427744060754776,
        0.3190716877579689,
        0.40023111552000046,
        0.218920536339283,
        0.4367786571383476,
        0.28324149921536446,
        0.23282001726329327,
        0.4067672789096832,
        0.27308135479688644,
        0.29532814398407936,
        0.35607045888900757,
        0.244301900267601,
        0.3815705105662346,
        0.4306527338922024,
        0.2041670959442854,
        0.21971573680639267,
        0.24791816994547844,
        0.204120060428977,
        0.19260551780462265
    ],
    "train_acc": [
        0.4296875,
        0.7421875,
        0.6015625,
        0.6640625,
        0.640625,
        0.59375,
        0.6796875,
        0.71875,
        0.71875,
        0.828125,
        0.6875,
        0.640625,
        0.59375,
        0.4375,
        0.671875,
        0.7734375,
        0.6875,
        0.75,
        0.671875,
        0.6796875
    ],
    "val_loss": [
        0.6171357333660126,
        0.3879202604293823,
        0.2599731460213661,
        0.18648426234722137,
        0.13184625655412674,
        0.10936567932367325,
        0.1048824917525053,
        0.10482019931077957,
        0.10013372823596,
        0.10613373294472694,
        0.19293397665023804,
        0.2224876433610916,
        0.22868099808692932,
        0.16601498425006866,
        0.11060498282313347,
        0.09870772063732147,
        0.10885091498494148,
        0.10795934498310089,
        0.11072647571563721,
        0.10594145581126213
    ],
    "val_acc": [
        0.47058823529411764,
        0.6176470588235294,
        0.7941176470588235,
        0.8529411764705882,
        0.8529411764705882,
        0.8529411764705882,
        0.8529411764705882,
        0.8529411764705882,
        0.8529411764705882,
        0.8529411764705882,
        0.8529411764705882,
        0.7352941176470589,
        0.7058823529411765,
        0.7352941176470589,
        0.7941176470588235,
        0.8235294117647058,
        0.8235294117647058,
        0.8529411764705882,
        0.8529411764705882,
        0.8529411764705882
    ],
    "val_f1": [
        0.44216524216524217,
        0.4849302744039586,
        0.7482905982905983,
        0.8162393162393163,
        0.8438438438438438,
        0.8438438438438438,
        0.8438438438438438,
        0.8438438438438438,
        0.8438438438438438,
        0.8438438438438438,
        0.8438438438438438,
        0.7378151260504202,
        0.7167755991285403,
        0.7511961722488039,
        0.796078431372549,
        0.8194444444444445,
        0.8194444444444445,
        0.8438438438438438,
        0.8438438438438438,
        0.8438438438438438
    ]
}