{
    "train_loss": [
        1.0790529549121857,
        1.0701381862163544,
        0.9569350704550743,
        0.9175183773040771,
        0.7506425380706787,
        0.8866763710975647,
        0.7750194519758224,
        0.6817463934421539,
        0.5662023425102234,
        0.6256494969129562,
        0.5149835869669914,
        0.5758509337902069,
        0.569228008389473,
        0.49575112760066986,
        0.4411884620785713,
        0.6024959832429886,
        0.3981371745467186,
        0.47390972077846527,
        0.46869252622127533,
        0.44555002450942993,
        0.3866812139749527,
        0.33813685178756714,
        0.3456263691186905,
        0.5567042976617813,
        0.39645811915397644,
        0.34579963982105255,
        0.4201289340853691,
        0.287695936858654,
        0.2931186892092228,
        0.393816240131855,
        0.35522347688674927,
        0.27153462916612625
    ],
    "train_acc": [
        0.23076923076923078,
        0.28846153846153844,
        0.23076923076923078,
        0.3269230769230769,
        0.40384615384615385,
        0.3173076923076923,
        0.38461538461538464,
        0.4230769230769231,
        0.40384615384615385,
        0.5288461538461539,
        0.47115384615384615,
        0.4807692307692308,
        0.5192307692307693,
        0.5961538461538461,
        0.5384615384615384,
        0.5480769230769231,
        0.625,
        0.6538461538461539,
        0.5480769230769231,
        0.6057692307692307,
        0.4326923076923077,
        0.6346153846153846,
        0.6634615384615384,
        0.4423076923076923,
        0.6538461538461539,
        0.6442307692307693,
        0.6634615384615384,
        0.7307692307692307,
        0.75,
        0.6730769230769231,
        0.7115384615384616,
        0.6153846153846154
    ],
    "train_f1": [
        0.19637360320472275,
        0.25947712418300656,
        0.2250712250712251,
        0.2874235715791693,
        0.3666489679431871,
        0.29854139854139855,
        0.36937441643324,
        0.402391975308642,
        0.39195402298850573,
        0.4987008464588021,
        0.4440559440559441,
        0.4577105400913048,
        0.5034794819784678,
        0.561028321396985,
        0.49556935536778757,
        0.5110617127130306,
        0.5959768522793732,
        0.6057277581305042,
        0.4897975450342739,
        0.5398798088764101,
        0.3959246696088801,
        0.5939162925775405,
        0.5949220117517574,
        0.3736111111111111,
        0.5921318447634237,
        0.5651059222487794,
        0.5891486366868369,
        0.6535190999476713,
        0.7037141779788838,
        0.5827658186562297,
        0.6350824271616351,
        0.5695266971862717
    ],
    "val_loss": [
        0.5271008014678955,
        0.48869332671165466,
        0.5827427506446838,
        0.6227352023124695,
        0.5988296270370483,
        0.6566848754882812,
        0.6494189500808716,
        0.5796703696250916,
        0.5374944806098938,
        0.5593060851097107,
        0.5261045694351196,
        0.472749799489975,
        0.4706742465496063,
        0.45208168029785156,
        0.42112603783607483,
        0.4421275556087494,
        0.4202585220336914,
        0.3874262571334839,
        0.3865315914154053,
        0.4329000413417816,
        0.4732489585876465,
        0.4085924029350281,
        0.39850178360939026,
        0.39555907249450684,
        0.406191885471344,
        0.3896879255771637,
        0.37757745385169983,
        0.3458765745162964,
        0.32376909255981445,
        0.3513283431529999,
        0.35254350304603577,
        0.32211458683013916
    ],
    "val_acc": [
        0.2,
        0.52,
        0.44,
        0.48,
        0.52,
        0.44,
        0.4,
        0.6,
        0.64,
        0.56,
        0.56,
        0.72,
        0.6,
        0.72,
        0.72,
        0.68,
        0.68,
        0.68,
        0.68,
        0.72,
        0.64,
        0.6,
        0.64,
        0.6,
        0.6,
        0.56,
        0.64,
        0.68,
        0.68,
        0.64,
        0.68,
        0.68
    ],
    "val_f1": [
        0.17676767676767677,
        0.3958333333333333,
        0.2916666666666667,
        0.35555555555555557,
        0.4117032392894462,
        0.35897435897435903,
        0.3628019323671497,
        0.5358974358974359,
        0.591358024691358,
        0.5511904761904762,
        0.5324440052700923,
        0.6686274509803921,
        0.5638888888888888,
        0.6686274509803921,
        0.6686274509803921,
        0.6314102564102564,
        0.633442265795207,
        0.633442265795207,
        0.6294970161977834,
        0.6612200435729848,
        0.5823361823361823,
        0.5566951566951567,
        0.5964814814814815,
        0.5638888888888888,
        0.5698148148148149,
        0.531054131054131,
        0.6056644880174292,
        0.6067226890756303,
        0.6067226890756303,
        0.6057692307692307,
        0.6457231040564374,
        0.6457231040564374
    ]
}