{
    "train_loss": [
        0.8677472993731499,
        0.750864066183567,
        0.8058694712817669,
        0.7380039766430855,
        0.5813708528876305,
        0.5891204960644245,
        0.5550988614559174,
        0.531511228531599,
        0.4651878550648689,
        0.4006853476166725,
        0.3983323946595192,
        0.3910994417965412,
        0.2674178723245859,
        0.30715001188218594,
        0.3547329716384411,
        0.2852061651647091,
        0.304415725171566,
        0.21058127004653215,
        0.28832100704312325,
        0.2670699367299676,
        0.2627695444971323,
        0.23324126284569502,
        0.23149558994919062,
        0.23614152893424034,
        0.2551624607294798,
        0.21864147577434778,
        0.25481339544057846,
        0.23544100672006607,
        0.20325716864317656,
        0.190686646848917,
        0.2352454848587513,
        0.1445365995168686,
        0.18133468832820654,
        0.24488291889429092,
        0.18457545526325703,
        0.18000778649002314,
        0.1116361627355218,
        0.1690332442522049,
        0.11191668268293142,
        0.15486199129372835,
        0.2245710175484419,
        0.15939321741461754,
        0.15236295480281115,
        0.11997518828138709,
        0.16098168212920427,
        0.10939501039683819,
        0.20166449062526226,
        0.2701489059254527,
        0.12819994939491153,
        0.10614050133153796
    ],
    "train_acc": [
        0.2734375,
        0.3515625,
        0.3359375,
        0.375,
        0.4296875,
        0.375,
        0.3984375,
        0.46875,
        0.5625,
        0.59375,
        0.6328125,
        0.5546875,
        0.6875,
        0.65625,
        0.625,
        0.7421875,
        0.6953125,
        0.796875,
        0.640625,
        0.671875,
        0.7578125,
        0.71875,
        0.7890625,
        0.796875,
        0.78125,
        0.6640625,
        0.6875,
        0.71875,
        0.7734375,
        0.765625,
        0.765625,
        0.828125,
        0.828125,
        0.6953125,
        0.8359375,
        0.71875,
        0.7421875,
        0.78125,
        0.90625,
        0.8828125,
        0.84375,
        0.75,
        0.8203125,
        0.7890625,
        0.84375,
        0.8203125,
        0.8125,
        0.65625,
        0.78125,
        0.8984375
    ],
    "val_loss": [
        0.4804118573665619,
        0.5194595754146576,
        0.4366932064294815,
        0.3333486169576645,
        0.2642856687307358,
        0.23960790038108826,
        0.23677405714988708,
        0.24562479555606842,
        0.352213516831398,
        0.32257430255413055,
        0.24668408930301666,
        0.22547312825918198,
        0.24722036719322205,
        0.25648005306720734,
        0.3023706376552582,
        0.16599305532872677,
        0.2009929195046425,
        0.19676772505044937,
        0.16920457780361176,
        0.16517378389835358,
        0.14475205540657043,
        0.12442738935351372,
        0.1772044226527214,
        0.13019395992159843,
        0.14565974473953247,
        0.13967930153012276,
        0.1300228089094162,
        0.09796704724431038,
        0.11079827696084976,
        0.08627169951796532,
        0.133057601749897,
        0.1548028066754341,
        0.14315765351057053,
        0.10629111155867577,
        0.11260988935828209,
        0.1002623587846756,
        0.10088151320815086,
        0.11552172526717186,
        0.11656663566827774,
        0.1664372757077217,
        0.15300820022821426,
        0.13146375678479671,
        0.13820220530033112,
        0.1675112619996071,
        0.16494861990213394,
        0.14178801700472832,
        0.09101682528853416,
        0.12762673571705818,
        0.1119595430791378,
        0.09698841348290443
    ],
    "val_acc": [
        0.3076923076923077,
        0.46153846153846156,
        0.34615384615384615,
        0.7307692307692307,
        0.8076923076923077,
        0.8076923076923077,
        0.7692307692307693,
        0.7692307692307693,
        0.6923076923076923,
        0.8461538461538461,
        0.8846153846153846,
        0.7307692307692307,
        0.7307692307692307,
        0.7307692307692307,
        0.8076923076923077,
        0.8846153846153846,
        0.8076923076923077,
        0.8461538461538461,
        0.8076923076923077,
        0.8076923076923077,
        0.8461538461538461,
        0.8076923076923077,
        0.7692307692307693,
        0.8076923076923077,
        0.8461538461538461,
        0.8461538461538461,
        0.9230769230769231,
        0.9230769230769231,
        0.8846153846153846,
        0.9615384615384616,
        0.8846153846153846,
        0.8076923076923077,
        0.8461538461538461,
        0.8846153846153846,
        0.8461538461538461,
        0.9230769230769231,
        0.8846153846153846,
        0.8076923076923077,
        0.8846153846153846,
        0.7692307692307693,
        0.8461538461538461,
        0.8076923076923077,
        0.8461538461538461,
        0.6923076923076923,
        0.7692307692307693,
        0.7692307692307693,
        0.9230769230769231,
        0.9230769230769231,
        0.9230769230769231,
        0.9230769230769231
    ],
    "val_f1": [
        0.19220430107526884,
        0.32425892316999394,
        0.27923976608187134,
        0.7111111111111111,
        0.7768157768157767,
        0.7576923076923077,
        0.7341057635175282,
        0.7411764705882353,
        0.6915032679738561,
        0.8118518518518517,
        0.8741083477925583,
        0.6313131313131313,
        0.622280701754386,
        0.6619607843137255,
        0.6914431673052363,
        0.8239116309291746,
        0.7504761904761906,
        0.8345648604269295,
        0.7504761904761906,
        0.7407017543859649,
        0.7788702525544631,
        0.6854700854700856,
        0.6690909090909091,
        0.6854700854700856,
        0.7788702525544631,
        0.7788702525544631,
        0.8857894736842105,
        0.9029982363315696,
        0.7586466165413533,
        0.9348370927318296,
        0.8077601410934744,
        0.7336182336182336,
        0.7673684210526316,
        0.7523809523809524,
        0.7209876543209877,
        0.9029982363315696,
        0.8454974582425563,
        0.7374727668845317,
        0.8239116309291746,
        0.6452558034708137,
        0.7955826008564345,
        0.6914431673052363,
        0.7209876543209877,
        0.6121212121212122,
        0.6618357487922705,
        0.6616161616161617,
        0.8589993502274204,
        0.8589993502274204,
        0.8589993502274204,
        0.8555555555555555
    ]
}