{
    "train_loss": [
        2.944841742515564,
        2.6316320300102234,
        1.8690701872110367,
        1.295352578163147,
        0.9259521812200546,
        0.9342364966869354,
        0.9940434545278549,
        0.9628551453351974,
        1.1271907091140747,
        0.8334125727415085,
        0.6511256843805313,
        0.9916239976882935,
        0.6556194126605988,
        0.6776551306247711,
        0.9566099718213081,
        0.6649111658334732,
        0.4656788185238838,
        0.46023450791835785,
        0.496239572763443,
        0.4476379305124283,
        0.8387723788619041,
        0.8018399477005005,
        0.5158960148692131,
        0.4065650440752506,
        0.4165288358926773,
        0.3562913164496422,
        0.3414808474481106,
        0.4964555725455284,
        0.41549182683229446,
        0.3019958697259426,
        0.5789785608649254,
        0.4212385341525078,
        0.4101989194750786,
        0.2784361056983471,
        0.33191223070025444,
        0.32767926156520844,
        0.35368701443076134,
        0.4166840761899948,
        0.4483967274427414,
        0.44339712150394917,
        0.31851956248283386,
        0.29783494025468826,
        0.525770790874958,
        0.3833928145468235,
        0.3273284435272217,
        0.33427564799785614,
        0.35452423617243767,
        0.18349744379520416,
        0.18469061702489853,
        0.15252025052905083,
        0.3727061338722706,
        0.2621801383793354,
        0.16466477140784264,
        0.40314575657248497,
        0.45565345883369446
    ],
    "train_acc": [
        0.39236242794296117,
        0.44389269189927183,
        0.5222333889563107,
        0.5754347125303398,
        0.6617087947512136,
        0.636986593598301,
        0.5613717384708737,
        0.6729677070691747,
        0.6153410383798543,
        0.6816998824332524,
        0.49343190609830095,
        0.6357824825546117,
        0.7171121245449029,
        0.6326252465109223,
        0.6559489722390777,
        0.6662005081917476,
        0.7124094546419902,
        0.5956249051881068,
        0.6015553891080098,
        0.7253868325242718,
        0.7555464957524272,
        0.7136443795509708,
        0.6444838440533981,
        0.7065998558859223,
        0.7237845115291263,
        0.7407510998179612,
        0.7607303360133495,
        0.7145687955097088,
        0.6079765245752428,
        0.7640582334648058,
        0.6745344736043689,
        0.7442946943264563,
        0.730615708434466,
        0.7542878678701457,
        0.7280581576152912,
        0.7796453087075242,
        0.6474348642293689,
        0.7616500113774272,
        0.7482317581917476,
        0.8102742908070388,
        0.7834022299757282,
        0.7873677374089806,
        0.6929611650485437,
        0.803490499848301,
        0.7765022944478155,
        0.7823403367718447,
        0.7791736195388349,
        0.776099343901699,
        0.8177810224514563,
        0.8551914252123787,
        0.8524252882281553,
        0.8529277912621359,
        0.8245339995449029,
        0.6697772868628641,
        0.7147133836468447
    ],
    "train_f1": [],
    "val_loss": [
        0.745563805103302,
        0.6719381213188171,
        0.7079994678497314,
        0.7418271899223328,
        0.8016505241394043,
        0.7341802716255188,
        0.5287716388702393,
        0.3958854079246521,
        0.3982708752155304,
        0.36514928936958313,
        0.38872280716896057,
        0.39157113432884216,
        0.3173331618309021,
        0.3184191882610321,
        0.3375793397426605,
        0.2996032238006592,
        0.2680850028991699,
        0.31387799978256226,
        0.3300224542617798,
        0.32993531227111816,
        0.27440372109413147,
        0.265773743391037,
        0.27942776679992676,
        0.2654951214790344,
        0.25571659207344055,
        0.2700654864311218,
        0.30988529324531555,
        0.3822920322418213,
        0.3054705858230591,
        0.3256188631057739,
        0.30658355355262756,
        0.2837246060371399,
        0.2842460572719574,
        0.28988099098205566,
        0.2841666638851166,
        0.26399731636047363,
        0.2653270959854126,
        0.265508234500885,
        0.26237642765045166,
        0.2607806324958801,
        0.28029724955558777,
        0.26931220293045044,
        0.24598322808742523,
        0.2525084316730499,
        0.2888387441635132,
        0.29048120975494385,
        0.29315370321273804,
        0.2613350450992584,
        0.25380459427833557,
        0.2837126851081848,
        0.2824317216873169,
        0.29482129216194153,
        0.38185977935791016,
        0.36637866497039795,
        0.35834160447120667
    ],
    "val_acc": [
        0.4333308293269231,
        0.47665640024038464,
        0.5447998046875,
        0.6255446213942307,
        0.689208984375,
        0.7083458533653846,
        0.7479248046875,
        0.7237924429086539,
        0.6647010216346154,
        0.7019700270432693,
        0.7015474759615384,
        0.6961576021634616,
        0.7179142878605769,
        0.7021953876201923,
        0.6719595102163461,
        0.7013690655048077,
        0.7453425480769231,
        0.7381216195913461,
        0.7499718299278846,
        0.7456524188701923,
        0.7587233323317307,
        0.7334735576923077,
        0.697998046875,
        0.7137075570913461,
        0.7456242487980769,
        0.7563570462740384,
        0.7307786207932693,
        0.7036602313701923,
        0.7365065354567307,
        0.7141394981971154,
        0.7199143629807693,
        0.7328256460336539,
        0.7404409555288461,
        0.7505821814903846,
        0.7625638521634616,
        0.7706956129807693,
        0.7762732872596154,
        0.7678316556490384,
        0.7786489633413461,
        0.7672400841346154,
        0.7183837890625,
        0.7040733924278846,
        0.7231069711538461,
        0.7618408203125,
        0.7354266826923077,
        0.7064396784855769,
        0.6922983022836539,
        0.7213322566105769,
        0.7413517878605769,
        0.7405348557692307,
        0.7298865685096154,
        0.712890625,
        0.6765324519230769,
        0.6890681340144231,
        0.7069749098557693
    ],
    "val_f1": [
        0.2870412923723553,
        0.324891576507583,
        0.37791805251810556,
        0.44606255059117633,
        0.4948751439698336,
        0.5177966266953967,
        0.6565061882138584,
        0.6641780344173321,
        0.6167878739445789,
        0.6454840302312242,
        0.6460129702455452,
        0.6421614581798061,
        0.6534745204484039,
        0.6455509945365154,
        0.6279981505302233,
        0.6627457699317252,
        0.7050353476815371,
        0.6900819367141265,
        0.7030810765154415,
        0.6955094028916888,
        0.6997694612110577,
        0.6813406961570273,
        0.6474749892967112,
        0.6678800278414098,
        0.6987710406925723,
        0.7021019106613853,
        0.681517525280817,
        0.6620007379896177,
        0.6944584018674643,
        0.6605338713817942,
        0.6616355048041066,
        0.6866340423290004,
        0.7117667281661338,
        0.7219798107546875,
        0.7283314132821742,
        0.7261822805626061,
        0.7213158286123322,
        0.7123450183267463,
        0.6852294847679629,
        0.6515557664245245,
        0.6343809702554104,
        0.6265259999348125,
        0.669990354048602,
        0.7094794115935947,
        0.6927965570590828,
        0.6673033273791494,
        0.6545033164155315,
        0.6820445304150223,
        0.6964186342780813,
        0.6922260235303742,
        0.6779752926464547,
        0.6634694792483342,
        0.6387747132503879,
        0.6495715316563948,
        0.6558057222849313
    ]
}