{
    "train_loss": [
        1.512674617767334,
        1.4330188751220703,
        1.3252539396286012,
        1.3900302648544312,
        1.1839046955108643,
        1.0773030042648315,
        1.1480524778366088,
        1.1302524089813233,
        0.9553495407104492,
        1.0878971099853516,
        0.8595495581626892,
        0.8977152585983277,
        0.8194327354431152,
        0.7711280703544616,
        0.7643984794616699,
        0.7043591439723969,
        0.6887078762054444,
        0.6361603140830994,
        0.6072033405303955,
        0.5580420136451721,
        0.5072488784790039,
        0.549791568517685,
        0.4729467868804932,
        0.49942649602890016,
        0.47905410528182985,
        0.39655951857566835,
        0.43602764010429385,
        0.5271043837070465,
        0.4020991802215576,
        0.35229740142822263,
        0.35902928113937377,
        0.3794344782829285,
        0.33659016489982607,
        0.4791327744722366,
        0.3847790390253067,
        0.313681036233902,
        0.32454140186309816,
        0.34636572003364563,
        0.34418890476226804,
        0.3893972963094711,
        0.3166694462299347,
        0.3042849063873291,
        0.32767159342765806,
        0.24690758287906647,
        0.2919704973697662,
        0.26774844229221345,
        0.261573526263237,
        0.30520287752151487,
        0.36652315258979795,
        0.33131141364574435,
        0.32126442193984983,
        0.24368507862091066,
        0.3418706625699997,
        0.21640441715717315,
        0.23940206170082093,
        0.22180043756961823,
        0.19731253981590272,
        0.1956591933965683,
        0.26526796221733095,
        0.18985635638237,
        0.216591876745224,
        0.3141631901264191,
        0.33081812858581544,
        0.22396512627601622,
        0.16827764213085175,
        0.16526714265346526
    ],
    "train_acc": [
        0.09929078014184398,
        0.09929078014184398,
        0.11347517730496454,
        0.11347517730496454,
        0.15602836879432624,
        0.1773049645390071,
        0.1347517730496454,
        0.15602836879432624,
        0.20567375886524822,
        0.23404255319148937,
        0.3333333333333333,
        0.28368794326241137,
        0.3475177304964539,
        0.3617021276595745,
        0.4326241134751773,
        0.45390070921985815,
        0.4397163120567376,
        0.5106382978723404,
        0.48226950354609927,
        0.574468085106383,
        0.40425531914893614,
        0.5815602836879432,
        0.6099290780141844,
        0.5390070921985816,
        0.5957446808510638,
        0.6808510638297872,
        0.5602836879432624,
        0.574468085106383,
        0.6453900709219859,
        0.7304964539007093,
        0.6170212765957447,
        0.6737588652482269,
        0.6737588652482269,
        0.48936170212765956,
        0.475177304964539,
        0.75177304964539,
        0.7163120567375887,
        0.7304964539007093,
        0.7588652482269503,
        0.7304964539007093,
        0.6595744680851063,
        0.7801418439716312,
        0.7375886524822695,
        0.574468085106383,
        0.7163120567375887,
        0.7801418439716312,
        0.7872340425531915,
        0.5886524822695035,
        0.6666666666666666,
        0.6099290780141844,
        0.574468085106383,
        0.7801418439716312,
        0.5531914893617021,
        0.8014184397163121,
        0.6453900709219859,
        0.7588652482269503,
        0.7943262411347518,
        0.8085106382978723,
        0.7659574468085106,
        0.6453900709219859,
        0.49645390070921985,
        0.7446808510638298,
        0.6737588652482269,
        0.8297872340425532,
        0.8014184397163121,
        0.8085106382978723
    ],
    "train_f1": [
        0.09045722150011468,
        0.09313230899114064,
        0.11871790071719758,
        0.09891202753288278,
        0.14427707512473603,
        0.16491253754390073,
        0.12605761336964344,
        0.14826416224650035,
        0.19059897719159732,
        0.19236126823234836,
        0.2907972245681356,
        0.25285559169199734,
        0.2856885119011279,
        0.3129201792359687,
        0.3734716107703614,
        0.3883899615401973,
        0.3935434290648508,
        0.47785618590936735,
        0.4541861175401548,
        0.5009812958917129,
        0.3892294890623928,
        0.5132746764460319,
        0.5536407541072855,
        0.48271027536904304,
        0.5208776029009835,
        0.5820927412838224,
        0.4763664317401602,
        0.5159806036741846,
        0.5877536484679341,
        0.6710719630438282,
        0.5135045139237976,
        0.6449524856548889,
        0.6005668934240364,
        0.4270729212777295,
        0.4350043635575239,
        0.713362431219574,
        0.6582994843430415,
        0.664187253848908,
        0.6146604096183929,
        0.6758892273152322,
        0.5544395705012765,
        0.7227015192527944,
        0.6735097166213232,
        0.5012508229098092,
        0.6392702762533934,
        0.6904093900735224,
        0.7376082767787837,
        0.5366201302148507,
        0.6547448009057104,
        0.5489840752025626,
        0.48713271273421643,
        0.7254181289701123,
        0.5381938775783558,
        0.7854891687404003,
        0.5940868443630626,
        0.7028668361119783,
        0.7828892008105219,
        0.7728649926239698,
        0.72239039644829,
        0.5698553191768511,
        0.4022221452248132,
        0.7011336371047721,
        0.6006734006734007,
        0.7991136017451808,
        0.7252427998226317,
        0.7763123207202154
    ],
    "val_loss": [
        0.9153795838356018,
        0.967991828918457,
        0.9822009801864624,
        0.9773357510566711,
        1.0125739574432373,
        0.9825512766838074,
        0.9075804352760315,
        0.7633618414402008,
        0.8906344473361969,
        0.7949209213256836,
        0.7469696402549744,
        0.7064012736082077,
        0.5819758176803589,
        0.5376620590686798,
        0.5800909698009491,
        0.7503872513771057,
        0.7096052169799805,
        0.7225610911846161,
        0.6422489583492279,
        0.5962544083595276,
        0.5922566950321198,
        0.5611661374568939,
        0.5577758103609085,
        0.537558525800705,
        0.5501130670309067,
        0.5434195846319199,
        0.5062303245067596,
        0.5026209056377411,
        0.5253604054450989,
        0.5488152801990509,
        0.5136537849903107,
        0.5087743103504181,
        0.5039988905191422,
        0.5373684167861938,
        0.5380359143018723,
        0.5285666882991791,
        0.5291361063718796,
        0.5870577245950699,
        0.6463805735111237,
        0.5891190767288208,
        0.5110411196947098,
        0.5103961527347565,
        0.5061673372983932,
        0.514979213476181,
        0.5183083117008209,
        0.5076928436756134,
        0.4943607449531555,
        0.5025965869426727,
        0.4505966752767563,
        0.424714133143425,
        0.4845861792564392,
        0.5402053743600845,
        0.5697042644023895,
        0.605150505900383,
        0.5549725592136383,
        0.5113110840320587,
        0.5076663196086884,
        0.5120495408773422,
        0.538717657327652,
        0.5615833103656769,
        0.5304819941520691,
        0.5591710805892944,
        0.6156516075134277,
        0.5449080914258957,
        0.5048021376132965,
        0.5192861557006836
    ],