{
  "train_loss": [
    594259280.516129,
    597792604.9032258,
    587016830.967742,
    603098580.6451613,
    590732953.8064516,
    607552617.2903225,
    587785533.9354838,
    618608546.0645162,
    590833646.451613,
    621721833.2903225,
    598025425.548387,
    574977477.1612903,
    580795204.1290323,
    620561682.5806452,
    605449584.516129
  ],
  "train_accuracy": [],
  "train_f1_macro": [],
  "train_f1_weighted": [],
  "val_loss": [
    674140251.4285715,
    535368758.85714287,
    616345371.4285715,
    597913709.7142857,
    674140251.4285715,
    649129133.7142857,
    596790125.7142857,
    607785728.0,
    674140251.4285715,
    534245181.71428573,
    597913673.1428572,
    672334491.4285715,
    596913718.8571428,
    596107917.7142857,
    665958482.2857143
  ],
  "val_accuracy": [],
  "val_f1_macro": [],
  "val_f1_weighted": [],
  "val_iou": []
}