{
  "dynamic": {
    "mean": [
      33.40251676069936
    ],
    "std": [
      80.50599129529557
    ],
    "num_channels": 1,
    "channel_names": [
      "Band_0"
    ],
    "total_samples": 113384081
  },
  "static": {
    "mean": [
      181.27383424217723
    ],
    "std": [
      120.09227463048214
    ],
    "num_channels": 1,
    "channel_names": [
      "Band_0"
    ],
    "total_samples": 471345270
  }
}