{
    "train_loss": [
        1.5832675153558904,
        1.6253669261932373,
        1.5417573235251687,
        1.4329522414640947,
        1.3704784946008162,
        1.319229472767223,
        1.1231248703869907,
        1.1627246195619756,
        1.0982298742641101,
        0.9901397932659496,
        0.9885893735018644,
        0.9857534603639082,
        0.8751001466404308,
        0.8787760463627902,
        0.7928584245118228,
        0.7669187188148499,
        0.7455693212422457,
        0.7471584786068309,
        0.6879702698100697,
        0.6899017637426202,
        0.6278953958641399,
        0.5630050220272758,
        0.5828769423744895,
        0.5809322893619537,
        0.46560104055838153,
        0.4981234507127242,
        0.5532034906474027,
        0.4442140134898099,
        0.4460732503370805,
        0.3970017731189728,
        0.41681149872866546,
        0.5007662028074265
    ],
    "train_acc": [
        0.13636363636363635,
        0.08522727272727272,
        0.125,
        0.14772727272727273,
        0.13636363636363635,
        0.17045454545454544,
        0.23295454545454544,
        0.20454545454545456,
        0.24431818181818182,
        0.25,
        0.26136363636363635,
        0.2897727272727273,
        0.32386363636363635,
        0.3352272727272727,
        0.35795454545454547,
        0.4318181818181818,
        0.3522727272727273,
        0.3977272727272727,
        0.4318181818181818,
        0.42045454545454547,
        0.4715909090909091,
        0.5454545454545454,
        0.5568181818181818,
        0.48295454545454547,
        0.5511363636363636,
        0.5852272727272727,
        0.4147727272727273,
        0.5965909090909091,
        0.5738636363636364,
        0.5795454545454546,
        0.6136363636363636,
        0.5568181818181818
    ],
    "val_loss": [
        1.0502003729343414,
        1.106575220823288,
        1.088965818285942,
        1.0410181283950806,
        1.0334497541189194,
        1.0179838836193085,
        1.0248726457357407,
        0.9938845485448837,
        1.0437562763690948,
        0.9510717839002609,
        0.936540961265564,
        0.9472617954015732,
        0.9133388102054596,
        0.8880026936531067,
        0.852422833442688,
        0.8756000846624374,
        0.8605057299137115,
        0.83796127140522,
        0.8434938788414001,
        0.7940632998943329,
        0.9078900218009949,
        0.9703847914934158,
        1.0380135476589203,
        0.9845101237297058,
        0.8913193494081497,
        0.8935842365026474,
        0.9685067981481552,
        0.8966347277164459,
        0.9398442804813385,
        0.9430367946624756,
        0.864357590675354,
        0.876582682132721
    ],
    "val_acc": [
        0.14814814814814814,
        0.2037037037037037,
        0.2222222222222222,
        0.2037037037037037,
        0.2037037037037037,
        0.2222222222222222,
        0.3148148148148148,
        0.2777777777777778,
        0.2037037037037037,
        0.3148148148148148,
        0.2777777777777778,
        0.42592592592592593,
        0.37037037037037035,
        0.3148148148148148,
        0.37037037037037035,
        0.35185185185185186,
        0.4074074074074074,
        0.3888888888888889,
        0.4074074074074074,
        0.35185185185185186,
        0.37037037037037035,
        0.3888888888888889,
        0.3333333333333333,
        0.4074074074074074,
        0.37037037037037035,
        0.4074074074074074,
        0.4074074074074074,
        0.4444444444444444,
        0.3888888888888889,
        0.4444444444444444,
        0.42592592592592593,
        0.48148148148148145
    ],
    "val_f1": [
        0.050793650793650794,
        0.0668693009118541,
        0.09668109668109667,
        0.10592334494773518,
        0.15245255997135695,
        0.1443001443001443,
        0.19398886827458256,
        0.21379038418886617,
        0.14770943342371914,
        0.21500610072038645,
        0.2168827531012405,
        0.37555411908353087,
        0.30873095158809444,
        0.2504447181171319,
        0.2312358276643991,
        0.2887162419420484,
        0.31125884697313266,
        0.2768065268065268,
        0.2969767217231721,
        0.3078004535147392,
        0.31830443776256584,
        0.30758772717298066,
        0.23773509403761503,
        0.2808579891286658,
        0.30068027210884357,
        0.31192351548769975,
        0.32521974306964163,
        0.3692571978286264,
        0.2976814796848753,
        0.31375661375661373,
        0.3435786435786436,
        0.35856307435254803
    ]
}