{
    "train_loss": [
        0.0,
        0.0,
        0.0,
        0.0,
        0.0,
        0.0,
        0.0,
        0.0,
        0.0,
        0.0,
        0.0,
        0.0,
        0.0,
        0.0,
        0.0,
        0.0,
        0.0,
        0.0,
        0.0,
        0.0,
        0.0,
        0.0,
        0.0,
        0.0,
        0.0,
        0.0,
        0.0,
        0.0,
        0.0,
        0.0,
        0.0,
        0.0,
        0.0,
        0.0,
        0.0,
        0.0,
        0.0,
        0.0,
        0.0,
        0.0,
        0.0,
        0.0,
        0.0,
        0.0,
        0.0,
        0.0,
        0.0,
        0.0,
        0.0,
        0.0,
        0.0,
        0.0,
        0.0,
        0.0,
        0.0,
        0.0,
        0.0,
        0.0,
        0.0,
        0.0,
        0.0,
        0.0
    ],
    "train_acc": [
        0.3671875,
        0.3046875,
        0.3125,
        0.3203125,
        0.359375,
        0.328125,
        0.3125,
        0.3203125,
        0.34375,
        0.2890625,
        0.296875,
        0.28125,
        0.328125,
        0.3203125,
        0.2578125,
        0.3359375,
        0.296875,
        0.2578125,
        0.3046875,
        0.28125,
        0.3203125,
        0.328125,
        0.2890625,
        0.3046875,
        0.296875,
        0.3125,
        0.25,
        0.296875,
        0.328125,
        0.328125,
        0.3046875,
        0.3125,
        0.2890625,
        0.328125,
        0.34375,
        0.265625,
        0.28125,
        0.3203125,
        0.2890625,
        0.3203125,
        0.3359375,
        0.3671875,
        0.3125,
        0.3359375,
        0.3671875,
        0.2578125,
        0.296875,
        0.3515625,
        0.3125,
        0.3203125,
        0.2890625,
        0.328125,
        0.265625,
        0.328125,
        0.3515625,
        0.2734375,
        0.3515625,
        0.375,
        0.3203125,
        0.28125,
        0.3046875,
        0.34375
    ],
    "val_loss": [
        0.0,
        0.0,
        0.0,
        0.0,
        0.0,
        0.0,
        0.0,
        0.0,
        0.0,
        0.0,
        0.0,
        0.0,
        0.0,
        0.0,
        0.0,
        0.0,
        0.0,
        0.0,
        0.0,
        0.0,
        0.0,
        0.0,
        0.0,
        0.0,
        0.0,
        0.0,
        0.0,
        0.0,
        0.0,
        0.0,
        0.0,
        0.0,
        0.0,
        0.0,
        0.0,
        0.0,
        0.0,
        0.0,
        0.0,
        0.0,
        0.0,
        0.0,
        0.0,
        0.0,
        0.0,
        0.0,
        0.0,
        0.0,
        0.0,
        0.0,
        0.0,
        0.0,
        0.0,
        0.0,
        0.0,
        0.0,
        0.0,
        0.0,
        0.0,
        0.0,
        0.0,
        0.0
    ],
    "val_acc": [
        0.38461538461538464,
        0.3076923076923077,
        0.2692307692307692,
        0.3076923076923077,
        0.38461538461538464,
        0.38461538461538464,
        0.38461538461538464,
        0.38461538461538464,
        0.38461538461538464,
        0.34615384615384615,
        0.38461538461538464,
        0.34615384615384615,
        0.34615384615384615,
        0.3076923076923077,
        0.3076923076923077,
        0.34615384615384615,
        0.34615384615384615,
        0.3076923076923077,
        0.38461538461538464,
        0.34615384615384615,
        0.38461538461538464,
        0.34615384615384615,
        0.34615384615384615,
        0.34615384615384615,
        0.34615384615384615,
        0.3076923076923077,
        0.34615384615384615,
        0.34615384615384615,
        0.34615384615384615,
        0.3076923076923077,
        0.38461538461538464,
        0.38461538461538464,
        0.34615384615384615,
        0.34615384615384615,
        0.34615384615384615,
        0.34615384615384615,
        0.3076923076923077,
        0.3076923076923077,
        0.38461538461538464,
        0.34615384615384615,
        0.38461538461538464,
        0.4230769230769231,
        0.34615384615384615,
        0.38461538461538464,
        0.4230769230769231,
        0.34615384615384615,
        0.34615384615384615,
        0.34615384615384615,
        0.3076923076923077,
        0.38461538461538464,
        0.38461538461538464,
        0.34615384615384615,
        0.38461538461538464,
        0.3076923076923077,
        0.38461538461538464,
        0.34615384615384615,
        0.4230769230769231,
        0.38461538461538464,
        0.34615384615384615,
        0.38461538461538464,
        0.34615384615384615,
        0.2692307692307692
    ],
    "val_f1": [
        0.1851851851851852,
        0.1971153846153846,
        0.18095238095238098,
        0.25637325637325636,
        0.3,
        0.3,
        0.3000696621386276,
        0.3,
        0.3,
        0.27777777777777773,
        0.3016726403823178,
        0.24074074074074073,
        0.24074074074074073,
        0.254985754985755,
        0.254985754985755,
        0.2222222222222222,
        0.2809116809116809,
        0.2547452547452547,
        0.3055555555555555,
        0.2809116809116809,
        0.3016726403823178,
        0.2275985663082437,
        0.21717171717171715,
        0.2222222222222222,
        0.2809116809116809,
        0.2596241561758803,
        0.2387096774193548,
        0.1818181818181818,
        0.28869731800766285,
        0.22152560083594566,
        0.3016726403823178,
        0.3016726403823178,
        0.2387096774193548,
        0.21717171717171715,
        0.21717171717171715,
        0.2222222222222222,
        0.16666666666666666,
        0.254985754985755,
        0.3131868131868132,
        0.24074074074074073,
        0.23202614379084965,
        0.3221801346801347,
        0.2222222222222222,
        0.2370766488413547,
        0.32082111436950145,
        0.21717171717171715,
        0.2222222222222222,
        0.2222222222222222,
        0.16161616161616163,
        0.3016726403823178,
        0.2558922558922559,
        0.27777777777777773,
        0.3055555555555555,
        0.1568627450980392,
        0.3016726403823178,
        0.2809116809116809,
        0.3221801346801347,
        0.3055555555555555,
        0.28515301902398676,
        0.3016726403823178,
        0.2222222222222222,
        0.2045977011494253
    ]
}