{
    "train_loss": [
        0.9136247038841248,
        0.9397986829280853,
        1.0044337958097458,
        0.7754952609539032,
        0.6371841430664062,
        0.7224065288901329,
        0.5667347460985184,
        0.5164978951215744,
        0.5082550421357155,
        0.4356299266219139,
        0.5246408432722092,
        0.46968819200992584,
        0.40977976471185684,
        0.4723022058606148,
        0.34983348846435547,
        0.4745189696550369,
        0.39509814977645874,
        0.32277216762304306,
        0.37615224719047546,
        0.3595729097723961,
        0.5019129812717438,
        0.4236120395362377,
        0.276911448687315,
        0.44350193068385124,
        0.35746460035443306,
        0.391609825193882,
        0.3192220889031887,
        0.35810686647892,
        0.2693931944668293,
        0.22824426367878914,
        0.2933506891131401,
        0.34525027498602867,
        0.39676299318671227,
        0.23993383720517159,
        0.47114047408103943,
        0.22972608730196953,
        0.21623151004314423,
        0.25399210304021835,
        0.3134308084845543,
        0.2240746207535267,
        0.15452510677278042,
        0.33845172077417374,
        0.20069697685539722,
        0.3525890149176121,
        0.23187075182795525,
        0.2356250137090683,
        0.2215309888124466,
        0.2115805558860302,
        0.1921444609761238,
        0.24525127559900284,
        0.23349164798855782
    ],
    "train_acc": [
        0.30097087378640774,
        0.33980582524271846,
        0.4077669902912621,
        0.4368932038834951,
        0.49514563106796117,
        0.4368932038834951,
        0.5436893203883495,
        0.49514563106796117,
        0.5825242718446602,
        0.6019417475728155,
        0.6116504854368932,
        0.5048543689320388,
        0.6310679611650486,
        0.5922330097087378,
        0.7281553398058253,
        0.6407766990291263,
        0.6601941747572816,
        0.6699029126213593,
        0.6407766990291263,
        0.7087378640776699,
        0.6407766990291263,
        0.6310679611650486,
        0.7087378640776699,
        0.6310679611650486,
        0.7378640776699029,
        0.6601941747572816,
        0.7087378640776699,
        0.7281553398058253,
        0.7864077669902912,
        0.7961165048543689,
        0.7475728155339806,
        0.7184466019417476,
        0.7475728155339806,
        0.7475728155339806,
        0.6213592233009708,
        0.7766990291262136,
        0.6699029126213593,
        0.7864077669902912,
        0.7281553398058253,
        0.6893203883495146,
        0.6310679611650486,
        0.8058252427184466,
        0.7961165048543689,
        0.7087378640776699,
        0.7669902912621359,
        0.7961165048543689,
        0.8252427184466019,
        0.7961165048543689,
        0.8252427184466019,
        0.6699029126213593,
        0.8252427184466019
    ],
    "train_f1": [
        0.27688928821004294,
        0.3269615640617773,
        0.3681294326241134,
        0.3895915678524375,
        0.4587821454185308,
        0.3852851598658646,
        0.5119251119251119,
        0.4160007833920878,
        0.5405405405405405,
        0.5870270080796396,
        0.561904761904762,
        0.4382151029748284,
        0.5755125486037469,
        0.5466544566544567,
        0.6669260079398328,
        0.5968215634021763,
        0.5860676215856095,
        0.6236257309941521,
        0.5965681652621141,
        0.6113162436009911,
        0.5953186483306966,
        0.5624464567370435,
        0.6545839271062746,
        0.5849462365591398,
        0.6775002962436307,
        0.5926014130348496,
        0.6450450450450451,
        0.6670261437908497,
        0.7043771043771043,
        0.7410325645906187,
        0.6897435897435898,
        0.6621390703599199,
        0.7190264026402641,
        0.6665034400019588,
        0.5431791682860474,
        0.6904479419309907,
        0.6347883267113076,
        0.7233825304000742,
        0.6556799522316764,
        0.6334492598537542,
        0.514795008912656,
        0.7646185230518157,
        0.7567773825038451,
        0.5960794974024405,
        0.7481078735434137,
        0.7132399626517274,
        0.798932178932179,
        0.6636171710063336,
        0.7613991769547326,
        0.579871664978048,
        0.7936806703419546
    ],
    "val_loss": [
        0.5444689989089966,
        0.555539608001709,
        0.5074465870857239,
        0.5143026113510132,
        0.461821049451828,
        0.4305671751499176,
        0.41825684905052185,
        0.4214557707309723,
        0.4023630917072296,
        0.4308258295059204,
        0.36148306727409363,
        0.33332496881484985,
        0.393127977848053,
        0.3918084502220154,
        0.3513905704021454,
        0.2954573333263397,
        0.2749766409397125,
        0.3117336630821228,
        0.3161730468273163,
        0.3243243992328644,
        0.34914055466651917,
        0.3184383511543274,
        0.3459426462650299,
        0.3408621847629547,
        0.4042673408985138,
        0.3511912524700165,
        0.3356831669807434,
        0.2896753251552582,
        0.25949206948280334,
        0.21480847895145416,
        0.1589464396238327,
        0.13666823506355286,
        0.14325061440467834,
        0.13828012347221375,
        0.18667827546596527,
        0.21146008372306824,
        0.21507170796394348,
        0.24167123436927795,
        0.18522575497627258,
        0.20817676186561584,
        0.17657294869422913,
        0.16542930901050568,
        0.14831939339637756,
        0.14901591837406158,
        0.1480197161436081,
        0.159500390291214,
        0.16376188397407532,
        0.1520317792892456,
        0.16147752106189728,
        0.16665513813495636,
        0.19716905057430267
    ],
    "val_acc": [
        0.34615384615384615,
        0.38461538461538464,
        0.4230769230769231,
        0.46153846153846156,
        0.46153846153846156,
        0.5384615384615384,
        0.5384615384615384,
        0.5769230769230769,
        0.6153846153846154,
        0.5384615384615384,
        0.6538461538461539,
        0.6538461538461539,
        0.6153846153846154,
        0.6923076923076923,
        0.6153846153846154,
        0.6923076923076923,
        0.7692307692307693,
        0.7307692307692307,
        0.7692307692307693,
        0.8076923076923077,
        0.8076923076923077,
        0.7692307692307693,
        0.6923076923076923,
        0.7307692307692307,
        0.7307692307692307,
        0.7692307692307693,
        0.7692307692307693,
        0.8461538461538461,
        0.8846153846153846,
        0.8846153846153846,
        0.9230769230769231,
        0.9230769230769231,
        0.8076923076923077,
        0.8846153846153846,
        0.8846153846153846,
        0.8461538461538461,
        0.8076923076923077,
        0.8076923076923077,
        0.8461538461538461,
        0.7692307692307693,
        0.7692307692307693,
        0.8076923076923077,
        0.8461538461538461,
        0.8461538461538461,
        0.8076923076923077,
        0.8076923076923077,
        0.8076923076923077,
        0.8076923076923077,
        0.8461538461538461,
        0.8461538461538461,
        0.8076923076923077
    ],