{
    "train_loss": [
        0.6680016964673996,
        0.7178194224834442,
        0.6657699868083,
        0.5240918844938278,
        0.6218073219060898,
        0.4259549230337143,
        0.42013952136039734,
        0.40286363661289215,
        0.3513050377368927,
        0.34285857155919075,
        0.34952539950609207,
        0.25394683703780174,
        0.2717149928212166,
        0.21102089434862137,
        0.21831313893198967,
        0.28167055919766426,
        0.21413881331682205,
        0.2774563916027546,
        0.17060695961117744,
        0.15421275421977043,
        0.24313368275761604,
        0.17627760954201221,
        0.18934625387191772,
        0.3185027129948139,
        0.24763382971286774,
        0.14176379889249802,
        0.25351816788315773,
        0.23033461160957813,
        0.17631681635975838,
        0.1962107140570879,
        0.1618074905127287,
        0.12115327082574368,
        0.15681136026978493,
        0.2225441411137581,
        0.14351789094507694
    ],
    "train_acc": [
        0.3826086956521739,
        0.3739130434782609,
        0.3739130434782609,
        0.4956521739130435,
        0.4434782608695652,
        0.5304347826086957,
        0.6086956521739131,
        0.6,
        0.5304347826086957,
        0.6260869565217392,
        0.7130434782608696,
        0.6347826086956522,
        0.6086956521739131,
        0.5391304347826087,
        0.7913043478260869,
        0.6347826086956522,
        0.8,
        0.6608695652173913,
        0.7217391304347827,
        0.8260869565217391,
        0.8173913043478261,
        0.8521739130434782,
        0.7304347826086957,
        0.7652173913043478,
        0.808695652173913,
        0.8521739130434782,
        0.6434782608695652,
        0.8347826086956521,
        0.808695652173913,
        0.6260869565217392,
        0.8434782608695652,
        0.8608695652173913,
        0.8260869565217391,
        0.6608695652173913,
        0.7130434782608696
    ],
    "train_f1": [
        0.37645502645502643,
        0.369900822919276,
        0.36381377464761516,
        0.4822939068100358,
        0.4168495329441875,
        0.5014068548767822,
        0.5738937574380613,
        0.5768581300496194,
        0.4992516839206734,
        0.5647519868457112,
        0.6696065306979552,
        0.5877319654287992,
        0.5812170367415681,
        0.4860917916394986,
        0.7458564343055829,
        0.562003822003822,
        0.717391304347826,
        0.5892602523331463,
        0.6560074663522939,
        0.7985404910939122,
        0.7787878787878788,
        0.8042925869012825,
        0.6759045231252165,
        0.7160777207288835,
        0.7638813610358325,
        0.7961297961297961,
        0.6037037037037037,
        0.7884045837681467,
        0.7678646934460888,
        0.5777675859679161,
        0.7843315184513006,
        0.7979210332151508,
        0.7725493663424698,
        0.6237077185586671,
        0.6214516964516964
    ],
    "val_loss": [
        0.4417092502117157,
        0.45192110538482666,
        0.473814457654953,
        0.4538264274597168,
        0.31943920254707336,
        0.2912503182888031,
        0.2627916634082794,
        0.21658360958099365,
        0.22550158202648163,
        0.22140851616859436,
        0.21989940106868744,
        0.22497709095478058,
        0.2308020144701004,
        0.26673659682273865,
        0.24920174479484558,
        0.24338491261005402,
        0.2521115243434906,
        0.24915435910224915,
        0.2350400984287262,
        0.2276984453201294,
        0.22211593389511108,
        0.2159566879272461,
        0.19127270579338074,
        0.1751512885093689,
        0.18858495354652405,
        0.19482912123203278,
        0.1961136907339096,
        0.1964450627565384,
        0.19822168350219727,
        0.19192028045654297,
        0.1794125884771347,
        0.17386417090892792,
        0.1781509965658188,
        0.19066974520683289,
        0.20258869230747223
    ],
    "val_acc": [
        0.4827586206896552,
        0.41379310344827586,
        0.5517241379310345,
        0.6206896551724138,
        0.5862068965517241,
        0.6896551724137931,
        0.6551724137931034,
        0.7586206896551724,
        0.7586206896551724,
        0.7586206896551724,
        0.7931034482758621,
        0.7931034482758621,
        0.7586206896551724,
        0.7586206896551724,
        0.7931034482758621,
        0.7586206896551724,
        0.7586206896551724,
        0.7931034482758621,
        0.7931034482758621,
        0.7931034482758621,
        0.7931034482758621,
        0.7931034482758621,
        0.7931034482758621,
        0.8275862068965517,
        0.7931034482758621,
        0.7586206896551724,
        0.7586206896551724,
        0.7586206896551724,
        0.7931034482758621,
        0.7586206896551724,
        0.7586206896551724,
        0.7241379310344828,
        0.6896551724137931,
        0.7241379310344828,
        0.7241379310344828
    ],
    "val_f1": [
        0.2669376693766938,
        0.4192104192104192,
        0.5636313004734057,
        0.6228070175438596,
        0.5742133110554163,
        0.6606349206349206,
        0.6059496059496059,
        0.7293697205977908,
        0.7293697205977908,
        0.7340930674264007,
        0.7333333333333334,
        0.72662871600253,
        0.7294764059469943,
        0.7294764059469943,
        0.7562542258282624,
        0.7016042780748662,
        0.6924486803519061,
        0.72662871600253,
        0.72662871600253,
        0.6798871063576947,
        0.6798871063576947,
        0.6798871063576947,
        0.6798871063576947,
        0.7113997113997114,
        0.6798871063576947,
        0.6495098039215687,
        0.6495098039215687,
        0.6495098039215687,
        0.6798871063576947,
        0.6495098039215687,
        0.6495098039215687,
        0.6283670033670034,
        0.6083333333333333,
        0.6283670033670034,
        0.6283670033670034
    ]
}