{
  "train_loss": [
    2.0609699718413816,
    1.961365492113175,
    1.8861904490378596,
    1.885033703619434,
    1.8664813656960764,
    1.892892103041372,
    1.8376469112211657,
    1.8529861973178001,
    1.8438664559395082,
    1.8190113075317875,
    1.810064423468805,
    1.8052042338155931,
    1.7955676586397233,
    1.8024892268642303,
    1.7714691123654764,
    1.776641599593624,
    1.7691482843891266
  ],
  "train_accuracy": [],
  "train_f1_macro": [],
  "train_f1_weighted": [],
  "val_loss": [
    650934893.7142857,
    650934893.7142857,
    600576758.8571428,
    676803282.2857143,
    616345371.4285715,
    650934893.7142857,
    674140251.4285715,
    593878660.5714285,
    674140251.4285715,
    650934893.7142857,
    649562898.2857143,
    596541709.7142857,
    647103634.2857143,
    608957435.4285715,
    549429586.2857143,
    593074336.0,
    557834125.7142857
  ],
  "val_accuracy": [],
  "val_f1_macro": [],
  "val_f1_weighted": [],
  "val_iou": []
}