{
  "train": {
    "size": 973,
    "statistics": {
      "total_samples": 973,
      "split": "train",
      "label_distribution": {
        "1": 208,
        "22": 69,
        "19": 65,
        "20": 60,
        "9": 58,
        "10": 48,
        "23": 41,
        "24": 39,
        "13": 37,
        "21": 37,
        "28": 35,
        "11": 24,
        "26": 21,
        "3": 21,
        "0": 17,
        "17": 17,
        "18": 15,
        "31": 15,
        "7": 15,
        "8": 15,
        "12": 15,
        "25": 14,
        "15": 13,
        "14": 12,
        "16": 12,
        "4": 10,
        "29": 9,
        "30": 8,
        "5": 7,
        "6": 7,
        "27": 5,
        "2": 4
      },
      "major_class_distribution": {
        "半灌木与草本荒漠": 250,
        "农业植被": 208,
        "丛生草类草原": 160,
        "半乔木与灌木荒漠": 118,
        "根茎草类草甸": 117,
        "裸地": 69,
        "丛生草类草甸": 42,
        "杂类草草原": 5,
        "半灌木草原": 4
      },
      "bounding_box": {
        "x_min": 74.9893721,
        "y_min": 36.05788354,
        "x_max": 95.460255,
        "y_max": 48.492947
      }
    }
  },
  "val": {
    "size": 208,
    "statistics": {
      "total_samples": 208,
      "split": "val",
      "label_distribution": {
        "1": 42,
        "19": 16,
        "21": 14,
        "20": 13,
        "22": 13,
        "18": 8,
        "13": 8,
        "11": 8,
        "23": 8,
        "10": 7,
        "3": 7,
        "24": 7,
        "12": 6,
        "9": 5,
        "8": 5,
        "26": 5,
        "28": 4,
        "27": 4,
        "29": 4,
        "16": 4,
        "31": 4,
        "0": 3,
        "14": 2,
        "6": 2,
        "15": 2,
        "4": 2,
        "2": 2,
        "5": 1,
        "17": 1,
        "25": 1
      },
      "major_class_distribution": {
        "半灌木与草本荒漠": 59,
        "农业植被": 42,
        "根茎草类草甸": 38,
        "丛生草类草原": 27,
        "半乔木与灌木荒漠": 14,
        "裸地": 13,
        "丛生草类草甸": 9,
        "杂类草草原": 4,
        "半灌木草原": 2
      },
      "bounding_box": {
        "x_min": 74.9893721,
        "y_min": 36.06612847,
        "x_max": 95.358004,
        "y_max": 48.235748
      }
    }
  },
  "test": {
    "size": 210,
    "statistics": {
      "total_samples": 210,
      "split": "test",
      "label_distribution": {
        "1": 29,
        "24": 18,
        "22": 17,
        "9": 12,
        "20": 11,
        "19": 11,
        "23": 11,
        "15": 8,
        "10": 7,
        "18": 7,
        "29": 6,
        "4": 6,
        "7": 6,
        "8": 6,
        "11": 6,
        "21": 5,
        "12": 5,
        "0": 4,
        "13": 4,
        "26": 4,
        "16": 4,
        "14": 4,
        "2": 3,
        "28": 3,
        "3": 2,
        "25": 2,
        "27": 2,
        "5": 2,
        "30": 2,
        "6": 1,
        "31": 1,
        "17": 1
      },
      "major_class_distribution": {
        "半灌木与草本荒漠": 57,
        "丛生草类草原": 44,
        "农业植被": 29,
        "根茎草类草甸": 23,
        "半乔木与灌木荒漠": 23,
        "裸地": 17,
        "丛生草类草甸": 12,
        "半灌木草原": 3,
        "杂类草草原": 2
      },
      "bounding_box": {
        "x_min": 75.15397106,
        "y_min": 36.07452135,
        "x_max": 95.66971,
        "y_max": 48.248316
      }
    }
  },
  "configuration": {
    "patch_size": 64,
    "time_grouping": "exact",
    "temporal_length": 12,
    "missing_value_strategy": "zero_padding"
  }
}