{
    "train_loss": [
        1.0498782694339752,
        0.9115176796913147,
        0.8519697934389114,
        0.685504637658596,
        0.6345465332269669,
        0.5612829253077507,
        0.4923946186900139,
        0.45942871272563934,
        0.37219105660915375,
        0.3486633226275444,
        0.3126637041568756,
        0.24007681757211685,
        0.2828553654253483,
        0.23738331347703934,
        0.16237853467464447,
        0.23552217707037926,
        0.24501274898648262,
        0.16698509827256203,
        0.15804149396717548,
        0.1956283636391163,
        0.15100496262311935,
        0.1372382752597332,
        0.16487325727939606,
        0.14139116741716862,
        0.1272336859256029,
        0.13909723795950413,
        0.24235518649220467,
        0.09517869539558887,
        0.1984083279967308,
        0.15509848110377789,
        0.09779292717576027,
        0.09961974434554577,
        0.07918739132583141,
        0.06770851649343967,
        0.16660708468407393,
        0.06691983062773943,
        0.06886528991162777,
        0.17785794287919998,
        0.055798713117837906,
        0.06370044872164726,
        0.10998805612325668,
        0.06873220019042492,
        0.038121143355965614,
        0.04856573976576328,
        0.15400122106075287,
        0.14209184236824512,
        0.04470642376691103,
        0.04581609461456537,
        0.13406436750665307,
        0.05756120942533016,
        0.1759949242696166,
        0.04614722263067961,
        0.050320930778980255,
        0.06234554015100002
    ],
    "train_acc": [
        0.22413793103448276,
        0.28448275862068967,
        0.35344827586206895,
        0.41379310344827586,
        0.47413793103448276,
        0.5,
        0.49137931034482757,
        0.5431034482758621,
        0.5689655172413793,
        0.5689655172413793,
        0.7327586206896551,
        0.7672413793103449,
        0.7155172413793104,
        0.7241379310344828,
        0.7758620689655172,
        0.7413793103448276,
        0.8103448275862069,
        0.8103448275862069,
        0.8448275862068966,
        0.8362068965517241,
        0.853448275862069,
        0.8620689655172413,
        0.7327586206896551,
        0.9051724137931034,
        0.8879310344827587,
        0.896551724137931,
        0.7327586206896551,
        0.896551724137931,
        0.896551724137931,
        0.8275862068965517,
        0.9310344827586207,
        0.896551724137931,
        0.9396551724137931,
        0.9482758620689655,
        0.8620689655172413,
        0.8362068965517241,
        0.9741379310344828,
        0.7672413793103449,
        0.853448275862069,
        0.9396551724137931,
        0.9051724137931034,
        0.9310344827586207,
        0.9913793103448276,
        0.9568965517241379,
        0.8706896551724138,
        0.9396551724137931,
        0.9568965517241379,
        0.9741379310344828,
        0.7068965517241379,
        0.9655172413793104,
        0.8793103448275862,
        0.9568965517241379,
        0.9310344827586207,
        0.9655172413793104
    ],
    "train_f1": [
        0.2242595612300362,
        0.28371101472367294,
        0.3527300872502111,
        0.41866349612828485,
        0.47656747656747656,
        0.502044352044352,
        0.49349477847552303,
        0.5420138550678438,
        0.5579004329004329,
        0.5619500774139948,
        0.716587784539103,
        0.7456324248777079,
        0.6865079365079364,
        0.6970839617898442,
        0.7336775551061265,
        0.7204719175805915,
        0.7884084084084084,
        0.7835124129865053,
        0.8067943356078949,
        0.7994089925410025,
        0.8259392652426754,
        0.8359788359788359,
        0.6764718206578673,
        0.876818113660219,
        0.8505911838419579,
        0.8620857699805068,
        0.6922692263249539,
        0.8655518394648829,
        0.8644009850789511,
        0.7982289055973267,
        0.908945868945869,
        0.871994301994302,
        0.9227995758218451,
        0.9321774228894973,
        0.8349739822467095,
        0.785975975975976,
        0.9645696116284351,
        0.7186967418546365,
        0.8246588693957116,
        0.9198354076402856,
        0.8796283968697761,
        0.9073751717819514,
        0.9865465465465465,
        0.9376814831360285,
        0.8554195842331436,
        0.9182392919235025,
        0.9430199430199431,
        0.9687725742271197,
        0.6708333333333334,
        0.9536128456735057,
        0.8570048309178744,
        0.9370075461878741,
        0.9105653101348942,
        0.9503477161371898
    ],
    "val_loss": [
        0.4642331004142761,
        0.5986459851264954,
        0.632255494594574,
        0.5486441254615784,
        0.46873176097869873,
        0.5493934154510498,
        0.503963053226471,
        0.435322105884552,
        0.3969055116176605,
        0.35872843861579895,
        0.36479946970939636,
        0.3052178621292114,
        0.23615558445453644,
        0.23873987793922424,
        0.23275472223758698,
        0.2417197972536087,
        0.2283245325088501,
        0.1980813443660736,
        0.16216453909873962,
        0.144546240568161,
        0.15456810593605042,
        0.1603531688451767,
        0.17737919092178345,
        0.19077317416667938,
        0.18042387068271637,
        0.18150021135807037,
        0.18691284954547882,
        0.18795031309127808,
        0.1862017810344696,
        0.18171431124210358,
        0.1886148601770401,
        0.19317661225795746,
        0.17072102427482605,
        0.14968009293079376,
        0.14234231412410736,
        0.14282244443893433,
        0.16078965365886688,
        0.15639279782772064,
        0.17444159090518951,
        0.1889631450176239,
        0.186534121632576,
        0.17926274240016937,
        0.16929179430007935,
        0.1742759793996811,
        0.18745774030685425,
        0.21863634884357452,
        0.23220813274383545,
        0.22941307723522186,
        0.259310245513916,
        0.2635425925254822,
        0.24934017658233643,
        0.23346152901649475,
        0.2253991812467575,
        0.22241437435150146
    ],
    "val_acc": [
        0.25,
        0.14285714285714285,
        0.14285714285714285,
        0.25,
        0.39285714285714285,
        0.42857142857142855,
        0.42857142857142855,
        0.39285714285714285,
        0.5,
        0.5714285714285714,
        0.6071428571428571,
        0.7142857142857143,
        0.75,
        0.8214285714285714,
        0.8571428571428571,
        0.8214285714285714,
        0.8571428571428571,
        0.8214285714285714,
        0.8928571428571429,
        0.9285714285714286,
        0.9285714285714286,
        0.9285714285714286,
        0.9285714285714286,
        0.8928571428571429,
        0.9285714285714286,
        0.9285714285714286,
        0.8571428571428571,
        0.8214285714285714,
        0.8214285714285714,
        0.8214285714285714,
        0.8214285714285714,
        0.8571428571428571,
        0.9285714285714286,
        0.9642857142857143,
        0.9285714285714286,
        0.8928571428571429,
        0.8928571428571429,
        0.8928571428571429,
        0.8928571428571429,
        0.8928571428571429,
        0.8571428571428571,
        0.8571428571428571,
        0.8214285714285714,
        0.8571428571428571,
        0.8571428571428571,
        0.8571428571428571,
        0.8928571428571429,
        0.8571428571428571,
        0.8214285714285714,
        0.8214285714285714,
        0.8214285714285714,
        0.7857142857142857,
        0.8214285714285714,
        0.7857142857142857
    ],