{
    "train_loss": [
        1.7156763315200805,
        1.075422501564026,
        0.9304756641387939,
        0.7722460269927979,
        0.667657595872879,
        0.6846704661846161,
        0.560230678319931,
        0.7477815628051758,
        0.5430046379566192,
        0.46831432580947874,
        0.509651118516922,
        0.5087419807910919,
        0.4665598809719086,
        0.6049604296684266,
        0.46132073402404783,
        0.32808529734611513,
        0.5122167348861695,
        0.3427787244319916,
        0.30822481513023375,
        0.35904120802879336,
        0.31266566514968874,
        0.27841617465019225,
        0.24709250628948212,
        0.2680362433195114,
        0.3069069981575012,
        0.22726147174835204,
        0.24859700202941895,
        0.20821755528450012,
        0.21124109625816345,
        0.21623364984989166,
        0.21481028199195862,
        0.19464225471019744,
        0.3808559328317642
    ],
    "train_acc": [
        0.30625,
        0.44375,
        0.51875,
        0.475,
        0.59375,
        0.61875,
        0.625,
        0.475,
        0.6625,
        0.6875,
        0.6125,
        0.5375,
        0.64375,
        0.66875,
        0.6625,
        0.78125,
        0.525,
        0.75625,
        0.775,
        0.675,
        0.75,
        0.8125,
        0.8125,
        0.725,
        0.73125,
        0.79375,
        0.69375,
        0.8875,
        0.86875,
        0.6125,
        0.81875,
        0.85625,
        0.6875
    ],
    "val_loss": [
        1.2102288007736206,
        1.0353255867958069,
        0.9200554490089417,
        0.8490638732910156,
        0.7579224109649658,
        0.6937443017959595,
        0.6852449178695679,
        0.6793720126152039,
        0.6747557818889618,
        0.6668943762779236,
        0.841305285692215,
        0.8044113516807556,
        0.6806122064590454,
        0.6656113862991333,
        0.7039825022220612,
        0.6456477642059326,
        0.6311642825603485,
        0.6063065826892853,
        0.608632504940033,
        0.6566777229309082,
        0.6493892967700958,
        0.6332191228866577,
        0.6416995823383331,
        0.6546722650527954,
        0.6808117032051086,
        0.6959287226200104,
        0.705777108669281,
        0.7031373977661133,
        0.7042220234870911,
        0.7016264200210571,
        0.6899897754192352,
        0.6913712918758392,
        0.8033974766731262
    ],
    "val_acc": [
        0.37037037037037035,
        0.4074074074074074,
        0.5,
        0.5,
        0.6111111111111112,
        0.5740740740740741,
        0.5925925925925926,
        0.5925925925925926,
        0.5925925925925926,
        0.6111111111111112,
        0.5370370370370371,
        0.5370370370370371,
        0.6481481481481481,
        0.6481481481481481,
        0.6666666666666666,
        0.6481481481481481,
        0.6481481481481481,
        0.6666666666666666,
        0.6666666666666666,
        0.6481481481481481,
        0.6296296296296297,
        0.6666666666666666,
        0.6296296296296297,
        0.6666666666666666,
        0.6296296296296297,
        0.6296296296296297,
        0.6296296296296297,
        0.6111111111111112,
        0.6296296296296297,
        0.6111111111111112,
        0.5925925925925926,
        0.6296296296296297,
        0.6296296296296297
    ],
    "val_f1": [
        0.18997565581416515,
        0.21800976800976798,
        0.2917767106842737,
        0.2895684960201089,
        0.3984286022101148,
        0.312430426716141,
        0.32094203535072563,
        0.31898125103700015,
        0.3175670268107243,
        0.4157355249792224,
        0.4114281449256819,
        0.38440617353660833,
        0.5011860007160759,
        0.4283140283140283,
        0.5382178200514363,
        0.4406656356236188,
        0.5488758553274682,
        0.5558441558441558,
        0.5017734120675297,
        0.5052047846165493,
        0.3976817042606516,
        0.4765567765567766,
        0.45036630036630043,
        0.48553925312383217,
        0.49400183150183147,
        0.530952380952381,
        0.530952380952381,
        0.5104010025062656,
        0.5195935566903309,
        0.5104010025062656,
        0.36904761904761907,
        0.3984501161920517,
        0.5352083962549079
    ]
}