{
    "train_loss": [
        3.4635265171527863,
        3.263439029455185,
        2.8503668904304504,
        2.8566425442695618,
        2.3204097747802734,
        2.068438544869423,
        1.6986899822950363,
        1.5198864340782166,
        1.5527461767196655,
        1.4191565066576004,
        1.4384180158376694,
        1.2194528803229332,
        1.3195772990584373,
        1.1547803208231926,
        1.3637175112962723,
        1.176384910941124,
        1.115606151521206,
        1.0624237433075905,
        1.1728709489107132,
        1.0849819481372833,
        1.0031861662864685,
        1.2392872050404549,
        1.28814847022295,
        0.9028197899460793,
        0.9282961115241051,
        0.8575776442885399,
        0.8458879366517067,
        1.0922407880425453,
        0.8282381743192673,
        0.8741767480969429,
        0.8961609676480293,
        0.7634048759937286,
        0.9754088185727596,
        0.8537389934062958,
        0.6903899982571602,
        0.694948673248291,
        0.8775910474359989,
        0.8829615041613579,
        0.744750153273344,
        0.7655499950051308,
        0.863400299102068,
        0.5976523607969284,
        0.8208918534219265,
        0.6112954467535019,
        0.801662739366293,
        0.6285686790943146,
        0.7004880756139755,
        0.5794600546360016,
        0.7802032865583897,
        0.7363848201930523,
        0.6282148994505405,
        0.6279863193631172,
        0.7134738154709339,
        0.6077464260160923,
        0.7073360122740269,
        0.6895363591611385,
        0.7163243070244789,
        0.6751077882945538
    ],
    "train_acc": [
        0.09199818393640351,
        0.09285588850054824,
        0.13399144222861842,
        0.16062097382127194,
        0.22417998732182018,
        0.2555188630756579,
        0.30679267749451755,
        0.31150095086348684,
        0.34603078741776316,
        0.32786908066063597,
        0.3247766327439693,
        0.3780699612801535,
        0.43938994825932015,
        0.3902063202439693,
        0.39545855605811403,
        0.43042527583607454,
        0.3748361687911184,
        0.4034220377604167,
        0.45209275630482454,
        0.3741380122669956,
        0.4519995973821272,
        0.3799888209292763,
        0.39785927220394735,
        0.4093221028645833,
        0.4345157020970395,
        0.36494097793311403,
        0.49205472176535087,
        0.38630863658168857,
        0.4416364703262061,
        0.5047875119928729,
        0.41030830249451755,
        0.508191560444079,
        0.38612981428179827,
        0.4929456208881579,
        0.37821023506030704,
        0.5396782055235746,
        0.4580613521107456,
        0.4503238075657895,
        0.5294628477933114,
        0.40666011341831143,
        0.48116476493969296,
        0.49812932600054827,
        0.5287432754248903,
        0.47128884834155704,
        0.4839070638020833,
        0.5415135433799342,
        0.45013213575932015,
        0.4698903937088816,
        0.47959284196820173,
        0.5266980622944079,
        0.540746856154057,
        0.47534715083607454,
        0.5396653560169956,
        0.5859192965323465,
        0.47421104029605265,
        0.5565067759731359,
        0.5401118763706141,
        0.563123201069079
    ],
    "train_f1": [],
    "val_loss": [
        1.9230003356933594,
        2.0841745138168335,
        2.055773079395294,
        1.968571662902832,
        1.9603275656700134,
        1.9018729329109192,
        1.6201682686805725,
        1.5965693593025208,
        1.518507480621338,
        1.4165571331977844,
        1.3817819356918335,
        1.32527756690979,
        1.2805825471878052,
        1.1585630774497986,
        1.2008286118507385,
        1.3277556896209717,
        1.2443047165870667,
        1.1763858795166016,
        1.1654299795627594,
        1.080958515405655,
        1.0599950551986694,
        1.2714090943336487,
        1.1043726801872253,
        1.0981475710868835,
        1.039886474609375,
        1.1051340103149414,
        1.1014769673347473,
        1.0748288929462433,
        1.034049242734909,
        0.9533033967018127,
        0.9249453246593475,
        0.9963707327842712,
        0.953478217124939,
        0.9769994616508484,
        0.9219275116920471,
        1.0431455969810486,
        1.1298590004444122,
        0.9487366676330566,
        0.9340614676475525,
        1.0326592326164246,
        1.0796416997909546,
        1.405160814523697,
        1.0224709212779999,
        1.0203667283058167,
        0.9501973390579224,
        0.9638931751251221,
        0.8795462548732758,
        0.9677598476409912,
        1.062036782503128,
        1.1418666541576385,
        0.9383445084095001,
        0.9341531991958618,
        1.0100514888763428,
        1.0090794265270233,
        0.9025542140007019,
        0.9585946500301361,
        0.9974437654018402,
        0.9341642558574677
    ],
    "val_acc": [
        0.12271707099780702,
        0.14638586211622806,
        0.16227641858552633,
        0.2114429139254386,
        0.2685075726425439,
        0.27043499862938597,
        0.30884217379385964,
        0.31991416529605265,
        0.2928531044407895,
        0.327880859375,
        0.3574475740131579,
        0.37882058662280704,
        0.3843458744517544,
        0.39307068941885964,
        0.39224403782894735,
        0.39072351288377194,
        0.4171763637609649,
        0.3915244654605263,
        0.38525818941885964,
        0.38748115405701755,
        0.4457236842105263,
        0.4582048382675439,
        0.4481479577850877,
        0.44448156524122806,
        0.4264194421600877,
        0.40289627878289475,
        0.4066954495614035,
        0.41963918585526316,
        0.44376199287280704,
        0.4092567845394737,
        0.4083444695723684,
        0.4012900904605263,
        0.42408939830043857,
        0.4356539542214912,
        0.43306692023026316,
        0.44177460252192985,
        0.44805372807017546,
        0.45962685032894735,
        0.40316183525219296,
        0.38336502878289475,
        0.40752638432017546,
        0.42391807154605265,
        0.4385236773574561,
        0.3965614720394737,
        0.41296600877192985,
        0.44933867872807015,
        0.4376027960526316,
        0.45227264939692985,
        0.42758018092105265,
        0.4315806606359649,
        0.40353447094298245,
        0.43061266447368424,
        0.4445329632675439,
        0.44275973135964913,
        0.4267920778508772,
        0.44023694490131576,
        0.4312208744517544,
        0.4465760348135965
    ],