{
    "train_loss": [
        1.077154666185379,
        0.9517472982406616,
        1.0619428753852844,
        0.7841520458459854,
        0.8728534281253815,
        0.7926194071769714,
        0.7102808207273483,
        0.6529984325170517,
        0.7074915170669556,
        0.4442026764154434,
        0.5333915054798126,
        0.40197672322392464,
        0.4681329783052206,
        0.49243171885609627,
        0.3664737492799759,
        0.4240473359823227,
        0.537525974214077,
        0.5152259916067123,
        0.5441583171486855,
        0.38202108442783356,
        0.3247983604669571,
        0.3066168949007988,
        0.3044910579919815,
        0.25707457587122917,
        0.25611113756895065,
        0.19966458901762962,
        0.2814733162522316,
        0.24114198237657547,
        0.3220694102346897,
        0.2718462608754635,
        0.21934085339307785,
        0.3809121586382389,
        0.3952919505536556,
        0.5022496618330479,
        0.2824576497077942,
        0.2127007208764553,
        0.3028528727591038,
        0.3513287976384163,
        0.30815813317894936,
        0.2601069211959839,
        0.22568536549806595,
        0.3660247251391411,
        0.27830008789896965,
        0.2662850618362427,
        0.1905740574002266
    ],
    "train_acc": [
        0.27184466019417475,
        0.32038834951456313,
        0.32038834951456313,
        0.3883495145631068,
        0.42718446601941745,
        0.42718446601941745,
        0.3883495145631068,
        0.47572815533980584,
        0.4368932038834951,
        0.5145631067961165,
        0.4077669902912621,
        0.5631067961165048,
        0.6019417475728155,
        0.5631067961165048,
        0.6019417475728155,
        0.5533980582524272,
        0.5436893203883495,
        0.6213592233009708,
        0.6504854368932039,
        0.5145631067961165,
        0.6504854368932039,
        0.6990291262135923,
        0.6990291262135923,
        0.7184466019417476,
        0.6796116504854369,
        0.7669902912621359,
        0.6601941747572816,
        0.6893203883495146,
        0.7572815533980582,
        0.7669902912621359,
        0.8058252427184466,
        0.5533980582524272,
        0.7087378640776699,
        0.6213592233009708,
        0.7572815533980582,
        0.6504854368932039,
        0.6893203883495146,
        0.6893203883495146,
        0.6407766990291263,
        0.8058252427184466,
        0.7572815533980582,
        0.7961165048543689,
        0.6310679611650486,
        0.7281553398058253,
        0.8349514563106796
    ],
    "train_f1": [
        0.2280503144654088,
        0.2624356775300172,
        0.2584570287524222,
        0.33958038661008966,
        0.3716860481566364,
        0.37297226582940873,
        0.34532695374800637,
        0.44498188405797107,
        0.391511839708561,
        0.467237066647965,
        0.36744758683638884,
        0.5393262706927303,
        0.5684755107435521,
        0.521900085729873,
        0.5757994018863584,
        0.5058321479374112,
        0.4865350000866553,
        0.5695662768031189,
        0.6310260826389859,
        0.4737818669733564,
        0.620214596619091,
        0.6426619132501487,
        0.6604434991531766,
        0.6917494270435447,
        0.635828284802293,
        0.7237931642001408,
        0.6239528944842955,
        0.6404666580567394,
        0.7333013028538033,
        0.7449494949494949,
        0.7505245693651491,
        0.49967402075835804,
        0.6675925925925926,
        0.560966810966811,
        0.715055315055315,
        0.6496689584924878,
        0.6521373009569836,
        0.6103359173126616,
        0.6086691086691086,
        0.7606837606837606,
        0.6988482384823849,
        0.7832287559923742,
        0.5518858217949849,
        0.6597110754414125,
        0.8075234598123214
    ],
    "val_loss": [
        0.4995896518230438,
        0.4998053312301636,
        0.5303777456283569,
        0.5943488478660583,
        0.589604914188385,
        0.6659799814224243,
        0.6430613398551941,
        0.6161144971847534,
        0.434540331363678,
        0.43512120842933655,
        0.48634201288223267,
        0.45638105273246765,
        0.45942017436027527,
        0.47718915343284607,
        0.4447536766529083,
        0.4332517683506012,
        0.5096012353897095,
        0.6151910424232483,
        0.6238618493080139,
        0.574855625629425,
        0.568881630897522,
        0.42903923988342285,
        0.44084683060646057,
        0.4469399154186249,
        0.44297096133232117,
        0.5080223083496094,
        0.5871954560279846,
        0.6264119744300842,
        0.5530359745025635,
        0.4698415994644165,
        0.4395228326320648,
        0.4403918981552124,
        0.5410059094429016,
        0.5798748731613159,
        0.5192040801048279,
        0.5475708246231079,
        0.5144031643867493,
        0.4542235732078552,
        0.5048127770423889,
        0.5044047236442566,
        0.5101962089538574,
        0.5443110466003418,
        0.5304243564605713,
        0.5436893105506897,
        0.5055844187736511
    ],
    "val_acc": [
        0.15384615384615385,
        0.34615384615384615,
        0.38461538461538464,
        0.34615384615384615,
        0.38461538461538464,
        0.4230769230769231,
        0.38461538461538464,
        0.34615384615384615,
        0.6153846153846154,
        0.6153846153846154,
        0.5769230769230769,
        0.5769230769230769,
        0.6153846153846154,
        0.6153846153846154,
        0.6923076923076923,
        0.5384615384615384,
        0.5384615384615384,
        0.5384615384615384,
        0.4230769230769231,
        0.4230769230769231,
        0.5769230769230769,
        0.6923076923076923,
        0.6923076923076923,
        0.7692307692307693,
        0.7692307692307693,
        0.5769230769230769,
        0.5384615384615384,
        0.4230769230769231,
        0.5384615384615384,
        0.7307692307692307,
        0.7307692307692307,
        0.7307692307692307,
        0.6538461538461539,
        0.6153846153846154,
        0.6538461538461539,
        0.6153846153846154,
        0.6923076923076923,
        0.7307692307692307,
        0.7307692307692307,
        0.7307692307692307,
        0.6923076923076923,
        0.6923076923076923,
        0.7307692307692307,
        0.7692307692307693,
        0.8076923076923077
    ],
    "val_f1": [
        0.14939309056956115,
        0.20689655172413793,
        0.2708333333333333,
        0.24444444444444446,
        0.28758169934640526,
        0.2888888888888889,
        0.2512820512820513,
        0.1875,
        0.5265627618568796,
        0.5870279146141215,
        0.5009217362158539,
        0.5407407407407407,
        0.540200138026225,
        0.540200138026225,
        0.6019047619047618,
        0.41830065359477125,
        0.41036414565826335,
        0.41036414565826335,
        0.3297022512708787,
        0.3090676883780332,
        0.4466666666666666,
        0.5972143798230755,
        0.6430976430976431,
        0.6719806763285024,
        0.7452991452991453,
        0.5390736004546747,
        0.47890671420083186,
        0.36111111111111116,
        0.4857268335529205,
        0.6368253968253967,
        0.7161904761904762,
        0.7161904761904762,
        0.5888888888888889,
        0.5436507936507936,
        0.589090909090909,
        0.5362962962962964,
        0.5998494259363825,
        0.6301524562394127,
        0.6368253968253967,
        0.6287878787878788,
        0.5993265993265994,
        0.5954106280193237,
        0.646060606060606,
        0.6641414141414141,
        0.703030303030303
    ]
}