{
    "train_loss": [
        76.36120300292968,
        71.3998046875,
        75.75637969970703,
        75.12994689941407,
        77.60284118652343,
        76.35557098388672,
        74.49307556152344,
        73.25742645263672,
        71.3686737060547,
        70.12639694213867,
        73.85160980224609,
        73.85874633789062,
        70.7490447998047,
        67.61957168579102,
        71.99647979736328,
        72.60619506835937,
        68.2369155883789,
        75.70292434692382,
        68.8271728515625,
        78.17524871826171,
        70.68714904785156,
        67.5888168334961,
        69.45274963378907,
        66.3251739501953,
        75.0480453491211,
        74.4373794555664,
        75.03731994628906,
        73.18696594238281,
        65.69514617919921,
        75.04417419433594,
        72.55329055786133,
        67.5439208984375,
        72.54797134399413
    ],
    "train_acc": [
        0.1375,
        0.15,
        0.1625,
        0.13125,
        0.13125,
        0.1125,
        0.175,
        0.1,
        0.16875,
        0.15,
        0.1375,
        0.16875,
        0.15,
        0.1875,
        0.13125,
        0.125,
        0.14375,
        0.175,
        0.20625,
        0.11875,
        0.225,
        0.19375,
        0.225,
        0.25,
        0.24375,
        0.15625,
        0.2125,
        0.24375,
        0.26875,
        0.20625,
        0.2,
        0.28125,
        0.2
    ],
    "val_loss": [
        60.8767204284668,
        60.817209243774414,
        60.794742584228516,
        60.796485900878906,
        60.79863739013672,
        60.80071258544922,
        60.78010559082031,
        60.780635833740234,
        60.77268981933594,
        60.76441192626953,
        60.75729751586914,
        60.75090789794922,
        60.76163291931152,
        60.75362205505371,
        60.75352668762207,
        60.75048828125,
        60.7617301940918,
        60.771759033203125,
        60.7613468170166,
        60.74894332885742,
        60.743446350097656,
        60.738990783691406,
        60.732479095458984,
        60.730417251586914,
        60.73609733581543,
        60.74124717712402,
        60.73422622680664,
        60.743038177490234,
        60.74207305908203,
        60.7357292175293,
        60.72914695739746,
        60.71957778930664,
        60.70723915100098
    ],
    "val_acc": [
        0.18518518518518517,
        0.2037037037037037,
        0.2962962962962963,
        0.18518518518518517,
        0.24074074074074073,
        0.14814814814814814,
        0.24074074074074073,
        0.2777777777777778,
        0.2222222222222222,
        0.3148148148148148,
        0.3148148148148148,
        0.3148148148148148,
        0.25925925925925924,
        0.2777777777777778,
        0.24074074074074073,
        0.25925925925925924,
        0.25925925925925924,
        0.18518518518518517,
        0.25925925925925924,
        0.2962962962962963,
        0.2962962962962963,
        0.2777777777777778,
        0.2777777777777778,
        0.2962962962962963,
        0.2962962962962963,
        0.2962962962962963,
        0.2777777777777778,
        0.2777777777777778,
        0.2777777777777778,
        0.2777777777777778,
        0.2962962962962963,
        0.3148148148148148,
        0.35185185185185186
    ],
    "val_f1": [
        0.077504105090312,
        0.12625372729737055,
        0.21558223289315728,
        0.09453781512605042,
        0.16032608695652173,
        0.09808477770809969,
        0.1269704433497537,
        0.16233417120513896,
        0.10986714434990298,
        0.15669386257621554,
        0.19099075527646955,
        0.18356009070294782,
        0.1269423558897243,
        0.12987159633501097,
        0.10897435897435896,
        0.11938775510204082,
        0.18481203007518796,
        0.08127461510920157,
        0.08888888888888889,
        0.10158730158730157,
        0.12380952380952381,
        0.09316770186335403,
        0.11685241472475515,
        0.12485994397759104,
        0.14041216486594638,
        0.14396206967635541,
        0.1382477839620697,
        0.16818642350557247,
        0.16818642350557247,
        0.13344912433058329,
        0.13775510204081634,
        0.10212638514525306,
        0.10937950937950938
    ]
}