{
    "train_loss": [
        1.5552951335906982,
        1.4490676403045655,
        1.3037003517150878,
        1.2360122203826904,
        1.2387408494949341,
        1.1901144504547119,
        1.0714992046356202,
        0.9075688600540162,
        0.943133819103241,
        0.869015884399414,
        0.851145076751709,
        0.7828590631484985,
        0.6786216020584106,
        0.657469642162323,
        0.6153133749961853,
        0.5377752542495727,
        0.5833062052726745,
        0.5398937225341797,
        0.47126524448394774,
        0.4479295492172241,
        0.41468813419342043,
        0.5607580363750457,
        0.4109263002872467,
        0.4441158711910248,
        0.40981982946395873,
        0.4284339725971222,
        0.4758420526981354,
        0.3919522613286972,
        0.38026300072669983,
        0.5047688901424408,
        0.48213884234428406,
        0.44274147748947146,
        0.31121561527252195,
        0.30492231249809265,
        0.3897420048713684,
        0.3926911443471909,
        0.3098128765821457,
        0.3142217367887497,
        0.43000559210777284,
        0.5528188645839691,
        0.31460192799568176,
        0.2980408400297165,
        0.3041593313217163,
        0.24292044043540956,
        0.22354356050491334,
        0.2248153120279312,
        0.2445206731557846,
        0.33366958796977997,
        0.340379586815834,
        0.36788536310195924,
        0.2555529475212097,
        0.2565202653408051,
        0.2832022964954376,
        0.19811749458312988,
        0.22220133244991302,
        0.379134339094162,
        0.2093109369277954,
        0.20038094371557236,
        0.19259300231933593,
        0.2775142937898636,
        0.19746695160865785,
        0.1518235832452774,
        0.1441632777452469,
        0.1816720262169838,
        0.17202479243278504,
        0.13659720867872238,
        0.22652404606342316,
        0.2874333292245865,
        0.20602504909038544,
        0.17736552208662032,
        0.20599625408649444,
        0.43930590748786924,
        0.1728726029396057,
        0.18373944759368896,
        0.15879330784082413,
        0.28890504986047744
    ],
    "train_acc": [
        0.09929078014184398,
        0.1276595744680851,
        0.14184397163120568,
        0.1773049645390071,
        0.2127659574468085,
        0.19858156028368795,
        0.2695035460992908,
        0.3333333333333333,
        0.3617021276595745,
        0.36879432624113473,
        0.41843971631205673,
        0.41134751773049644,
        0.48936170212765956,
        0.46808510638297873,
        0.5177304964539007,
        0.48936170212765956,
        0.5177304964539007,
        0.5602836879432624,
        0.5957446808510638,
        0.5886524822695035,
        0.5106382978723404,
        0.6170212765957447,
        0.6170212765957447,
        0.624113475177305,
        0.5390070921985816,
        0.7021276595744681,
        0.475177304964539,
        0.5531914893617021,
        0.5886524822695035,
        0.5815602836879432,
        0.5886524822695035,
        0.5035460992907801,
        0.5886524822695035,
        0.7163120567375887,
        0.5815602836879432,
        0.46099290780141844,
        0.723404255319149,
        0.624113475177305,
        0.7021276595744681,
        0.5531914893617021,
        0.7021276595744681,
        0.7304964539007093,
        0.5886524822695035,
        0.75177304964539,
        0.6453900709219859,
        0.6666666666666666,
        0.6312056737588653,
        0.6099290780141844,
        0.7375886524822695,
        0.6950354609929078,
        0.7375886524822695,
        0.7588652482269503,
        0.7163120567375887,
        0.7872340425531915,
        0.6382978723404256,
        0.6950354609929078,
        0.5815602836879432,
        0.6595744680851063,
        0.6666666666666666,
        0.6737588652482269,
        0.8085106382978723,
        0.8368794326241135,
        0.8297872340425532,
        0.6808510638297872,
        0.6382978723404256,
        0.7588652482269503,
        0.524822695035461,
        0.8297872340425532,
        0.8085106382978723,
        0.8297872340425532,
        0.75177304964539,
        0.6950354609929078,
        0.8226950354609929,
        0.8368794326241135,
        0.851063829787234,
        0.7304964539007093
    ],
    "train_f1": [
        0.08996495842850287,
        0.07858237393841108,
        0.1219106880501747,
        0.14173955296404278,
        0.16831452259618707,
        0.1659930402287947,
        0.23786009387032406,
        0.30568991593103595,
        0.29109378691235527,
        0.2887070376432078,
        0.32770560951401156,
        0.3312322908961564,
        0.397979609404054,
        0.38829931972789117,
        0.39496313578082354,
        0.40328287990266887,
        0.44688215010795657,
        0.46594135762754024,
        0.48440230068559365,
        0.46902903908675153,
        0.4136386562152176,
        0.5058232917918616,
        0.5284924850460799,
        0.539725865532317,
        0.4281332726105921,
        0.6494970391700168,
        0.41542412309675736,
        0.5261120789037042,
        0.48461983622870347,
        0.4866721959064229,
        0.4969525462006665,
        0.40949913416377165,
        0.5141075591075591,
        0.6615523697686071,
        0.48947615616233886,
        0.4161652153043832,
        0.6589713020486709,
        0.5388031104697771,
        0.6534353741496599,
        0.479919854767725,
        0.700283600213445,
        0.651918110138449,
        0.5015979750841434,
        0.6435062370648827,
        0.5742450142450143,
        0.6022447786694468,
        0.5880251618719778,
        0.535177707446615,
        0.6611132109905798,
        0.6638219825419233,
        0.6398157240594216,
        0.7098905129347088,
        0.6563456151691447,
        0.6990484864255356,
        0.5559727309727308,
        0.6090393295362241,
        0.5169654255730206,
        0.616680513860965,
        0.6231653985676974,
        0.6047468514225098,
        0.7830032398068341,
        0.7999638456781313,
        0.8018675313757281,
        0.6258554828401122,
        0.618389803586491,
        0.7135784459072131,
        0.4782314475350344,
        0.7900334290503261,
        0.7965455081554154,
        0.8152417565266576,
        0.7541231135973224,
        0.6628914457592946,
        0.801804456856987,
        0.8325373874246056,
        0.8541203377730838,
        0.6774536764340701
    ],