{
    "train_loss": [
        0.0,
        0.0,
        0.0,
        0.0,
        0.0,
        0.0,
        0.0,
        0.0,
        0.0,
        0.0,
        0.0,
        0.0,
        0.0,
        0.0,
        0.0,
        0.0,
        0.0,
        0.0,
        0.0,
        0.0,
        0.0,
        0.0,
        0.0,
        0.0,
        0.0,
        0.0,
        0.0
    ],
    "train_acc": [
        0.22916666666666666,
        0.3958333333333333,
        0.2916666666666667,
        0.375,
        0.3541666666666667,
        0.2708333333333333,
        0.3333333333333333,
        0.20833333333333334,
        0.375,
        0.22916666666666666,
        0.2708333333333333,
        0.2708333333333333,
        0.2916666666666667,
        0.2916666666666667,
        0.3541666666666667,
        0.375,
        0.375,
        0.2916666666666667,
        0.3541666666666667,
        0.375,
        0.3958333333333333,
        0.2916666666666667,
        0.3541666666666667,
        0.3125,
        0.3125,
        0.22916666666666666,
        0.4375
    ],
    "val_loss": [
        0.0,
        0.0,
        0.0,
        0.0,
        0.0,
        0.0,
        0.0,
        0.0,
        0.0,
        0.0,
        0.0,
        0.0,
        0.0,
        0.0,
        0.0,
        0.0,
        0.0,
        0.0,
        0.0,
        0.0,
        0.0,
        0.0,
        0.0,
        0.0,
        0.0,
        0.0,
        0.0
    ],
    "val_acc": [
        0.5333333333333333,
        0.5333333333333333,
        0.5333333333333333,
        0.5333333333333333,
        0.4,
        0.4666666666666667,
        0.6,
        0.5333333333333333,
        0.4666666666666667,
        0.5333333333333333,
        0.5333333333333333,
        0.4666666666666667,
        0.4666666666666667,
        0.4,
        0.4,
        0.4,
        0.4,
        0.5333333333333333,
        0.4666666666666667,
        0.4666666666666667,
        0.4,
        0.4,
        0.4,
        0.5333333333333333,
        0.4,
        0.4666666666666667,
        0.3333333333333333
    ],
    "val_f1": [
        0.2318840579710145,
        0.2318840579710145,
        0.2318840579710145,
        0.24242424242424243,
        0.19999999999999998,
        0.4222222222222222,
        0.5511695906432749,
        0.35650623885918004,
        0.2888888888888889,
        0.35650623885918004,
        0.35650623885918004,
        0.3194444444444444,
        0.3194444444444444,
        0.2566844919786096,
        0.2566844919786096,
        0.2566844919786096,
        0.2566844919786096,
        0.31666666666666665,
        0.28460038986354774,
        0.28460038986354774,
        0.2701525054466231,
        0.26851851851851855,
        0.26851851851851855,
        0.32857142857142857,
        0.26851851851851855,
        0.293859649122807,
        0.23093681917211328
    ]
}