{
    "train_loss": [
        0.43335846598659244,
        0.36252751520701815,
        0.3906804732978344,
        0.3593712475683008,
        0.38280333844678743,
        0.31192887840526445,
        0.3467639258929661,
        0.2263707864497389,
        0.24252736887761525,
        0.19919931356395995,
        0.2523706246699606,
        0.2572548607630389,
        0.266941956111363,
        0.24662133386092527,
        0.2223822913531746,
        0.22094056116683142,
        0.19181737436779908,
        0.17868528621537344,
        0.18626926599868707,
        0.17099467664957047,
        0.15487865491637162,
        0.1674074594463621,
        0.1785229215664523,
        0.18431927769311837,
        0.17405854484864644,
        0.1473824937960931,
        0.15116807685366698,
        0.1416350549885205,
        0.14722084520118578,
        0.15688263864389487,
        0.13592410327068397,
        0.15505979715713433,
        0.13351507910660335,
        0.1329758477264217,
        0.10783681938690799,
        0.11272628006658383,
        0.1275641791788595,
        0.15872844960540533,
        0.11250289529561996,
        0.09459087438881397,
        0.10646244497703654,
        0.08802696663354125,
        0.09327546706689256,
        0.12885619660041162,
        0.10295743548444339,
        0.11977542923497302,
        0.09672625509223767,
        0.14755742331700666,
        0.11326809945915427,
        0.09110972285270691,
        0.07027356153620141,
        0.08154307917824813,
        0.06855753210506269,
        0.06329129716115338,
        0.08720969315618277,
        0.12261029572359153,
        0.07379191062812294,
        0.09194722758339983,
        0.10816689673811197,
        0.06136113391923053,
        0.06072017337594714,
        0.07393259681495172,
        0.09562470737312521,
        0.08310761575454048,
        0.07380911388567515,
        0.07940016673611743,
        0.08809728933764356,
        0.07565354056922453,
        0.061227321824324984,
        0.05651838319110019,
        0.05584186561671751,
        0.04731746856123209,
        0.0485763939629708,
        0.06143098184838891
    ],
    "train_acc": [
        0.10011248593925759,
        0.08773903262092239,
        0.09111361079865017,
        0.10573678290213723,
        0.13048368953880765,
        0.11698537682789652,
        0.15523059617547807,
        0.20359955005624297,
        0.23284589426321708,
        0.2857142857142857,
        0.2823397075365579,
        0.27671541057367827,
        0.3160854893138358,
        0.3610798650168729,
        0.41957255343082117,
        0.39707536557930256,
        0.41957255343082117,
        0.4094488188976378,
        0.43869516310461193,
        0.4611923509561305,
        0.5129358830146231,
        0.4668166479190101,
        0.4949381327334083,
        0.5725534308211474,
        0.48368953880764903,
        0.5444319460067492,
        0.6152980877390326,
        0.5556805399325084,
        0.6017997750281214,
        0.59392575928009,
        0.5759280089988752,
        0.5354330708661418,
        0.6029246344206974,
        0.5658042744656918,
        0.6355455568053994,
        0.609673790776153,
        0.5961754780652418,
        0.6580427446569179,
        0.6501687289088864,
        0.5286839145106862,
        0.5995500562429696,
        0.6760404949381328,
        0.6647919010123734,
        0.5275590551181102,
        0.671541057367829,
        0.625421822272216,
        0.6614173228346457,
        0.6107986501687289,
        0.6074240719910011,
        0.5905511811023622,
        0.6400449943757031,
        0.6974128233970753,
        0.6501687289088864,
        0.7007874015748031,
        0.6535433070866141,
        0.625421822272216,
        0.671541057367829,
        0.703037120359955,
        0.6861642294713161,
        0.6456692913385826,
        0.7311586051743532,
        0.7199100112485939,
        0.7446569178852643,
        0.6704161979752531,
        0.6400449943757031,
        0.672665916760405,
        0.5973003374578177,
        0.7435320584926884,
        0.7570303712035995,
        0.7446569178852643,
        0.7232845894263217,
        0.6951631046119235,
        0.7064116985376828,
        0.7221597300337458
    ],
    "train_f1": [
        0.08307986249346323,
        0.07086413683225484,
        0.07647699773245298,
        0.08999054460159282,
        0.11997071830106384,
        0.10827797383818963,
        0.1352322566144428,
        0.18277903118050898,
        0.2018130284607723,
        0.2474428350518299,
        0.23441872584394075,
        0.2268100708508893,
        0.2446391562014922,
        0.28417014124867074,
        0.32691113875553085,
        0.2986042029781898,
        0.3254501411049865,
        0.32813571154431237,
        0.34126591513867166,
        0.36524028969813793,
        0.40623480535376044,
        0.3806761795714139,
        0.39562466422864845,
        0.46858357471692763,
        0.38975030650929576,
        0.4546127811688513,
        0.5376517850298796,
        0.48023839153883063,
        0.5156874197007677,
        0.5093113618115627,
        0.4685360412359021,
        0.4223146867406835,
        0.5218711829308543,
        0.5073435046615544,
        0.5290508323580981,
        0.5028687332222563,
        0.4950610094134657,
        0.5336229245339184,
        0.5565272736609327,
        0.442855817352028,
        0.5440556422193091,
        0.6040733407852954,
        0.5713921109000271,
        0.39658955531508083,
        0.5793795567398309,
        0.5686255946903567,
        0.5583378269608118,
        0.5184736858771438,
        0.5255339349420111,
        0.4974820361035014,
        0.5426656339205849,
        0.6191735149136035,
        0.5744115471020268,
        0.6555012696780174,
        0.5760886999131656,
        0.5536865297389547,
        0.5872797504100233,
        0.623627620869896,
        0.6185501732147759,
        0.5654308713958537,
        0.6751902089733898,
        0.6577719316408971,
        0.6495799715205919,
        0.5922925329044214,
        0.5698900298296606,
        0.627268164464608,
        0.5120814670041022,
        0.6756904237680945,
        0.6979125049573033,
        0.6646103322401398,
        0.666675957558083,
        0.6649242331457477,
        0.675642001100188,
        0.6469129258338606
    ],