{
    "train_loss": [
        0.36522483825683594,
        0.3234583144741399,
        0.36788085848093033,
        0.26789161562919617,
        0.2654814305050032,
        0.39227977448276113,
        0.2660368273832968,
        0.20183424491967475,
        0.204246281513146,
        0.3062161412090063,
        0.24584535056991236,
        0.31754682266286444,
        0.17779437638819218,
        0.21458722704223224,
        0.19343321876866476,
        0.15937960653432778,
        0.19621889213366167,
        0.19273720096264566,
        0.16241656416761024,
        0.13903887117547648,
        0.1490766890347004,
        0.15223381694938456,
        0.15571869430797441,
        0.11191420682838985,
        0.12413983619106668,
        0.10062013885804585,
        0.10948719204004322,
        0.09616179963839906,
        0.10737615371389049,
        0.10856055694499187,
        0.1160204592826111,
        0.08046019915491343,
        0.11512355439897094,
        0.0864086536956685,
        0.09296010940202645,
        0.07287447034780468,
        0.078681545065982,
        0.08907366743577379,
        0.07273193169385195,
        0.08284147150282349,
        0.09591599327645131,
        0.07008232375872987,
        0.06488595437258482,
        0.06239343461181436,
        0.05878811056858727,
        0.04577908804640174,
        0.07127824698441795,
        0.04786939120718411,
        0.062112184440983195,
        0.06799945142120123,
        0.04954755156567054,
        0.07664658488439662,
        0.06164575198532215,
        0.05540281041924443,
        0.07965324353426695,
        0.04424567487356918,
        0.06720774258220834,
        0.03538337017276457,
        0.04749258983481143,
        0.0467424350125449,
        0.05913139221125415,
        0.035859701822378805,
        0.03532100648486188,
        0.05273372832951801,
        0.04719039737912161,
        0.06768097156392676,
        0.0662738864775747,
        0.05755745619535446,
        0.03824272542260587,
        0.03886873178583171,
        0.05837341517742191,
        0.042998285431947024,
        0.04709655169530639,
        0.0554403447812157,
        0.07796570585508432,
        0.041586294903286865,
        0.054043118409546356,
        0.031115990730800798,
        0.04054409894160926,
        0.07194863399490714,
        0.06605287039253328,
        0.06844620087317058,
        0.04696051995935185
    ],
    "train_acc": [
        0.11910112359550562,
        0.12808988764044943,
        0.1393258426966292,
        0.12921348314606743,
        0.17303370786516853,
        0.1662921348314607,
        0.21910112359550563,
        0.23258426966292134,
        0.2573033707865168,
        0.298876404494382,
        0.35168539325842696,
        0.3415730337078652,
        0.38764044943820225,
        0.41123595505617977,
        0.5,
        0.45617977528089887,
        0.4707865168539326,
        0.5146067415730337,
        0.5314606741573034,
        0.5865168539325842,
        0.5606741573033708,
        0.547191011235955,
        0.553932584269663,
        0.6112359550561798,
        0.596629213483146,
        0.6337078651685393,
        0.6404494382022472,
        0.6303370786516854,
        0.6595505617977528,
        0.648314606741573,
        0.6269662921348315,
        0.5955056179775281,
        0.6752808988764045,
        0.6359550561797753,
        0.6775280898876405,
        0.7089887640449438,
        0.7157303370786516,
        0.702247191011236,
        0.7134831460674157,
        0.6359550561797753,
        0.6685393258426966,
        0.6314606741573033,
        0.7191011235955056,
        0.7370786516853932,
        0.7089887640449438,
        0.7606741573033707,
        0.8033707865168539,
        0.7370786516853932,
        0.7853932584269663,
        0.7460674157303371,
        0.748314606741573,
        0.6067415730337079,
        0.7168539325842697,
        0.7685393258426966,
        0.6584269662921348,
        0.6932584269662921,
        0.7573033707865169,
        0.8415730337078652,
        0.6865168539325842,
        0.7438202247191011,
        0.7741573033707865,
        0.7415730337078652,
        0.8157303370786517,
        0.7685393258426966,
        0.7404494382022472,
        0.7696629213483146,
        0.7528089887640449,
        0.7910112359550562,
        0.7101123595505618,
        0.7606741573033707,
        0.8292134831460675,
        0.8179775280898877,
        0.8337078651685393,
        0.7258426966292135,
        0.7033707865168539,
        0.8112359550561797,
        0.7460674157303371,
        0.8550561797752809,
        0.7764044943820225,
        0.7393258426966293,
        0.6853932584269663,
        0.7168539325842697,
        0.7606741573033707
    ],
    "train_f1": [
        0.08096706071332149,
        0.08564319522146412,
        0.0961003943117289,
        0.08843822595182971,
        0.12042717545076911,
        0.1363337638626865,
        0.16926591189961926,
        0.19726490882240863,
        0.20606771296231108,
        0.2493489927442251,
        0.29037596797679993,
        0.2802900690605603,
        0.3007859075231194,
        0.34418007658886923,
        0.4081272715210525,
        0.3897156507403354,
        0.38830600747385824,
        0.4341344124577209,
        0.4315155793315,
        0.49131428816140754,
        0.443281204373118,
        0.4505687314765525,
        0.44058093442702145,
        0.5203559258336754,
        0.49364929418624065,
        0.5230241508883418,
        0.5684792379071112,
        0.552485629722097,
        0.5678394632957235,
        0.5720862054926769,
        0.5372655127110257,
        0.5022043777076672,
        0.6093086439108231,
        0.6071465307148916,
        0.622686231702253,
        0.6600443385676913,
        0.6632790009327998,
        0.6341623102763303,
        0.6606317996180873,
        0.5993037998756113,
        0.6085476511540231,
        0.5408004143020829,
        0.649683039736926,
        0.7035714026379615,
        0.6700193493846399,
        0.7083471539568738,
        0.7580602614613495,
        0.6791200171029627,
        0.7379441510550504,
        0.6994641695103622,
        0.680545491009606,
        0.5470951250381786,
        0.6627891997956152,
        0.7053303342046059,
        0.5578766566127467,
        0.6469797249912571,
        0.6724941790331371,
        0.790246892031707,
        0.6459498826142938,
        0.6947231854847629,
        0.6898854781415191,
        0.6864414579150426,
        0.7505137808165958,
        0.6905897072191627,
        0.7007913739883174,
        0.7217778563225066,
        0.7177916866288423,
        0.7502295630547646,
        0.6725717851941562,
        0.7293703849866505,
        0.803427587364488,
        0.7517170991383921,
        0.7936045881178138,
        0.691979981532563,
        0.699098932892285,
        0.7933004131929587,
        0.6370454012016092,
        0.8173405749198531,
        0.7879307676740694,
        0.6768201516016398,
        0.6501656616739684,
        0.702561435567383,
        0.7209078865489862
    ],