{
    "train_loss": [
        13695531.0,
        13382583.352941176,
        12855593.794117646,
        12627467.88235294,
        13013983.88235294,
        11697828.205882354,
        11003049.205882354,
        10038362.529411765,
        9848869.852941176,
        9747294.61764706,
        9064796.088235294,
        8854110.05882353,
        8271410.705882353,
        8236502.647058823,
        7930815.588235294,
        8251857.735294118,
        7426565.147058823,
        7010570.529411765,
        6655019.382352941,
        6776087.75,
        7217491.323529412,
        6236357.264705882,
        6263410.897058823,
        5645394.264705882,
        6022504.044117647,
        5918209.485294118,
        6152839.117647059,
        6047646.94117647,
        5858086.147058823,
        5811385.294117647,
        5146220.588235294,
        5079298.823529412,
        5541605.5,
        4828395.147058823,
        4655369.220588235,
        5638516.94117647,
        5098916.705882353,
        4945610.205882353,
        5054892.720588235,
        4794023.294117647,
        5033113.411764706,
        4149097.0,
        4784925.073529412,
        4098913.338235294,
        4237949.80882353
    ],
    "train_acc": [
        0.11764705882352941,
        0.09191176470588236,
        0.08823529411764706,
        0.1213235294117647,
        0.08088235294117647,
        0.14338235294117646,
        0.15808823529411764,
        0.22794117647058823,
        0.22058823529411764,
        0.23161764705882354,
        0.2610294117647059,
        0.23897058823529413,
        0.35294117647058826,
        0.33088235294117646,
        0.3272058823529412,
        0.28308823529411764,
        0.3235294117647059,
        0.3897058823529412,
        0.33455882352941174,
        0.35294117647058826,
        0.29411764705882354,
        0.3639705882352941,
        0.3382352941176471,
        0.4338235294117647,
        0.3897058823529412,
        0.40441176470588236,
        0.35294117647058826,
        0.38235294117647056,
        0.375,
        0.3860294117647059,
        0.4007352941176471,
        0.43014705882352944,
        0.3860294117647059,
        0.4411764705882353,
        0.39338235294117646,
        0.4117647058823529,
        0.43014705882352944,
        0.39705882352941174,
        0.4411764705882353,
        0.3897058823529412,
        0.4007352941176471,
        0.4889705882352941,
        0.4264705882352941,
        0.4227941176470588,
        0.47058823529411764
    ],
    "val_loss": [
        12189844.0,
        12290099.8,
        12290109.8,
        11540320.4,
        11301826.2,
        10375574.4,
        9694160.8,
        9205521.2,
        8818290.1,
        8301383.7,
        7902972.1,
        7594561.1,
        7240160.3,
        6674853.8,
        6315085.8,
        6206033.9,
        6415967.5,
        6104880.4,
        5970870.95,
        5634136.05,
        5313466.35,
        5309611.95,
        5285977.5,
        5383089.6,
        4947534.0,
        5349898.55,
        5401718.25,
        5413819.9,
        5042773.0,
        4909447.475,
        5004662.975,
        5030741.05,
        4869652.95,
        5036454.35,
        4960309.05,
        4686443.675,
        5585312.8,
        4929340.75,
        5181447.65,
        5357466.6,
        4909630.1,
        4593696.05,
        4752930.175,
        4632911.9,
        4828243.5
    ],
    "val_acc": [
        0.1,
        0.0625,
        0.0625,
        0.1125,
        0.15,
        0.2,
        0.2875,
        0.4,
        0.425,
        0.425,
        0.425,
        0.4375,
        0.45,
        0.45,
        0.45,
        0.4375,
        0.45,
        0.475,
        0.475,
        0.4875,
        0.45,
        0.4625,
        0.4625,
        0.4625,
        0.55,
        0.475,
        0.4875,
        0.4375,
        0.4375,
        0.4875,
        0.4875,
        0.475,
        0.5125,
        0.5125,
        0.525,
        0.5125,
        0.4375,
        0.5125,
        0.4875,
        0.5,
        0.525,
        0.525,
        0.4875,
        0.55,
        0.4875
    ],
    "val_f1": [
        0.05123626373626374,
        0.033505598621877686,
        0.03367786391042205,
        0.08229124446669688,
        0.1272410338199812,
        0.15935475146001463,
        0.20340175697318555,
        0.25145696406912754,
        0.2650510409131099,
        0.2520502645502645,
        0.2536053875410805,
        0.2293159999042352,
        0.2396361683246929,
        0.2396365880236848,
        0.24085266585266582,
        0.22887159137159138,
        0.29038684286586647,
        0.30555055730494324,
        0.32188305521638855,
        0.3328479674970903,
        0.26941256621563525,
        0.2857821191154524,
        0.30260480260480255,
        0.2889490139490139,
        0.38569436411541674,
        0.32112286435041854,
        0.306221492428389,
        0.2731532220381462,
        0.24520502645502643,
        0.29591918437066295,
        0.3143497189776681,
        0.2872876636034531,
        0.3280204913506621,
        0.3081998437608558,
        0.3498677248677249,
        0.34309684331302776,
        0.2803884432560903,
        0.3235924036731202,
        0.3013427173804532,
        0.30845588235294114,
        0.341160847940509,
        0.3310788204170557,
        0.32130718954248366,
        0.3698680461838357,
        0.3062169312169312
    ]
}