{
    "train_loss": [
        4.1155548095703125,
        3.795662224292755,
        2.8348096013069153,
        2.35584619641304,
        1.7371146082878113,
        2.0852810442447662,
        1.1496406644582748,
        1.2276545315980911,
        0.9777964353561401,
        0.8836917728185654,
        0.8357521891593933,
        0.8291479796171188,
        0.6677502244710922,
        0.8419699817895889,
        0.6204871833324432,
        0.6019758880138397,
        0.6908019334077835,
        0.4361227974295616,
        0.6152141466736794,
        0.6542805954813957,
        0.6029462814331055,
        0.8036997132003307,
        0.44839734956622124,
        0.39283987134695053,
        0.43756501749157906,
        0.3660324327647686,
        0.45024917274713516,
        0.4573209285736084,
        0.23288707062602043,
        0.5593592040240765,
        0.40808021649718285,
        0.2085779756307602,
        0.36708855628967285,
        0.4964081645011902,
        0.5738217383623123,
        0.3128678761422634,
        0.2381112277507782,
        0.46089330315589905,
        0.1906827688217163,
        0.21074381843209267,
        0.3056873753666878,
        0.4085362181067467,
        0.7057393193244934,
        0.1843637190759182,
        0.4889911748468876,
        0.4019869193434715,
        0.188152477145195,
        0.39644234254956245,
        0.3468063287436962,
        0.1838549394160509,
        0.24736717343330383,
        0.2424871101975441,
        0.19899067096412182,
        0.2862255834043026,
        0.2922388222068548,
        0.23640616238117218,
        0.445693401619792,
        0.3305670954287052,
        0.30408624187111855
    ],
    "train_acc": [
        0.29317733616504854,
        0.3306920320084951,
        0.3777495449029126,
        0.3533757774575243,
        0.5002062158677184,
        0.5559982744235437,
        0.6108422140473301,
        0.6161777533373787,
        0.6189628527002428,
        0.6850325204793689,
        0.6990006826456311,
        0.6491319971177184,
        0.6900765131978155,
        0.7132532804915048,
        0.6770209155036407,
        0.7172187879247572,
        0.6158838364684466,
        0.6827617756371359,
        0.7114897792779126,
        0.7565372800364077,
        0.6455694402305825,
        0.6508077973300971,
        0.6537043006674758,
        0.7412275295813107,
        0.7466507698725728,
        0.7395375075849514,
        0.6284037469660194,
        0.7098495335254854,
        0.780444098907767,
        0.7481369462985437,
        0.7609318112864077,
        0.8108550136529126,
        0.7675330893507282,
        0.7502986574635923,
        0.6606871966019418,
        0.7693416262135923,
        0.819409416717233,
        0.7637097997572816,
        0.8189803929004854,
        0.8137135922330098,
        0.7804038038531553,
        0.7895602624393204,
        0.62060546875,
        0.8074204528216019,
        0.7595902229975728,
        0.7986100576456311,
        0.796313239532767,
        0.6573071526092233,
        0.72900390625,
        0.7835705210861651,
        0.7990698953276699,
        0.6894080893507282,
        0.7351026812803398,
        0.8106890928398058,
        0.7059006181735437,
        0.817821317506068,
        0.7243344205097088,
        0.8037678246359223,
        0.6795784663228155
    ],
    "train_f1": [],
    "val_loss": [
        1.0628273487091064,
        0.8986718654632568,
        0.9272295236587524,
        0.884083092212677,
        0.7528016567230225,
        0.6144200563430786,
        0.5154757499694824,
        0.6566358804702759,
        0.7950011491775513,
        0.810438334941864,
        0.7852786183357239,
        0.7600125670433044,
        0.7197746634483337,
        0.6812701225280762,
        0.6868389248847961,
        0.7231313586235046,
        0.5015616416931152,
        0.39487797021865845,
        0.4061776101589203,
        0.46817687153816223,
        0.5008397698402405,
        0.4368068277835846,
        0.3396737277507782,
        0.27280503511428833,
        0.28830191493034363,
        0.5123997330665588,
        0.3861621916294098,
        0.28516146540641785,
        0.27909085154533386,
        0.3004736602306366,
        0.28913068771362305,
        0.38004326820373535,
        0.33490607142448425,
        0.28421542048454285,
        0.2822936475276947,
        0.23344433307647705,
        0.19282002747058868,
        0.18790054321289062,
        0.19163671135902405,
        0.19267374277114868,
        0.2171359360218048,
        0.2345183789730072,
        0.25492170453071594,
        0.32225412130355835,
        0.3123442232608795,
        0.24844565987586975,
        0.2709294855594635,
        0.298581063747406,
        0.33441129326820374,
        0.31419768929481506,
        0.2822517454624176,
        0.2877224087715149,
        0.3006823658943176,
        0.2942974269390106,
        0.2800355851650238,
        0.2757614552974701,
        0.3321334421634674,
        0.42442551255226135,
        0.4505849778652191
    ],
    "val_acc": [
        0.40282264122596156,
        0.5147986778846154,
        0.5511662409855769,
        0.5926513671875,
        0.6587759164663461,
        0.7308161808894231,
        0.7669114332932693,
        0.7413142277644231,
        0.6647291917067307,
        0.6178729717548077,
        0.670654296875,
        0.6768329326923077,
        0.6996131310096154,
        0.7257080078125,
        0.738037109375,
        0.7400371844951923,
        0.7302903395432693,
        0.7632023737980769,
        0.7732684795673077,
        0.7632868840144231,
        0.7625638521634616,
        0.7729679987980769,
        0.7814190204326923,
        0.7841233473557693,
        0.7610144981971154,
        0.743896484375,
        0.756103515625,
        0.7897761418269231,
        0.8027907151442307,
        0.7751370943509616,
        0.7794940655048077,
        0.7636155348557693,
        0.7607046274038461,
        0.7759352463942307,
        0.7988750751201923,
        0.8023118239182693,
        0.8213923527644231,
        0.8262376051682693,
        0.8311767578125,
        0.8386699969951923,
        0.8147723858173077,
        0.8131103515625,
        0.7647329477163461,
        0.7317457932692307,
        0.7504507211538461,
        0.8013164813701923,
        0.8006873497596154,
        0.7609393780048077,
        0.7426945612980769,
        0.7365159254807693,
        0.7606952373798077,
        0.7730712890625,
        0.7738976111778846,
        0.7800105168269231,
        0.7793438251201923,
        0.7737849308894231,
        0.7752028245192307,
        0.7599628155048077,
        0.7685922475961539
    ],