{
    "train_loss": [
        1.2855170011520385,
        1.2803451776504517,
        1.2264665365219116,
        1.2120921611785889,
        1.0084073185920714,
        1.0237823247909545,
        0.9791514039039612,
        0.8726640701293945,
        0.8571072578430176,
        0.758613669872284,
        0.8059629201889038,
        0.7357749342918396,
        0.6687008023262024,
        0.7440310120582581,
        0.6464487552642822,
        0.6660917282104493,
        0.6499810695648194,
        0.6820546746253967,
        0.5439323961734772,
        0.515256255865097,
        0.5772830903530121,
        0.5724389791488648,
        0.5799153923988343,
        0.5633654534816742,
        0.5671696186065673,
        0.526714289188385,
        0.4834041953086853,
        0.571467661857605,
        0.48803168535232544,
        0.38016977310180666,
        0.3731597185134888,
        0.4315355896949768,
        0.42532227635383607,
        0.5500835597515106,
        0.5018741071224213,
        0.6008502006530761,
        0.48796924352645876,
        0.3988176226615906,
        0.47801125049591064,
        0.39771621227264403,
        0.3699258744716644,
        0.3553913772106171,
        0.38082008957862856,
        0.35257760882377626,
        0.34232730269432066,
        0.4497570753097534,
        0.4392349600791931,
        0.4284865140914917,
        0.3992438554763794,
        0.3343411982059479,
        0.3402622938156128,
        0.3526248037815094,
        0.3589277923107147,
        0.3458165228366852,
        0.34068392515182494,
        0.2849122256040573,
        0.40667812824249266,
        0.44015832543373107,
        0.44468059837818147,
        0.30194645524024966,
        0.28594457507133486,
        0.2622999131679535,
        0.274340558052063,
        0.34916883111000063,
        0.34891106486320494,
        0.2634251981973648,
        0.27439770102500916
    ],
    "train_acc": [
        0.14084507042253522,
        0.11971830985915492,
        0.09859154929577464,
        0.11267605633802817,
        0.18309859154929578,
        0.22535211267605634,
        0.19718309859154928,
        0.2676056338028169,
        0.2535211267605634,
        0.31690140845070425,
        0.36619718309859156,
        0.2746478873239437,
        0.36619718309859156,
        0.352112676056338,
        0.4154929577464789,
        0.34507042253521125,
        0.39436619718309857,
        0.43661971830985913,
        0.45774647887323944,
        0.5211267605633803,
        0.4788732394366197,
        0.5211267605633803,
        0.4084507042253521,
        0.43661971830985913,
        0.5070422535211268,
        0.5,
        0.5352112676056338,
        0.4859154929577465,
        0.49295774647887325,
        0.5704225352112676,
        0.5774647887323944,
        0.5563380281690141,
        0.5633802816901409,
        0.4788732394366197,
        0.47183098591549294,
        0.5211267605633803,
        0.5492957746478874,
        0.6338028169014085,
        0.47183098591549294,
        0.5915492957746479,
        0.6338028169014085,
        0.528169014084507,
        0.6267605633802817,
        0.6267605633802817,
        0.647887323943662,
        0.5492957746478874,
        0.47183098591549294,
        0.6549295774647887,
        0.6197183098591549,
        0.6408450704225352,
        0.528169014084507,
        0.5633802816901409,
        0.5070422535211268,
        0.5492957746478874,
        0.6197183098591549,
        0.6830985915492958,
        0.5633802816901409,
        0.4084507042253521,
        0.6549295774647887,
        0.6971830985915493,
        0.6619718309859155,
        0.6549295774647887,
        0.6690140845070423,
        0.5985915492957746,
        0.44366197183098594,
        0.6830985915492958,
        0.6901408450704225
    ],
    "train_f1": [
        0.1247585772111438,
        0.10297656262375345,
        0.07959930053526112,
        0.10707776372004327,
        0.1468697968697969,
        0.18288406288609194,
        0.17453469236077931,
        0.22185350881003055,
        0.1894986284387206,
        0.2385639423233408,
        0.27269413486218286,
        0.19500964229879894,
        0.30725612727492424,
        0.2756843891586863,
        0.2822962309270625,
        0.2820031268667921,
        0.32301244323716233,
        0.3275383311534591,
        0.3574017258983986,
        0.4454985191031401,
        0.35294181972098987,
        0.4752472182994448,
        0.3041867395284236,
        0.3661166477366873,
        0.3975127447087244,
        0.39788437068555976,
        0.42072449746346974,
        0.385906335044266,
        0.41757126214055057,
        0.4681872122222069,
        0.505619234566603,
        0.48844808008440477,
        0.45980514237889647,
        0.4142490842490842,
        0.3625168215430687,
        0.42967059395630824,
        0.4535285000040164,
        0.538004123164726,
        0.36261461106181603,
        0.47628482154797946,
        0.5150869487803431,
        0.42343115220585703,
        0.5512121267359612,
        0.552116615455686,
        0.5516869577417963,
        0.5147033979889073,
        0.41841484736991286,
        0.5976417570974821,
        0.5219324028609952,
        0.5943921662660447,
        0.44947190990712543,
        0.5141729732645409,
        0.4672353063569335,
        0.4643040881002358,
        0.5709452897688593,
        0.6244543038660685,
        0.5021465140666873,
        0.3167532713568519,
        0.6054065722814972,
        0.6308244581928794,
        0.5874659545247781,
        0.574290829555677,
        0.5874768542557158,
        0.5190695248526573,
        0.34894632464267056,
        0.6215016812761175,
        0.5929401286544145
    ],
    "val_loss": [
        0.9587309658527374,
        0.9263768196105957,
        0.9046086668968201,
        0.9666151404380798,
        0.8420949578285217,
        0.7827193439006805,
        0.8023484349250793,
        0.741890162229538,
        0.746205598115921,
        0.7389311492443085,
        0.6133647561073303,
        0.6468599438667297,
        0.6681948602199554,
        0.5326610505580902,
        0.6526235938072205,
        0.6585668623447418,
        0.7253608405590057,
        0.6880697011947632,
        0.7885539531707764,
        0.6745387315750122,
        0.588199645280838,
        0.5382241010665894,
        0.529505655169487,
        0.4877398610115051,
        0.4799414426088333,
        0.5164909213781357,
        0.4928687959909439,
        0.4723753482103348,
        0.41850315034389496,
        0.44436395168304443,
        0.4345082640647888,
        0.43900659680366516,
        0.43854062259197235,
        0.45181402564048767,
        0.4121731072664261,
        0.401893213391304,
        0.4125125855207443,
        0.4115266650915146,
        0.3841508775949478,
        0.3949568122625351,
        0.4041709750890732,
        0.394774928689003,
        0.40452049672603607,
        0.3932761400938034,
        0.3532998263835907,
        0.3449661284685135,
        0.3594553917646408,
        0.3547060340642929,
        0.39234259724617004,
        0.37638159096241,
        0.3743843138217926,
        0.386391282081604,
        0.42512212693691254,
        0.4244220703840256,
        0.414923295378685,
        0.3902602195739746,
        0.3951178640127182,
        0.41438519954681396,
        0.4118567109107971,
        0.38886308670043945,
        0.36588092148303986,
        0.38456763327121735,
        0.3799923360347748,
        0.38755521178245544,
        0.3851602226495743,
        0.38526588678359985,
        0.3819279968738556
    ],