{
    "train_loss": [
        0.814288854598999,
        0.7330250889062881,
        0.8406095504760742,
        0.5977217555046082,
        0.4962110295891762,
        0.45329830050468445,
        0.41480734199285507,
        0.37543877214193344,
        0.2778443396091461,
        0.304229911416769,
        0.2587956190109253,
        0.4599364921450615,
        0.2179819904267788,
        0.2122206799685955,
        0.28980470448732376,
        0.3607626222074032,
        0.23523082211613655,
        0.26030888222157955,
        0.21318926103413105,
        0.2841500975191593,
        0.2144395001232624,
        0.20219986885786057,
        0.28269484266638756,
        0.1889071073383093,
        0.16278207674622536,
        0.2174915187060833,
        0.19297903589904308,
        0.17477604560554028,
        0.23520352318882942,
        0.11695612594485283,
        0.168538061901927,
        0.09820034727454185,
        0.18712222017347813,
        0.1394750513136387,
        0.09877901896834373,
        0.09247377701103687,
        0.11656505800783634,
        0.14736823178827763,
        0.1296098493039608,
        0.11324241943657398,
        0.1589792501181364,
        0.10177690535783768,
        0.10456647910177708,
        0.1670323945581913,
        0.148986479267478
    ],
    "train_acc": [
        0.3017241379310345,
        0.3448275862068966,
        0.33620689655172414,
        0.4482758620689655,
        0.6551724137931034,
        0.5603448275862069,
        0.6379310344827587,
        0.5172413793103449,
        0.6896551724137931,
        0.7586206896551724,
        0.6724137931034483,
        0.6896551724137931,
        0.7844827586206896,
        0.7931034482758621,
        0.7155172413793104,
        0.6896551724137931,
        0.6379310344827587,
        0.8103448275862069,
        0.6379310344827587,
        0.6724137931034483,
        0.7586206896551724,
        0.8017241379310345,
        0.7155172413793104,
        0.7931034482758621,
        0.8275862068965517,
        0.7758620689655172,
        0.8362068965517241,
        0.6982758620689655,
        0.8275862068965517,
        0.8879310344827587,
        0.7758620689655172,
        0.9310344827586207,
        0.8275862068965517,
        0.8103448275862069,
        0.853448275862069,
        0.896551724137931,
        0.8793103448275862,
        0.8793103448275862,
        0.8879310344827587,
        0.8620689655172413,
        0.7931034482758621,
        0.8879310344827587,
        0.8103448275862069,
        0.8275862068965517,
        0.7586206896551724
    ],
    "train_f1": [
        0.31050010365592023,
        0.31662839838940465,
        0.3217577170775039,
        0.40913811007268946,
        0.6133796756041047,
        0.5038317773257532,
        0.5715256818120021,
        0.4815627030539311,
        0.6488082008176571,
        0.7086892086892087,
        0.6260067451927916,
        0.6380566801619433,
        0.7264348931916081,
        0.7059163514081547,
        0.6431462604084985,
        0.6384404986099901,
        0.5651642910671039,
        0.7461220619115356,
        0.5475450709627925,
        0.5608873545582407,
        0.6524467362702657,
        0.707010582010582,
        0.6637201979307242,
        0.7496031746031747,
        0.7479866092778575,
        0.6839366515837103,
        0.7954221276277958,
        0.6510721247563352,
        0.7601126731969751,
        0.8470929946339782,
        0.7218045112781954,
        0.9100090625514353,
        0.7773626587185909,
        0.7741334554893878,
        0.7954191033138401,
        0.8477209065444359,
        0.834526698303788,
        0.8337892555396142,
        0.8319843597262953,
        0.817664851784634,
        0.7566276803118909,
        0.8499282639885223,
        0.7821877468936291,
        0.7472509665023034,
        0.7227533922449177
    ],
    "val_loss": [
        0.46724557876586914,
        0.492540180683136,
        0.4493766129016876,
        0.3471122980117798,
        0.27301284670829773,
        0.19879570603370667,
        0.21403440833091736,
        0.18647794425487518,
        0.12940280139446259,
        0.1188725084066391,
        0.10668469220399857,
        0.12383583933115005,
        0.1402793824672699,
        0.15259070694446564,
        0.1463254988193512,
        0.12098781019449234,
        0.10813640058040619,
        0.12360119819641113,
        0.12218187749385834,
        0.1125955730676651,
        0.09845594316720963,
        0.09714040160179138,
        0.0863255187869072,
        0.07590799778699875,
        0.07741798460483551,
        0.09170069545507431,
        0.09573124349117279,
        0.09717556089162827,
        0.11023128777742386,
        0.09657473117113113,
        0.10246198624372482,
        0.09736042469739914,
        0.09378141909837723,
        0.08523617684841156,
        0.08618289977312088,
        0.08079278469085693,
        0.0959261804819107,
        0.10755977034568787,
        0.09907902032136917,
        0.07578383386135101,
        0.06781033426523209,
        0.0744449645280838,
        0.10301084816455841,
        0.13422738015651703,
        0.12254005670547485
    ],
    "val_acc": [
        0.4642857142857143,
        0.35714285714285715,
        0.4642857142857143,
        0.6071428571428571,
        0.6785714285714286,
        0.8928571428571429,
        0.8571428571428571,
        0.7857142857142857,
        0.8571428571428571,
        0.8571428571428571,
        0.8928571428571429,
        0.8571428571428571,
        0.8571428571428571,
        0.8928571428571429,
        0.8571428571428571,
        0.8928571428571429,
        0.8928571428571429,
        0.8928571428571429,
        0.8928571428571429,
        0.8571428571428571,
        0.8928571428571429,
        0.8928571428571429,
        0.8928571428571429,
        0.8928571428571429,
        0.9285714285714286,
        0.9285714285714286,
        0.8928571428571429,
        0.8928571428571429,
        0.8571428571428571,
        0.8928571428571429,
        0.8928571428571429,
        0.8928571428571429,
        0.8928571428571429,
        0.9285714285714286,
        0.8571428571428571,
        0.8571428571428571,
        0.8571428571428571,
        0.8571428571428571,
        0.8571428571428571,
        0.8571428571428571,
        0.8928571428571429,
        0.8928571428571429,
        0.8928571428571429,
        0.8928571428571429,
        0.8928571428571429
    ],
    "val_f1": [
        0.4682539682539682,
        0.36104006820119355,
        0.46574770258980785,
        0.5718864468864469,
        0.6366843033509699,
        0.8475355054302423,
        0.8217338217338218,
        0.7178451178451178,
        0.8153846153846155,
        0.8153846153846155,
        0.8518518518518517,
        0.8153846153846155,
        0.8153846153846155,
        0.8518518518518517,
        0.8120857699805067,
        0.8518518518518517,
        0.8518518518518517,
        0.8518518518518517,
        0.8518518518518517,
        0.8237259816207184,
        0.8518518518518517,
        0.8226600985221676,
        0.8226600985221676,
        0.8226600985221676,
        0.8928571428571429,
        0.8928571428571429,
        0.8518518518518517,
        0.8518518518518517,
        0.8153846153846155,
        0.8518518518518517,
        0.8518518518518517,
        0.8518518518518517,
        0.8518518518518517,
        0.8928571428571429,
        0.8153846153846155,
        0.8153846153846155,
        0.8153846153846155,
        0.8153846153846155,
        0.8153846153846155,
        0.8153846153846155,
        0.8518518518518517,
        0.8518518518518517,
        0.8518518518518517,
        0.8518518518518517,
        0.8518518518518517
    ]
}