{
    "train_loss": [
        4.389398455619812,
        3.9369547367095947,
        2.940231680870056,
        2.168211817741394,
        1.4819034934043884,
        1.6695597767829895,
        1.530620276927948,
        0.7533750832080841,
        0.5083613246679306,
        0.6704103052616119,
        1.3195909261703491,
        2.2272252440452576,
        0.3890129029750824,
        1.0416241884231567,
        1.4904781579971313,
        0.6373308300971985,
        0.31479647010564804,
        0.5075855255126953,
        0.924517422914505,
        0.28704044222831726,
        0.32059742510318756,
        0.39774899184703827,
        0.5583551526069641,
        0.9516709744930267,
        0.5591884851455688,
        0.22202297300100327,
        0.6473213881254196,
        0.41538742184638977,
        0.43376021832227707,
        0.29220712184906006,
        0.7980309352278709,
        0.21926045417785645,
        0.3569808453321457,
        0.4885757938027382,
        0.24474569410085678,
        1.6222722977399826,
        0.8317678719758987,
        0.38976703584194183
    ],
    "train_acc": [
        0.26420397636217946,
        0.2610677083333333,
        0.35765349559294873,
        0.4594476161858974,
        0.5105418669871795,
        0.6299579326923077,
        0.6536020132211539,
        0.7381810897435898,
        0.7388446514423077,
        0.7253167568108975,
        0.7108811598557693,
        0.6298452524038461,
        0.7590394631410257,
        0.7250600961538461,
        0.5883976862980769,
        0.7654246794871795,
        0.7259803185096154,
        0.743408203125,
        0.6823354867788461,
        0.745536608573718,
        0.7461500901442307,
        0.7283779046474359,
        0.7848244691506411,
        0.6814403044871795,
        0.6967648237179487,
        0.7650741185897436,
        0.6854842748397436,
        0.7453300280448718,
        0.7354392027243589,
        0.7772561097756411,
        0.7188063401442307,
        0.6783854166666666,
        0.7695062099358975,
        0.7283215645032052,
        0.7907965244391025,
        0.7015349559294872,
        0.8032476963141025,
        0.7490672576121795
    ],
    "train_f1": [],
    "val_loss": [
        1.3205422163009644,
        1.0701290369033813,
        0.9619430899620056,
        0.8832569718360901,
        0.9451075792312622,
        1.1787376403808594,
        1.2885502576828003,
        1.3109321594238281,
        1.4309453964233398,
        1.620954155921936,
        1.849122405052185,
        2.007739305496216,
        2.052521228790283,
        1.9491746425628662,
        1.698464274406433,
        1.6190143823623657,
        1.5345875024795532,
        1.6414241790771484,
        1.6685644388198853,
        1.5701760053634644,
        1.5863157510757446,
        1.7093971967697144,
        1.89639151096344,
        2.0109612941741943,
        2.0645577907562256,
        2.0825936794281006,
        2.136139392852783,
        1.8343113660812378,
        1.5677610635757446,
        1.1765632629394531,
        0.8802979588508606,
        0.7769129872322083,
        0.8134713768959045,
        0.919018030166626,
        0.9262778162956238,
        0.8707417249679565,
        0.9562990665435791,
        1.15776526927948
    ],
    "val_acc": [
        0.1636013454861111,
        0.2715657552083333,
        0.4140082465277778,
        0.4607747395833333,
        0.5320638020833334,
        0.5714246961805556,
        0.5926106770833334,
        0.5815972222222222,
        0.5390082465277778,
        0.4513617621527778,
        0.4134114583333333,
        0.4023166232638889,
        0.4117024739583333,
        0.4451768663194444,
        0.5355360243055556,
        0.6148274739583334,
        0.6409233940972222,
        0.6548665364583334,
        0.6508517795138888,
        0.6201714409722222,
        0.5763888888888888,
        0.5208333333333334,
        0.4983452690972222,
        0.5037163628472222,
        0.52734375,
        0.510009765625,
        0.5087619357638888,
        0.4888509114583333,
        0.4867350260416667,
        0.4860026041666667,
        0.5142415364583334,
        0.5347222222222222,
        0.5308159722222222,
        0.5327419704861112,
        0.5138617621527778,
        0.4953070746527778,
        0.4621853298611111,
        0.4351128472222222
    ],
    "val_f1": [
        0.14888199475725195,
        0.2676845597753323,
        0.377428518870925,
        0.38762103394935465,
        0.41078178802243476,
        0.40538999191345476,
        0.401153450325957,
        0.4040666833681194,
        0.37146555972216544,
        0.29792905502336553,
        0.2705335480950308,
        0.2671828851656673,
        0.2646677286070096,
        0.2919287999947492,
        0.5003579923956586,
        0.5871442762832263,
        0.6112341296444127,
        0.6455280283302255,
        0.6379100294140185,
        0.6139292020331256,
        0.5735744680300243,
        0.47953953774311514,
        0.3869803955311412,
        0.33670348438524367,
        0.3504760430141393,
        0.341111941056958,
        0.34138376085857947,
        0.3231395790504768,
        0.3206595793228064,
        0.35282359559728443,
        0.42165692320162823,
        0.4249430877197177,
        0.4077354877740332,
        0.3744294265697789,
        0.35606237879034675,
        0.3594816993270828,
        0.32385202798777785,
        0.2901636688724201
    ]
}