{
  "dynamic": {
    "mean": [
      39.60242874645042
    ],
    "std": [
      89.49305622311329
    ],
    "num_channels": 1,
    "channel_names": [
      "Band_0"
    ],
    "total_samples": 132008674
  },
  "static": {
    "mean": [
      0.399880036415957
    ],
    "std": [
      0.32252416822464797
    ],
    "num_channels": 1,
    "channel_names": [
      "Band_0"
    ],
    "total_samples": 471345270
  }
}