{
    "train_loss": [
        0.4244098301444735,
        0.4220843543963773,
        0.28430300525256563,
        0.3550418881433351,
        0.3157614804804325,
        0.26570077559777666,
        0.2868376283773354,
        0.2616663819977215,
        0.2230222491281373,
        0.20755845068820886,
        0.21187434185828483,
        0.2962915945265974,
        0.20123301127127238,
        0.1659379814352308,
        0.19979213204767024,
        0.21379253827035427,
        0.2165666169353894,
        0.15895188679652555,
        0.20971146172710828,
        0.17251480344150746,
        0.1417383173746722,
        0.145520096378667,
        0.1775576997814434,
        0.17310667862849577,
        0.15057636398289884,
        0.13571745742644584,
        0.1330053565491523,
        0.12865603182997024,
        0.11116929511938776,
        0.13309549832982676,
        0.14050983211823873,
        0.12001176205064569,
        0.10511608169014965,
        0.10767449877624001,
        0.11407808653478112,
        0.08466960343399219,
        0.09742951792265687,
        0.13918737495051964,
        0.09110939076968602,
        0.08007113968155213,
        0.09072451612779073,
        0.10328378049390656,
        0.096165259900902,
        0.08707120242927756,
        0.10689541285059281,
        0.10033667114164148,
        0.07242083828896284,
        0.09434586863166519,
        0.07594482248116817,
        0.10027946079415935,
        0.08711092253880841,
        0.08871226039315973,
        0.09452454719160285,
        0.11538939470691341
    ],
    "train_acc": [
        0.08202247191011236,
        0.07528089887640449,
        0.09213483146067415,
        0.10898876404494381,
        0.1550561797752809,
        0.1853932584269663,
        0.20224719101123595,
        0.23595505617977527,
        0.26292134831460673,
        0.32808988764044944,
        0.31573033707865167,
        0.35280898876404493,
        0.3898876404494382,
        0.4348314606741573,
        0.4067415730337079,
        0.3853932584269663,
        0.45955056179775283,
        0.46741573033707867,
        0.45056179775280897,
        0.49213483146067416,
        0.5314606741573034,
        0.5089887640449439,
        0.5,
        0.5988764044943821,
        0.6191011235955056,
        0.46179775280898877,
        0.5123595505617977,
        0.6382022471910113,
        0.5707865168539326,
        0.5235955056179775,
        0.6056179775280899,
        0.596629213483146,
        0.6348314606741573,
        0.553932584269663,
        0.6651685393258427,
        0.7,
        0.5932584269662922,
        0.6651685393258427,
        0.5415730337078651,
        0.6853932584269663,
        0.650561797752809,
        0.6292134831460674,
        0.6584269662921348,
        0.7112359550561798,
        0.5764044943820225,
        0.6168539325842697,
        0.6438202247191012,
        0.6584269662921348,
        0.7247191011235955,
        0.6022471910112359,
        0.6797752808988764,
        0.6078651685393258,
        0.6741573033707865,
        0.6168539325842697
    ],
    "train_f1": [
        0.06595462268672057,
        0.06312002426754275,
        0.07829424009572955,
        0.09095914104384592,
        0.12678549861641286,
        0.14774935091129635,
        0.16217537662169906,
        0.1980155561848612,
        0.21097668674586037,
        0.316028506292944,
        0.2716363811594415,
        0.3231734893556333,
        0.32942475588840164,
        0.3874159007324405,
        0.3402035341903407,
        0.319910664694286,
        0.42462907053464455,
        0.4079831832606548,
        0.3923714575003279,
        0.4027956024601606,
        0.4631204673803263,
        0.4469382004207586,
        0.3761633642529138,
        0.5159722209135799,
        0.5736573665386174,
        0.400379909902632,
        0.4416214891339201,
        0.5357473241554785,
        0.4648227375480904,
        0.44093568540512457,
        0.556437706864262,
        0.5354146239026899,
        0.5832574909304504,
        0.5306298401139855,
        0.6096139835928109,
        0.6272076275630836,
        0.5238667337278476,
        0.6292613425420601,
        0.4939010890369793,
        0.64460032216358,
        0.5718463094740864,
        0.5602947465201796,
        0.6287031175140245,
        0.6646093196348909,
        0.5338229374048087,
        0.5470581167460855,
        0.5661645941530309,
        0.6036903448974333,
        0.6866152591578654,
        0.5659061541174935,
        0.6023604223846893,
        0.5776746279456055,
        0.6221251620028797,
        0.5579337314065305
    ],
    "val_loss": [
        0.3586036041378975,
        0.36094925180077553,
        0.3368524760007858,
        0.3041740693151951,
        0.27845691703259945,
        0.25667986646294594,
        0.2351810522377491,
        0.23729164339601994,
        0.22489245049655437,
        0.21558763459324837,
        0.20152721740305424,
        0.20681785512715578,
        0.19031960424035788,
        0.18142120260745287,
        0.17105840239673853,
        0.16438036132603884,
        0.17054787557572126,
        0.16506214160472155,
        0.15754411555826664,
        0.1504067024216056,
        0.14543679170310497,
        0.13863293826580048,
        0.13593005668371916,
        0.13601168151944876,
        0.1433076886460185,
        0.1313320891931653,
        0.13283443357795477,
        0.13431976176798344,
        0.12786569725722075,
        0.12932009063661098,
        0.12496252963319421,
        0.13061480084434152,
        0.12919844640418887,
        0.13302249275147915,
        0.12512508872896433,
        0.1300931996665895,
        0.12974554486572742,
        0.1251307874917984,
        0.126156791113317,
        0.12158377468585968,
        0.11592497443780303,
        0.11696310993283987,
        0.12115877261385322,
        0.11640464141964912,
        0.12431798735633492,
        0.12182164704427123,
        0.12103674653917551,
        0.11303486488759518,
        0.12148482445627451,
        0.1187149086035788,
        0.12108349287882447,
        0.12381418561562896,
        0.11350403539836407,
        0.10962466895580292
    ],
    "val_acc": [
        0.0945945945945946,
        0.08558558558558559,
        0.1036036036036036,
        0.22072072072072071,
        0.26126126126126126,
        0.27927927927927926,
        0.38288288288288286,
        0.36936936936936937,
        0.44144144144144143,
        0.5,
        0.5135135135135135,
        0.5135135135135135,
        0.5540540540540541,
        0.545045045045045,
        0.5720720720720721,
        0.5540540540540541,
        0.536036036036036,
        0.5990990990990991,
        0.6126126126126126,
        0.6171171171171171,
        0.5855855855855856,
        0.5720720720720721,
        0.6126126126126126,
        0.6036036036036037,
        0.5945945945945946,
        0.6486486486486487,
        0.6531531531531531,
        0.6441441441441441,
        0.7117117117117117,
        0.6216216216216216,
        0.6756756756756757,
        0.6621621621621622,
        0.6441441441441441,
        0.6126126126126126,
        0.6801801801801802,
        0.6126126126126126,
        0.6666666666666666,
        0.6351351351351351,
        0.6531531531531531,
        0.6756756756756757,
        0.6711711711711712,
        0.6441441441441441,
        0.6261261261261262,
        0.6126126126126126,
        0.6621621621621622,
        0.6936936936936937,
        0.6936936936936937,
        0.6756756756756757,
        0.6711711711711712,
        0.6486486486486487,
        0.6531531531531531,
        0.6396396396396397,
        0.6846846846846847,
        0.6891891891891891
    ],