{
    "train_loss": [
        1.7702712774276734,
        1.5865779161453246,
        1.6076334238052368,
        1.4613967418670655,
        1.3985409498214723,
        1.3315662145614624,
        1.1369824528694152,
        1.1686694622039795,
        1.0033554911613465,
        1.066988456249237,
        0.8577344059944153,
        0.8482724308967591,
        0.842593252658844,
        0.6645169973373413,
        0.6846354722976684,
        0.7033526182174683,
        0.7118860125541687,
        0.6732194542884826,
        0.6623553395271301,
        0.5345828473567963,
        0.6152698874473572,
        0.6836004734039307,
        0.5214534342288971,
        0.5067575216293335,
        0.4843069851398468,
        0.5428484439849853,
        0.5113882958889008,
        0.4794251203536987,
        0.4474025368690491,
        0.42296633720397947,
        0.4792813718318939,
        0.5227587461471558,
        0.3605996370315552,
        0.3978523015975952,
        0.3977102398872375,
        0.4946643471717834,
        0.4097608387470245,
        0.43977056741714476,
        0.345971617102623,
        0.3308271080255508,
        0.32399508357048035,
        0.5082777857780456,
        0.39937037229537964,
        0.32116301655769347,
        0.36872178316116333,
        0.3497629284858704,
        0.42439836263656616,
        0.34177044630050657,
        0.3040438175201416,
        0.2746489644050598,
        0.2975954324007034,
        0.300837031006813,
        0.22742738723754882
    ],
    "train_acc": [
        0.1056338028169014,
        0.11971830985915492,
        0.1056338028169014,
        0.09154929577464789,
        0.14084507042253522,
        0.1619718309859155,
        0.2112676056338028,
        0.1619718309859155,
        0.2605633802816901,
        0.18309859154929578,
        0.29577464788732394,
        0.2676056338028169,
        0.24647887323943662,
        0.323943661971831,
        0.4225352112676056,
        0.38028169014084506,
        0.36619718309859156,
        0.3028169014084507,
        0.44366197183098594,
        0.5070422535211268,
        0.3873239436619718,
        0.45774647887323944,
        0.5774647887323944,
        0.528169014084507,
        0.4788732394366197,
        0.5563380281690141,
        0.5704225352112676,
        0.5352112676056338,
        0.6267605633802817,
        0.4647887323943662,
        0.5563380281690141,
        0.6197183098591549,
        0.6830985915492958,
        0.6338028169014085,
        0.6056338028169014,
        0.5915492957746479,
        0.6408450704225352,
        0.6338028169014085,
        0.6690140845070423,
        0.676056338028169,
        0.6901408450704225,
        0.5563380281690141,
        0.6408450704225352,
        0.6690140845070423,
        0.5845070422535211,
        0.5352112676056338,
        0.6901408450704225,
        0.7464788732394366,
        0.6126760563380281,
        0.5845070422535211,
        0.6901408450704225,
        0.5985915492957746,
        0.7746478873239436
    ],
    "train_f1": [
        0.07646539106166436,
        0.07947025050670375,
        0.06788930477859209,
        0.0775797579757976,
        0.11015994464499447,
        0.11441367499607755,
        0.1842312700959948,
        0.13287392879229615,
        0.25396518987718786,
        0.12465358522323536,
        0.2916658134608393,
        0.31491861491403034,
        0.2766341819654676,
        0.3305997497813355,
        0.3815324068100222,
        0.37821349925787845,
        0.33789357640289314,
        0.27670689790768227,
        0.38955741980586694,
        0.4547585367716817,
        0.3427418382983699,
        0.42765783512089894,
        0.5527707363182832,
        0.43783704591022454,
        0.4483837007480611,
        0.483265306122449,
        0.48161572321236185,
        0.4921471442479846,
        0.587275088032964,
        0.43610739511115443,
        0.5035152566037947,
        0.5627551541081501,
        0.6579060897278751,
        0.6008705056020098,
        0.553810732014055,
        0.5542780026990554,
        0.6249201282473859,
        0.5794177052112233,
        0.6154859230946188,
        0.6323149995387095,
        0.6163261912515183,
        0.5216964937251283,
        0.6181236095029199,
        0.6245342506426251,
        0.5206202956202957,
        0.46866637194223404,
        0.6894195412550123,
        0.6840564303499812,
        0.5888754108957516,
        0.5432665255602881,
        0.6396210196693548,
        0.539283668982917,
        0.7166681594267802
    ],
    "val_loss": [
        1.300737977027893,
        1.2347235679626465,
        1.0914190411567688,
        1.0645360946655273,
        1.085288643836975,
        1.0631260573863983,
        1.0469000041484833,
        0.929457038640976,
        0.9635565876960754,
        0.8827811777591705,
        0.9311307668685913,
        0.9095419049263,
        0.7975565791130066,
        0.7308686971664429,
        0.7069725394248962,
        0.6678298115730286,
        0.648363322019577,
        0.600800633430481,
        0.6180082857608795,
        0.6307021975517273,
        0.6555905938148499,
        0.6939916908740997,
        0.7206372022628784,
        0.6949079036712646,
        0.6782267093658447,
        0.6129778623580933,
        0.5714655518531799,
        0.5271088182926178,
        0.5233557224273682,
        0.5161291658878326,
        0.5044156312942505,
        0.5248561799526215,
        0.5326918959617615,
        0.5177791267633438,
        0.5542996823787689,
        0.6044493019580841,
        0.6182262599468231,
        0.6617245972156525,
        0.6025768518447876,
        0.5728279948234558,
        0.5867596566677094,
        0.572056770324707,
        0.6111347675323486,
        0.6259783506393433,
        0.6385883390903473,
        0.6265311241149902,
        0.5804134607315063,
        0.5560803115367889,
        0.5705739557743073,
        0.5608307719230652,
        0.5703842341899872,
        0.6034538149833679,
        0.618205189704895
    ],
    "val_acc": [
        0.17142857142857143,
        0.17142857142857143,
        0.14285714285714285,
        0.17142857142857143,
        0.2,
        0.2,
        0.2,
        0.2857142857142857,
        0.22857142857142856,
        0.3142857142857143,
        0.3142857142857143,
        0.2857142857142857,
        0.42857142857142855,
        0.4857142857142857,
        0.42857142857142855,
        0.42857142857142855,
        0.4857142857142857,
        0.5142857142857142,
        0.4857142857142857,
        0.5142857142857142,
        0.5142857142857142,
        0.5428571428571428,
        0.5428571428571428,
        0.5428571428571428,
        0.5142857142857142,
        0.5142857142857142,
        0.5142857142857142,
        0.5428571428571428,
        0.5428571428571428,
        0.5428571428571428,
        0.5428571428571428,
        0.5428571428571428,
        0.6,
        0.5714285714285714,
        0.6,
        0.5142857142857142,
        0.4857142857142857,
        0.4857142857142857,
        0.4857142857142857,
        0.5142857142857142,
        0.5142857142857142,
        0.5714285714285714,
        0.5714285714285714,
        0.5714285714285714,
        0.5714285714285714,
        0.5428571428571428,
        0.5714285714285714,
        0.5714285714285714,
        0.4857142857142857,
        0.4857142857142857,
        0.4857142857142857,
        0.4857142857142857,
        0.42857142857142855
    ],