{
    "train_loss": [
        0.8043111860752106,
        0.6979933679103851,
        0.8068521320819855,
        0.6275434046983719,
        0.5677238702774048,
        0.476273313164711,
        0.5089814811944962,
        0.5462003722786903,
        0.449574276804924,
        0.3581291511654854,
        0.3510523848235607,
        0.3240105099976063,
        0.3829050287604332,
        0.31648190319538116,
        0.48730916529893875,
        0.418586190789938,
        0.3154894597828388,
        0.4468718096613884,
        0.29270197451114655,
        0.3473643362522125,
        0.2746070474386215,
        0.3353329114615917,
        0.37956778705120087,
        0.2731071002781391,
        0.2916175574064255,
        0.2978387512266636,
        0.24415798112750053,
        0.26551130041480064,
        0.2127976343035698,
        0.2656590938568115,
        0.283873476088047,
        0.41158217564225197,
        0.3711908161640167,
        0.24704422801733017,
        0.18503819033503532,
        0.19616570323705673,
        0.1909310705959797,
        0.20318664610385895,
        0.19589345902204514,
        0.3256111890077591,
        0.2262236662209034,
        0.23171589896082878,
        0.29537488147616386,
        0.2590135857462883,
        0.2561669796705246,
        0.2842482291162014,
        0.17476151138544083,
        0.15103225596249104,
        0.3020280636847019,
        0.16929077357053757
    ],
    "train_acc": [
        0.34951456310679613,
        0.3786407766990291,
        0.32038834951456313,
        0.4368932038834951,
        0.4077669902912621,
        0.44660194174757284,
        0.5242718446601942,
        0.5242718446601942,
        0.5048543689320388,
        0.5436893203883495,
        0.6504854368932039,
        0.5922330097087378,
        0.5825242718446602,
        0.6213592233009708,
        0.5436893203883495,
        0.6699029126213593,
        0.7087378640776699,
        0.5922330097087378,
        0.6407766990291263,
        0.6893203883495146,
        0.7184466019417476,
        0.6893203883495146,
        0.6893203883495146,
        0.5242718446601942,
        0.7087378640776699,
        0.6407766990291263,
        0.7281553398058253,
        0.6601941747572816,
        0.6213592233009708,
        0.7475728155339806,
        0.7475728155339806,
        0.7766990291262136,
        0.7184466019417476,
        0.7864077669902912,
        0.7864077669902912,
        0.7475728155339806,
        0.8252427184466019,
        0.5825242718446602,
        0.7669902912621359,
        0.6796116504854369,
        0.6310679611650486,
        0.7281553398058253,
        0.6116504854368932,
        0.7766990291262136,
        0.7378640776699029,
        0.7572815533980582,
        0.8252427184466019,
        0.8252427184466019,
        0.6699029126213593,
        0.8155339805825242
    ],
    "train_f1": [
        0.29377090170339115,
        0.31347818406641936,
        0.2743523131477554,
        0.3851654758971832,
        0.36782427060171147,
        0.33877233877233875,
        0.4903364085360171,
        0.4181269181269181,
        0.4359974009096816,
        0.46497099509147705,
        0.5234265734265734,
        0.5040657198551936,
        0.4785809906291834,
        0.5450764198745816,
        0.44981240981240983,
        0.5603226989365604,
        0.6279470249816596,
        0.5061840710850248,
        0.5220022002200221,
        0.5798850574712644,
        0.6043956043956044,
        0.5791830065359477,
        0.5828856405130768,
        0.4351752822341058,
        0.6231864603957628,
        0.581364636830521,
        0.6709723064483525,
        0.6120504882114789,
        0.5535106549130281,
        0.6619317793890732,
        0.6958601299162978,
        0.6927235047751547,
        0.6819703054642813,
        0.7247474747474748,
        0.7220448903075442,
        0.6910060389360663,
        0.7511444028297961,
        0.48325541417646684,
        0.6897105508870215,
        0.5956262771183862,
        0.5596421884751405,
        0.6956556535657742,
        0.568859324956886,
        0.6988283584028264,
        0.6805700272594276,
        0.7513071895424837,
        0.7920236851271335,
        0.7840980024968789,
        0.6422027584818283,
        0.7857142857142857
    ],
    "val_loss": [
        0.5400785207748413,
        0.5491086840629578,
        0.5121883153915405,
        0.498430073261261,
        0.5148031711578369,
        0.46282103657722473,
        0.33121928572654724,
        0.2543319761753082,
        0.2468360960483551,
        0.2590910792350769,
        0.25778740644454956,
        0.2755401134490967,
        0.2841002941131592,
        0.2732951045036316,
        0.26447737216949463,
        0.24586662650108337,
        0.2524231970310211,
        0.24554327130317688,
        0.2250412553548813,
        0.22673846781253815,
        0.2258252054452896,
        0.20360364019870758,
        0.2013411968946457,
        0.16295726597309113,
        0.1278473138809204,
        0.1276804357767105,
        0.1282975971698761,
        0.12912623584270477,
        0.12143097072839737,
        0.11871363967657089,
        0.11805997043848038,
        0.13824109733104706,
        0.1835053265094757,
        0.2124488800764084,
        0.23026813566684723,
        0.2368563711643219,
        0.20641808211803436,
        0.19579041004180908,
        0.1869329810142517,
        0.17005272209644318,
        0.16663387417793274,
        0.1578754484653473,
        0.15363572537899017,
        0.1652512401342392,
        0.16221314668655396,
        0.16994479298591614,
        0.14049182832241058,
        0.14079128205776215,
        0.14581839740276337,
        0.15519432723522186
    ],
    "val_acc": [
        0.46153846153846156,
        0.11538461538461539,
        0.19230769230769232,
        0.34615384615384615,
        0.34615384615384615,
        0.5384615384615384,
        0.6153846153846154,
        0.7692307692307693,
        0.7307692307692307,
        0.6153846153846154,
        0.6923076923076923,
        0.6923076923076923,
        0.6538461538461539,
        0.6153846153846154,
        0.6153846153846154,
        0.6153846153846154,
        0.5769230769230769,
        0.7307692307692307,
        0.8461538461538461,
        0.8076923076923077,
        0.7692307692307693,
        0.8076923076923077,
        0.7692307692307693,
        0.7692307692307693,
        0.8076923076923077,
        0.8461538461538461,
        0.8461538461538461,
        0.8461538461538461,
        0.8846153846153846,
        0.9230769230769231,
        0.8846153846153846,
        0.8461538461538461,
        0.8461538461538461,
        0.8461538461538461,
        0.8461538461538461,
        0.8076923076923077,
        0.8076923076923077,
        0.7692307692307693,
        0.8076923076923077,
        0.7692307692307693,
        0.8076923076923077,
        0.8076923076923077,
        0.8076923076923077,
        0.8846153846153846,
        0.8846153846153846,
        0.8461538461538461,
        0.8846153846153846,
        0.8461538461538461,
        0.8461538461538461,
        0.8461538461538461
    ],