{
    "train_loss": [
        0.8362276256084442,
        0.8113764226436615,
        0.549245797097683,
        0.5504676997661591,
        0.31432535499334335,
        0.3582422137260437,
        0.36367690563201904,
        0.30273183062672615,
        0.19264937285333872,
        0.19756808318197727,
        0.17093823105096817,
        0.20360556803643703,
        0.15445024147629738,
        0.1196308322250843,
        0.17391442880034447,
        0.09661233425140381,
        0.11704251356422901,
        0.09170488733798265,
        0.10300930961966515,
        0.08044022787362337,
        0.08984817005693913,
        0.1046217679977417,
        0.09707076009362936,
        0.0834719268605113,
        0.10197162069380283,
        0.12110686674714088,
        0.15216117072850466,
        0.08977883495390415,
        0.07655999064445496,
        0.16313041560351849,
        0.07469686400145292,
        0.07170829456299543,
        0.13459503557533026,
        0.09041987732052803,
        0.07923803571611643,
        0.09019802510738373,
        0.07086375262588263,
        0.09477219358086586,
        0.16735383495688438,
        0.062134833075106144,
        0.03912109322845936,
        0.048412170726805925,
        0.04993953090161085,
        0.0631231777369976,
        0.03958327462896705,
        0.11304978653788567,
        0.17238663462921977,
        0.028034793213009834,
        0.04153416585177183,
        0.06522360723465681,
        0.04028840735554695,
        0.02611936698667705,
        0.050690149422734976,
        0.03561483649536967,
        0.13145174272358418,
        0.11059424420818686,
        0.13407325139269233,
        0.015374465845525265,
        0.06197984516620636,
        0.028722412418574095,
        0.023500376380980015,
        0.022086069453507662,
        0.02991028013639152,
        0.1003543371334672,
        0.014587546000257134,
        0.02954983524978161
    ],
    "train_acc": [
        0.4608695652173913,
        0.5391304347826087,
        0.5652173913043478,
        0.5652173913043478,
        0.6695652173913044,
        0.7043478260869566,
        0.6086956521739131,
        0.7043478260869566,
        0.8260869565217391,
        0.808695652173913,
        0.8521739130434782,
        0.8608695652173913,
        0.8347826086956521,
        0.7478260869565218,
        0.7217391304347827,
        0.8,
        0.8608695652173913,
        0.9130434782608695,
        0.8869565217391304,
        0.9130434782608695,
        0.9043478260869565,
        0.8,
        0.7739130434782608,
        0.7478260869565218,
        0.8956521739130435,
        0.8608695652173913,
        0.9130434782608695,
        0.8869565217391304,
        0.9130434782608695,
        0.8173913043478261,
        0.9130434782608695,
        0.9478260869565217,
        0.9565217391304348,
        0.808695652173913,
        0.9217391304347826,
        0.7652173913043478,
        0.9304347826086956,
        0.7652173913043478,
        0.591304347826087,
        0.9565217391304348,
        0.9391304347826087,
        0.9565217391304348,
        0.7913043478260869,
        0.7739130434782608,
        0.808695652173913,
        0.9565217391304348,
        0.8695652173913043,
        0.9826086956521739,
        0.9739130434782609,
        0.9391304347826087,
        0.7913043478260869,
        0.9826086956521739,
        0.9565217391304348,
        0.9652173913043478,
        0.7652173913043478,
        0.8260869565217391,
        0.8347826086956521,
        1.0,
        0.7739130434782608,
        0.9826086956521739,
        0.9826086956521739,
        0.9826086956521739,
        0.9826086956521739,
        0.8608695652173913,
        0.991304347826087,
        0.991304347826087
    ],
    "train_f1": [
        0.25477053140096617,
        0.3493802003735779,
        0.45268755935422605,
        0.42987692734432,
        0.5390975930655522,
        0.5818250377073907,
        0.5340222144819845,
        0.6179838912660458,
        0.787383575647433,
        0.7306260668718741,
        0.7857618192356406,
        0.7908070249533664,
        0.7417205081669692,
        0.7026695526695527,
        0.6532640692640693,
        0.7277265577737447,
        0.8116376883589999,
        0.8922222222222222,
        0.8402476780185758,
        0.8615664845173042,
        0.8773770250435949,
        0.7710018214936247,
        0.7089632801747735,
        0.675887075887076,
        0.8507711745214427,
        0.8343573039990119,
        0.8817081223860885,
        0.8402476780185758,
        0.873712196743104,
        0.7872146792601337,
        0.8664038400170195,
        0.9208333333333334,
        0.9354893472540532,
        0.780328494123817,
        0.8838808250572957,
        0.7046517364492049,
        0.8985442549694268,
        0.7348870056497177,
        0.5538961038961039,
        0.9324624544565894,
        0.9138872491145218,
        0.9424497071555895,
        0.7547582361141684,
        0.7072031767944033,
        0.769798828622358,
        0.9486024844720498,
        0.8411016949152543,
        0.9747424393486209,
        0.9676597911892029,
        0.9122863247863248,
        0.740038370720189,
        0.9757343550446999,
        0.942891598110153,
        0.9541781253860208,
        0.7609850653328915,
        0.7916279291520656,
        0.7865696911676063,
        1.0,
        0.759005755282747,
        0.9805096547567085,
        0.9747424393486209,
        0.9804974686330619,
        0.9736111111111111,
        0.8405907817672523,
        0.9870978694508107,
        0.9870978694508107
    ],
    "val_loss": [
        0.5523775815963745,
        0.5154240131378174,
        0.41050538420677185,
        0.296684205532074,
        0.2526756823062897,
        0.2124260812997818,
        0.2772556245326996,
        0.30790427327156067,
        0.34169867634773254,
        0.368599534034729,
        0.3664846122264862,
        0.2944701611995697,
        0.2507290244102478,
        0.21781562268733978,
        0.20274324715137482,
        0.18587638437747955,
        0.17330147325992584,
        0.18349367380142212,
        0.22263148427009583,
        0.25965920090675354,
        0.2666574716567993,
        0.28365951776504517,
        0.31309404969215393,
        0.3098260164260864,
        0.3092206120491028,
        0.3047667443752289,
        0.2968924939632416,
        0.29544833302497864,
        0.28144019842147827,
        0.295043021440506,
        0.2832801043987274,
        0.23877574503421783,
        0.21096956729888916,
        0.20815370976924896,
        0.22636078298091888,
        0.21808238327503204,
        0.22273476421833038,
        0.2271844893693924,
        0.22408553957939148,
        0.21445325016975403,
        0.20741109549999237,
        0.22034896910190582,
        0.20653533935546875,
        0.20221105217933655,
        0.2126486599445343,
        0.21094731986522675,
        0.20738275349140167,
        0.21256117522716522,
        0.22369785606861115,
        0.22818295657634735,
        0.2315818965435028,
        0.23870311677455902,
        0.23058076202869415,
        0.24246332049369812,
        0.251019150018692,
        0.2711455821990967,
        0.25550368428230286,
        0.22751230001449585,
        0.22636160254478455,
        0.23553739488124847,
        0.25412383675575256,
        0.26388198137283325,
        0.2725665867328644,
        0.23898446559906006,
        0.22194787859916687,
        0.21328814327716827
    ],