{
    "train_loss": [
        1.447228479385376,
        1.5233588457107543,
        1.541497540473938,
        1.412558341026306,
        1.3053653240203857,
        1.1995888471603393,
        1.1635918736457824,
        0.9673748731613159,
        1.011283540725708,
        0.9309027075767518,
        0.9169221878051758,
        0.8565958857536315,
        0.7805117845535279,
        0.7836070537567139,
        0.6505392014980316,
        0.7214454889297486,
        0.658557903766632,
        0.745889675617218,
        0.6317433178424835,
        0.6017504453659057,
        0.6058873653411865,
        0.6302483081817627,
        0.6317394614219666,
        0.6768672108650208,
        0.49417505264282224,
        0.5557732522487641,
        0.48773698806762694,
        0.5171752572059631,
        0.45225422382354735,
        0.5822560667991639,
        0.5506972372531891,
        0.4511322796344757,
        0.46608877182006836,
        0.4342851787805557,
        0.5162917673587799,
        0.42954117655754087,
        0.39801226258277894,
        0.5067877173423767,
        0.345459395647049,
        0.4774439334869385,
        0.380887371301651,
        0.46735791563987733,
        0.5553844451904297,
        0.42631515860557556,
        0.39387404918670654,
        0.40050211548805237,
        0.4076909601688385,
        0.43384757041931155,
        0.2981408029794693,
        0.3799890518188477,
        0.32306193709373476,
        0.4797338306903839,
        0.46237372159957885,
        0.3750220715999603,
        0.3377908766269684,
        0.4035871148109436,
        0.3812136113643646
    ],
    "train_acc": [
        0.1347517730496454,
        0.1347517730496454,
        0.09929078014184398,
        0.09929078014184398,
        0.19148936170212766,
        0.2198581560283688,
        0.1773049645390071,
        0.20567375886524822,
        0.23404255319148937,
        0.3404255319148936,
        0.3191489361702128,
        0.375886524822695,
        0.3971631205673759,
        0.3829787234042553,
        0.48226950354609927,
        0.3262411347517731,
        0.45390070921985815,
        0.4326241134751773,
        0.40425531914893614,
        0.475177304964539,
        0.44680851063829785,
        0.375886524822695,
        0.3971631205673759,
        0.4397163120567376,
        0.5602836879432624,
        0.5177304964539007,
        0.5106382978723404,
        0.48226950354609927,
        0.5602836879432624,
        0.5035460992907801,
        0.44680851063829785,
        0.41843971631205673,
        0.6028368794326241,
        0.5177304964539007,
        0.5319148936170213,
        0.5177304964539007,
        0.5673758865248227,
        0.44680851063829785,
        0.49645390070921985,
        0.6170212765957447,
        0.6595744680851063,
        0.6099290780141844,
        0.5886524822695035,
        0.5460992907801419,
        0.6028368794326241,
        0.6312056737588653,
        0.524822695035461,
        0.5460992907801419,
        0.6737588652482269,
        0.5460992907801419,
        0.6666666666666666,
        0.41134751773049644,
        0.5106382978723404,
        0.6099290780141844,
        0.723404255319149,
        0.6028368794326241,
        0.5957446808510638
    ],
    "train_f1": [
        0.10144421404925606,
        0.0862605648319934,
        0.059330500008466104,
        0.08484374660723255,
        0.13196504933655226,
        0.14284631788609964,
        0.11867778299862619,
        0.16091142869580902,
        0.20423853273970366,
        0.23205420099074112,
        0.20786409191750904,
        0.2744491356866893,
        0.26334897130058815,
        0.24118541876292415,
        0.3012046146144856,
        0.2160134805362057,
        0.3466084539308431,
        0.284566287289692,
        0.2883125572698719,
        0.3495474782535641,
        0.29603176946608606,
        0.2594110577802201,
        0.25838468766683215,
        0.2507117095875578,
        0.4168567800719291,
        0.395313546922288,
        0.3818147640791157,
        0.3798545103644226,
        0.4294950629749935,
        0.35243500909135583,
        0.3601121832380751,
        0.3224829141125907,
        0.4863958740709441,
        0.39856156586368574,
        0.43591180180938033,
        0.4585807474548422,
        0.4544263921954022,
        0.2970962874198994,
        0.40652003941477627,
        0.4953753060721701,
        0.594055673323966,
        0.4725607182524412,
        0.4824022028841305,
        0.4560981594997803,
        0.5177663768651437,
        0.5722754151647843,
        0.4756478089811423,
        0.4152508586328438,
        0.5622192557732627,
        0.42589889800499836,
        0.5864746933743417,
        0.3552243523672095,
        0.48564635644467585,
        0.5489696545308274,
        0.6592406052896005,
        0.5400202262760557,
        0.564758665556453
    ],
    "val_loss": [
        1.050270438194275,
        1.0619792938232422,
        1.0828238129615784,
        1.0207879841327667,
        0.9651928842067719,
        0.9594075083732605,
        0.9241037964820862,
        0.8556980490684509,
        0.8049476742744446,
        0.8077393174171448,
        0.7222071886062622,
        0.7279778122901917,
        0.7613112926483154,
        0.7448629438877106,
        0.7225004136562347,
        0.6727938055992126,
        0.6889179348945618,
        0.6888574361801147,
        0.7201521098613739,
        0.6658720672130585,
        0.6889930367469788,
        0.6198265254497528,
        0.5967333167791367,
        0.6569852232933044,
        0.6719953864812851,
        0.6784313172101974,
        0.6860567331314087,
        0.7056670784950256,
        0.7283377945423126,
        0.7908421754837036,
        0.8344048857688904,
        0.881730318069458,
        0.8426344394683838,
        0.7717083990573883,
        0.6737309694290161,
        0.6614683568477631,
        0.6441951096057892,
        0.6819133162498474,
        0.6881036758422852,
        0.6608355343341827,
        0.692982405424118,
        0.7675522267818451,
        0.6078803241252899,
        0.592121347784996,
        0.5913732647895813,
        0.6392415165901184,
        0.713612973690033,
        0.7354356944561005,
        0.7271946966648102,
        0.7228312194347382,
        0.7468578815460205,
        0.7928800880908966,
        0.7816612720489502,
        0.6772101521492004,
        0.6475974917411804,
        0.7174123823642731,
        0.7170366644859314
    ],
    "val_acc": [
        0.2222222222222222,
        0.1388888888888889,
        0.1388888888888889,
        0.19444444444444445,
        0.2777777777777778,
        0.25,
        0.3333333333333333,
        0.3888888888888889,
        0.3888888888888889,
        0.3888888888888889,
        0.3888888888888889,
        0.3888888888888889,
        0.3611111111111111,
        0.3888888888888889,
        0.4444444444444444,
        0.5,
        0.5,
        0.5,
        0.5,
        0.5,
        0.5555555555555556,
        0.5555555555555556,
        0.5833333333333334,
        0.5277777777777778,
        0.5,
        0.5277777777777778,
        0.5277777777777778,
        0.5277777777777778,
        0.5,
        0.4722222222222222,
        0.4722222222222222,
        0.5277777777777778,
        0.5277777777777778,
        0.5555555555555556,
        0.6111111111111112,
        0.6111111111111112,
        0.6111111111111112,
        0.5833333333333334,
        0.5555555555555556,
        0.5555555555555556,
        0.5,
        0.5,
        0.5555555555555556,
        0.5555555555555556,
        0.5833333333333334,
        0.5277777777777778,
        0.5277777777777778,
        0.5277777777777778,
        0.5,
        0.5,
        0.5277777777777778,
        0.5277777777777778,
        0.5277777777777778,
        0.5277777777777778,
        0.5277777777777778,
        0.5277777777777778,
        0.5
    ],