{
    "train_loss": [
        2.0894535034894943,
        2.0039714127779007,
        1.9782644659280777,
        1.9034625142812729,
        1.8685680776834488,
        1.8448552936315536,
        1.778296634554863,
        1.6817674189805984,
        1.5691778063774109,
        1.61839459836483,
        1.5666556507349014,
        1.5497904419898987,
        1.5924192368984222,
        1.4622203260660172,
        1.3961121737957,
        1.5160118788480759,
        1.409806251525879,
        1.442927822470665,
        1.3526042997837067,
        1.4414883852005005,
        1.394090712070465,
        1.4259232580661774,
        1.2769773751497269,
        1.3161525875329971,
        1.2416545301675797,
        1.2149831280112267,
        1.2164440006017685,
        1.220082826912403,
        1.1562206596136093,
        1.187147632241249,
        1.1425962671637535,
        1.1418155580759048,
        1.1524133533239365,
        1.2351421862840652,
        1.0854146108031273,
        1.1800462007522583,
        1.0136607214808464,
        1.1225992143154144,
        0.9625368118286133,
        1.1111150979995728,
        1.0217639431357384,
        1.0845390856266022,
        1.1442229747772217,
        1.0954818278551102,
        1.0638243108987808,
        1.044747769832611,
        1.1090475618839264,
        1.0374686643481255,
        0.9667104184627533,
        0.9724515900015831,
        1.0178491696715355,
        1.0593019723892212,
        0.9902537986636162,
        0.9655876383185387,
        0.968294307589531,
        0.9419435635209084,
        0.9287670776247978,
        0.9907373860478401,
        0.9404387772083282,
        0.9096749648451805,
        0.9137497544288635,
        0.8215205669403076,
        0.960875853896141,
        0.8805138468742371,
        0.9724885448813438,
        0.8617737516760826,
        0.8803409487009048
    ],
    "train_acc": [
        0.06140350877192982,
        0.06578947368421052,
        0.07456140350877193,
        0.10964912280701754,
        0.07894736842105263,
        0.09649122807017543,
        0.10526315789473684,
        0.10964912280701754,
        0.17982456140350878,
        0.11842105263157894,
        0.17105263157894737,
        0.17543859649122806,
        0.19298245614035087,
        0.19298245614035087,
        0.2675438596491228,
        0.21052631578947367,
        0.2631578947368421,
        0.24561403508771928,
        0.2543859649122807,
        0.2412280701754386,
        0.23684210526315788,
        0.2675438596491228,
        0.2631578947368421,
        0.3026315789473684,
        0.3201754385964912,
        0.3508771929824561,
        0.2982456140350877,
        0.35964912280701755,
        0.36403508771929827,
        0.3815789473684211,
        0.36403508771929827,
        0.3991228070175439,
        0.3508771929824561,
        0.37280701754385964,
        0.3508771929824561,
        0.36403508771929827,
        0.3815789473684211,
        0.3684210526315789,
        0.40789473684210525,
        0.37719298245614036,
        0.2982456140350877,
        0.3991228070175439,
        0.42105263157894735,
        0.3508771929824561,
        0.36403508771929827,
        0.42105263157894735,
        0.4517543859649123,
        0.4517543859649123,
        0.39035087719298245,
        0.41228070175438597,
        0.34649122807017546,
        0.36403508771929827,
        0.40350877192982454,
        0.45614035087719296,
        0.4166666666666667,
        0.34649122807017546,
        0.4517543859649123,
        0.4473684210526316,
        0.38596491228070173,
        0.41228070175438597,
        0.42105263157894735,
        0.41228070175438597,
        0.37280701754385964,
        0.4692982456140351,
        0.32894736842105265,
        0.47368421052631576,
        0.41228070175438597
    ],
    "train_f1": [
        0.058047767648573605,
        0.06826987627045378,
        0.058241333404806646,
        0.11126822479281497,
        0.06013899245722451,
        0.07771002036554131,
        0.07647784349084091,
        0.11480260801923958,
        0.18045349808322694,
        0.13336809336523295,
        0.16748218887293875,
        0.14620863032306816,
        0.17400584791349627,
        0.18681410401732132,
        0.25220020045351194,
        0.17828791731513924,
        0.23898449110784437,
        0.21447191000654856,
        0.19580999109778663,
        0.1984396434701445,
        0.17212771941640784,
        0.2231987131319998,
        0.2166130822238784,
        0.23003368567362803,
        0.22659001123675038,
        0.25315769257191384,
        0.22035818090334436,
        0.2858251279771465,
        0.284382637884859,
        0.28522629747144596,
        0.27212039724551956,
        0.2867565649252132,
        0.2679128164745225,
        0.2975601028145392,
        0.2847486234726137,
        0.2702234627544225,
        0.30248804501216203,
        0.28357978979334736,
        0.328575428827445,
        0.3028146499059619,
        0.21540098321852472,
        0.29584341418472043,
        0.30487965200701883,
        0.26700114033903555,
        0.29072599848461916,
        0.3219020058468861,
        0.35802104020794717,
        0.34265692913321094,
        0.301575179398521,
        0.299148076104032,
        0.2575104130318484,
        0.26907195323131194,
        0.32353177970142655,
        0.36410382537324293,
        0.3412050841842113,
        0.28056394957058467,
        0.32291992189881774,
        0.35448755572781837,
        0.30361446887463067,
        0.3037639299493862,
        0.31671595911594813,
        0.3224642162580759,
        0.28309914603162795,
        0.36344282550879475,
        0.2589509064196283,
        0.36516537925885156,
        0.3224226908468898
    ],
    "val_loss": [
        1.8298163414001465,
        1.8472963571548462,
        1.8280472159385681,
        1.7712358236312866,
        1.699485182762146,
        1.6389877200126648,
        1.623248279094696,
        1.6140261888504028,
        1.623972237110138,
        1.6003803610801697,
        1.6379600763320923,
        1.56044203042984,
        1.5733972787857056,
        1.5620425939559937,
        1.515463948249817,
        1.4625806212425232,
        1.3709003925323486,
        1.3362798690795898,
        1.2833524942398071,
        1.3200332522392273,
        1.257417917251587,
        1.2268388867378235,
        1.2668929696083069,
        1.3111645579338074,
        1.3194304704666138,
        1.324334740638733,
        1.2767167687416077,
        1.2838464379310608,
        1.204228401184082,
        1.2665129899978638,
        1.261393129825592,
        1.2791679501533508,
        1.285720705986023,
        1.2927994132041931,
        1.2405362129211426,
        1.2461653351783752,
        1.232999563217163,
        1.1901666522026062,
        1.145796000957489,
        1.09233820438385,
        1.1215507984161377,
        1.133687973022461,
        1.1397756934165955,
        1.0688252449035645,
        1.0953537821769714,
        1.041118860244751,
        1.0812740325927734,
        1.103805273771286,
        1.09651580452919,
        1.077472060918808,
        1.0532402098178864,
        1.0569071173667908,
        1.0296198725700378,
        1.0163196921348572,
        0.9858808815479279,
        0.9604666233062744,
        0.9500988721847534,
        0.9997287690639496,
        0.9787037074565887,
        0.9250714778900146,
        0.9010421633720398,
        0.9036453068256378,
        0.8996426463127136,
        0.9500354528427124,
        0.9156512916088104,
        0.9387902617454529,
        0.9541106522083282
    ],