{
    "train_loss": [
        0.5704339519143105,
        0.37203218787908554,
        0.4497539773583412,
        0.3482780009508133,
        0.35718411952257156,
        0.34792255982756615,
        0.30635227635502815,
        0.32940199598670006,
        0.299133975058794,
        0.270964402705431,
        0.31341248750686646,
        0.23326298967003822,
        0.27059169858694077,
        0.22258253023028374,
        0.1910722255706787,
        0.27951161935925484,
        0.3175068125128746,
        0.19106807559728622,
        0.3669101558625698,
        0.3094635643064976,
        0.28655506670475006,
        0.283362939953804,
        0.3405922092497349,
        0.19899793714284897,
        0.30423929542303085,
        0.197616808116436,
        0.21726397052407265,
        0.22839204594492912,
        0.11681635398417711,
        0.353483147919178,
        0.23186280205845833,
        0.2239896673709154,
        0.23221731558442116,
        0.2506408020853996,
        0.25713425129652023
    ],
    "train_acc": [
        0.46875,
        0.6875,
        0.4609375,
        0.5,
        0.6875,
        0.5703125,
        0.6953125,
        0.484375,
        0.6796875,
        0.6640625,
        0.65625,
        0.7890625,
        0.6171875,
        0.796875,
        0.8046875,
        0.6875,
        0.640625,
        0.78125,
        0.6953125,
        0.578125,
        0.8203125,
        0.59375,
        0.578125,
        0.6640625,
        0.625,
        0.78125,
        0.8125,
        0.734375,
        0.8671875,
        0.6484375,
        0.71875,
        0.765625,
        0.484375,
        0.6875,
        0.7890625
    ],
    "val_loss": [
        0.47457411885261536,
        0.3767882287502289,
        0.22938382625579834,
        0.19660882651805878,
        0.18133002519607544,
        0.16596601903438568,
        0.15883126854896545,
        0.14938178658485413,
        0.15051472187042236,
        0.15631185472011566,
        0.15536923706531525,
        0.14595726132392883,
        0.1269911527633667,
        0.13899320363998413,
        0.14531415700912476,
        0.1479681134223938,
        0.13557441532611847,
        0.1229797825217247,
        0.10350682586431503,
        0.10269071161746979,
        0.11686056107282639,
        0.13276050984859467,
        0.13414283096790314,
        0.13510701060295105,
        0.1289956271648407,
        0.13233324885368347,
        0.12376503646373749,
        0.12443269044160843,
        0.12871608138084412,
        0.1187000498175621,
        0.13124433159828186,
        0.137447789311409,
        0.15763305127620697,
        0.15154717862606049,
        0.1357732117176056
    ],
    "val_acc": [
        0.38461538461538464,
        0.5384615384615384,
        0.7307692307692307,
        0.8076923076923077,
        0.8076923076923077,
        0.8076923076923077,
        0.8076923076923077,
        0.8461538461538461,
        0.8461538461538461,
        0.8076923076923077,
        0.8076923076923077,
        0.8461538461538461,
        0.8461538461538461,
        0.8461538461538461,
        0.8461538461538461,
        0.8461538461538461,
        0.8846153846153846,
        0.9230769230769231,
        0.9230769230769231,
        0.9230769230769231,
        0.8846153846153846,
        0.8461538461538461,
        0.8461538461538461,
        0.8461538461538461,
        0.8461538461538461,
        0.8461538461538461,
        0.8076923076923077,
        0.8076923076923077,
        0.8461538461538461,
        0.8846153846153846,
        0.8846153846153846,
        0.8846153846153846,
        0.9230769230769231,
        0.9230769230769231,
        0.9230769230769231
    ],
    "val_f1": [
        0.22408963585434175,
        0.4953703703703703,
        0.6937699981178241,
        0.7336182336182336,
        0.7336182336182336,
        0.7336182336182336,
        0.7336182336182336,
        0.7707231040564374,
        0.7707231040564374,
        0.7336182336182336,
        0.7336182336182336,
        0.7788702525544631,
        0.8044243338360985,
        0.7788702525544631,
        0.7788702525544631,
        0.7788702525544631,
        0.8104761904761905,
        0.8555555555555555,
        0.8555555555555555,
        0.9029982363315696,
        0.8239116309291746,
        0.7788702525544631,
        0.7788702525544631,
        0.8208061002178649,
        0.8208061002178649,
        0.8208061002178649,
        0.746031746031746,
        0.746031746031746,
        0.8208061002178649,
        0.8104761904761905,
        0.8104761904761905,
        0.8104761904761905,
        0.8857894736842105,
        0.8857894736842105,
        0.8857894736842105
    ]
}