{
    "train_loss": [
        3.273937702178955,
        2.61266952753067,
        1.4266708046197891,
        1.0220817029476166,
        0.7310242652893066,
        0.7088154703378677,
        0.4010172635316849,
        0.24428295902907848,
        0.3884933441877365,
        0.21617276780307293,
        0.17272903211414814,
        0.18162193894386292,
        0.1881559193134308,
        0.22115950286388397,
        0.19000184908509254,
        0.46368093229830265,
        0.13539659045636654,
        0.15390635840594769,
        0.16553708165884018,
        0.0983833884820342,
        0.1337482687085867,
        0.13041408732533455,
        0.15437057800590992
    ],
    "train_acc": [
        0.29164614470108696,
        0.3205396569293478,
        0.5050717561141305,
        0.6778596297554348,
        0.7350755774456522,
        0.6781950577445652,
        0.8096064028532609,
        0.8122176460597826,
        0.8069420855978261,
        0.8040739639945652,
        0.8490552819293479,
        0.8245393172554348,
        0.8268469769021739,
        0.8001252547554348,
        0.8296407948369565,
        0.6517323369565218,
        0.8267068614130435,
        0.7439219599184783,
        0.8160028872282609,
        0.8704080332880435,
        0.8477029551630435,
        0.8274074388586956,
        0.8326638926630435
    ],
    "train_f1": [],
    "val_loss": [
        0.5507247447967529,
        0.38828614354133606,
        0.4162437915802002,
        0.6998587250709534,
        0.8370953798294067,
        0.7419560551643372,
        0.5846902132034302,
        0.5753070116043091,
        0.6162055134773254,
        0.6572549939155579,
        0.6866340637207031,
        0.6889234185218811,
        0.6645894646644592,
        0.6662030816078186,
        0.6858108639717102,
        0.6929517388343811,
        0.6947824358940125,
        0.7081736326217651,
        0.6962699890136719,
        0.6934823393821716,
        0.6861086487770081,
        0.7494003176689148,
        0.735750675201416
    ],
    "val_acc": [
        0.4492608432112069,
        0.6316338900862069,
        0.7396366514008621,
        0.7570969154094828,
        0.763916015625,
        0.7392578125,
        0.7498653017241379,
        0.7640254579741379,
        0.7767797009698276,
        0.7768975619612069,
        0.7757105334051724,
        0.7861159752155172,
        0.7779498922413793,
        0.7665594692887931,
        0.7624595905172413,
        0.7599845096982759,
        0.7572231950431034,
        0.7610789331896551,
        0.7462284482758621,
        0.7249461206896551,
        0.7486614358836207,
        0.7626027074353449,
        0.7624259159482759
    ],
    "val_f1": [
        0.4346025376547426,
        0.6198138280590703,
        0.6966937413365732,
        0.6862865989597542,
        0.6833896151183886,
        0.656620728166612,
        0.6474466545594951,
        0.6212517279617802,
        0.636868563492281,
        0.6395937880402042,
        0.6420756964789668,
        0.6779752941870701,
        0.6569759019973432,
        0.6227814096271652,
        0.6186905002041962,
        0.6146434023058748,
        0.6130892338224746,
        0.616745516386567,
        0.6300240389111886,
        0.6317830311031792,
        0.6471954985678986,
        0.6289039227525063,
        0.6192624554797167
    ]
}