{
  "dynamic": {
    "mean": [
      1817.7270781990649
    ],
    "std": [
      2144.471571042514
    ],
    "num_channels": 1,
    "channel_names": [
      "Band_0"
    ],
    "total_samples": 1094672438
  },
  "static": {
    "mean": [
      181.27383424217723
    ],
    "std": [
      120.09227463048214
    ],
    "num_channels": 1,
    "channel_names": [
      "Band_0"
    ],
    "total_samples": 471345270
  }
}