{
    "train_loss": [
        5.3697288036346436,
        4.193664073944092,
        3.640528917312622,
        2.9049291610717773,
        2.7226351499557495,
        1.811260461807251,
        3.055855870246887,
        0.9753998816013336,
        1.5946925282478333,
        1.264881670475006,
        1.1230419874191284,
        0.5059012323617935,
        0.5069385021924973,
        0.68168044090271,
        0.5100415647029877,
        0.8456745147705078,
        0.5193586349487305,
        0.2794145792722702,
        0.6847902238368988,
        2.4494505524635315,
        1.9343698620796204,
        0.32067303359508514,
        0.38643859326839447,
        1.0875001549720764,
        0.3125656843185425,
        0.6037031263113022,
        0.6860618591308594,
        0.5327028930187225,
        0.4717450439929962,
        0.6807928383350372,
        0.543164998292923,
        0.560494139790535,
        0.3046119213104248,
        0.7266651690006256,
        0.3535439372062683,
        0.5230250358581543,
        0.9281373918056488,
        0.3760474771261215,
        0.2552442103624344,
        0.34146322309970856
    ],
    "train_acc": [
        0.3208457545230263,
        0.3253430818256579,
        0.3264031661184211,
        0.449462890625,
        0.3994012129934211,
        0.5469456722861842,
        0.6326326069078947,
        0.3817202919407895,
        0.6665810032894737,
        0.6428993626644737,
        0.614611173930921,
        0.6722797594572368,
        0.6828870271381579,
        0.676513671875,
        0.7491712068256579,
        0.7420847039473685,
        0.7583907277960527,
        0.7461451480263158,
        0.7565596731085527,
        0.7448216488486842,
        0.7084639699835527,
        0.7379086143092105,
        0.7562191611842105,
        0.5480250308388158,
        0.7382619757401315,
        0.7218595805921053,
        0.7745811060855263,
        0.7721975226151315,
        0.7881437602796053,
        0.7228104440789473,
        0.4478888260690789,
        0.7223864103618421,
        0.7590846011513158,
        0.7130383943256579,
        0.68994140625,
        0.7370155736019737,
        0.41873972039473684,
        0.7388145045230263,
        0.7424573396381579,
        0.7872699938322368
    ],
    "train_f1": [],
    "val_loss": [
        1.3306020498275757,
        0.7849992513656616,
        1.1198400259017944,
        5.226408958435059,
        5.530639171600342,
        1.7601318359375,
        1.0900098085403442,
        2.100196123123169,
        2.621631622314453,
        1.4766925573349,
        0.6927902102470398,
        0.5900066494941711,
        0.6105450987815857,
        1.1336688995361328,
        1.892595887184143,
        1.5973665714263916,
        1.122056007385254,
        1.0902910232543945,
        0.9412916302680969,
        1.4878318309783936,
        3.6659653186798096,
        4.81624698638916,
        4.8471903800964355,
        3.7459511756896973,
        2.4248201847076416,
        1.9831432104110718,
        1.573964238166809,
        1.330414056777954,
        1.3387771844863892,
        1.3002314567565918,
        1.550093650817871,
        3.1267902851104736,
        4.804839134216309,
        4.102656841278076,
        3.3866429328918457,
        3.001424789428711,
        2.761890172958374,
        2.455195426940918,
        2.2447822093963623,
        1.8273495435714722
    ],
    "val_acc": [
        0.315673828125,
        0.37568359375,
        0.305517578125,
        0.2704833984375,
        0.3195068359375,
        0.392041015625,
        0.449169921875,
        0.460205078125,
        0.5316162109375,
        0.5863037109375,
        0.6218505859375,
        0.61015625,
        0.6253173828125,
        0.5635986328125,
        0.4828369140625,
        0.4814208984375,
        0.5645751953125,
        0.59609375,
        0.61591796875,
        0.6345703125,
        0.6145751953125,
        0.590283203125,
        0.573193359375,
        0.569140625,
        0.566015625,
        0.5626220703125,
        0.5686767578125,
        0.529833984375,
        0.4950927734375,
        0.519873046875,
        0.548583984375,
        0.533056640625,
        0.505615234375,
        0.5156982421875,
        0.528564453125,
        0.5423095703125,
        0.53525390625,
        0.5398193359375,
        0.534228515625,
        0.531884765625
    ],
    "val_f1": [
        0.19132135949113252,
        0.31340172534614424,
        0.28510098106362486,
        0.24369605597145513,
        0.29758390731036277,
        0.3995222812628445,
        0.45037020538307077,
        0.4389968280313246,
        0.48865400158991495,
        0.5361720167282041,
        0.5727082602100388,
        0.5673181403513236,
        0.5828777605440645,
        0.5394459934434704,
        0.4817527289331611,
        0.47964174956948674,
        0.5495245329859254,
        0.5850259783957088,
        0.6080154598739452,
        0.6255350880850002,
        0.607287120730378,
        0.575932248411828,
        0.5628944442625032,
        0.5586601086530795,
        0.5460148061337184,
        0.5401693426450289,
        0.5529158048059822,
        0.513936536964535,
        0.4733958089647092,
        0.5004866387905703,
        0.5456588699442387,
        0.5529530711726537,
        0.5317403795155528,
        0.5339214945240035,
        0.537231909607291,
        0.5441732842131729,
        0.5340507464542193,
        0.5411298828236343,
        0.5346974135063949,
        0.5309094730011502
    ]
}