{
  "architecture": "DualStreamSpatio_TemporalFusionNetwork",
  "summary": {
    "model_name": "DualStreamSpatio_TemporalFusionNetwork",
    "total_parameters": 174497,
    "trainable_parameters": 174497,
    "configuration": {
      "in_channels_dynamic": 1,
      "in_channels_static": 1,
      "num_classes": 32,
      "patch_size": 64,
      "temporal_steps": 12,
      "hidden_dim": 64,
      "fusion_dim": 128
    }
  },
  "configuration": {
    "in_channels_dynamic": 1,
    "in_channels_static": 1,
    "num_classes": 32,
    "patch_size": 64,
    "temporal_steps": 12,
    "hidden_dim": 64,
    "fusion_dim": 128,
    "dropout": 0.2
  },
  "device": "cpu",
  "attention_weights": {
    "months": [
      "January",
      "February",
      "March",
      "April",
      "May",
      "June",
      "July",
      "August",
      "September",
      "October",
      "November",
      "December"
    ],
    "average_weights": [
      0.05844191461801529,
      0.05438460037112236,
      0.1792268604040146,
      0.05937032401561737,
      0.1115509495139122,
      0.08589503169059753,
      0.0627133920788765,
      0.0675625205039978,
      0.09500376135110855,
      0.09235470741987228,
      0.07390493154525757,
      0.05959104001522064
    ]
  }
}