{
  "dynamic": {
    "mean": [
      23.619172942351504
    ],
    "std": [
      67.99944892613985
    ],
    "num_channels": 1,
    "channel_names": [
      "Band_0"
    ],
    "total_samples": 94759488
  },
  "static": {
    "mean": [
      0.399880036415957
    ],
    "std": [
      0.32252416822464797
    ],
    "num_channels": 1,
    "channel_names": [
      "Band_0"
    ],
    "total_samples": 471345270
  }
}