{
    "train_loss": [
        0.653286837041378,
        0.6592606082558632,
        0.8065277636051178,
        0.6128008812665939,
        0.7760463356971741,
        0.56772480905056,
        0.4819076508283615,
        0.49428553134202957,
        0.3852807655930519,
        0.40564997494220734,
        0.3349119946360588,
        0.43443336710333824,
        0.26698867976665497,
        0.34348534047603607,
        0.358015239238739,
        0.3520062454044819,
        0.25426241755485535,
        0.2744763344526291,
        0.35741856694221497,
        0.3092891536653042,
        0.3114377111196518,
        0.2008090652525425,
        0.24735629186034203,
        0.3288574703037739,
        0.3556461036205292,
        0.3648661635816097,
        0.24015264585614204,
        0.33339207246899605,
        0.30343886092305183,
        0.2506715878844261,
        0.16942703537642956,
        0.19949694722890854,
        0.2317865788936615,
        0.2541610822081566,
        0.17592155374586582,
        0.2730269078165293,
        0.1634119302034378,
        0.1712663508951664,
        0.13820229843258858,
        0.17471374198794365,
        0.16342826187610626,
        0.18070342391729355,
        0.1675337366759777,
        0.11929526459425688,
        0.27248961478471756
    ],
    "train_acc": [
        0.30097087378640774,
        0.3592233009708738,
        0.2912621359223301,
        0.3786407766990291,
        0.3300970873786408,
        0.47572815533980584,
        0.4368932038834951,
        0.5533980582524272,
        0.5533980582524272,
        0.5825242718446602,
        0.49514563106796117,
        0.6116504854368932,
        0.6893203883495146,
        0.6601941747572816,
        0.6990291262135923,
        0.7281553398058253,
        0.6893203883495146,
        0.7184466019417476,
        0.6310679611650486,
        0.6699029126213593,
        0.6893203883495146,
        0.8058252427184466,
        0.5533980582524272,
        0.7572815533980582,
        0.7087378640776699,
        0.6504854368932039,
        0.6019417475728155,
        0.6699029126213593,
        0.7378640776699029,
        0.7378640776699029,
        0.7184466019417476,
        0.7864077669902912,
        0.7378640776699029,
        0.7669902912621359,
        0.7766990291262136,
        0.5631067961165048,
        0.8058252427184466,
        0.7378640776699029,
        0.8349514563106796,
        0.7961165048543689,
        0.8155339805825242,
        0.6504854368932039,
        0.8058252427184466,
        0.883495145631068,
        0.6019417475728155
    ],
    "train_f1": [
        0.28846262036135456,
        0.33731846821648953,
        0.28279347143753925,
        0.361460768446922,
        0.3140350877192983,
        0.44732026143790854,
        0.4000118119536971,
        0.5181810563697679,
        0.5004184600669536,
        0.5259086561453851,
        0.4684537684537684,
        0.5829089211442153,
        0.621896280479366,
        0.6117191173370949,
        0.654486036838978,
        0.6536509944479584,
        0.6461005953755539,
        0.6331537743302449,
        0.5650654236592856,
        0.6088857379179959,
        0.6379113717823395,
        0.7621127583824858,
        0.48950209297202035,
        0.6914411753121431,
        0.5944767441860465,
        0.5811812963864667,
        0.5431731667025784,
        0.6020957370802572,
        0.6832764936213213,
        0.6697099197099196,
        0.650880230880231,
        0.7302124183006535,
        0.6487188299537939,
        0.7285190999476714,
        0.6739225837163981,
        0.4651436833774431,
        0.75913517376932,
        0.6521152014879502,
        0.773087193776849,
        0.7369816390506045,
        0.7593199867137724,
        0.5777759915690951,
        0.754257771828053,
        0.8552156322191166,
        0.5533398501140437
    ],
    "val_loss": [
        0.5372376441955566,
        0.4599776566028595,
        0.3944914937019348,
        0.35954535007476807,
        0.3547360599040985,
        0.3197766840457916,
        0.2951461374759674,
        0.29745811223983765,
        0.3049106001853943,
        0.3544217646121979,
        0.3555212914943695,
        0.3425144851207733,
        0.32682010531425476,
        0.351651132106781,
        0.3547500967979431,
        0.37763509154319763,
        0.364210844039917,
        0.35282987356185913,
        0.32218095660209656,
        0.3050876557826996,
        0.2746749520301819,
        0.24929238855838776,
        0.2304782271385193,
        0.22737957537174225,
        0.19264453649520874,
        0.20081451535224915,
        0.2043830156326294,
        0.1964339166879654,
        0.20169660449028015,
        0.2468729168176651,
        0.2469353973865509,
        0.20466740429401398,
        0.19041477143764496,
        0.18705089390277863,
        0.17318843305110931,
        0.17361027002334595,
        0.1689269095659256,
        0.18165908753871918,
        0.1864074319601059,
        0.1905866414308548,
        0.18463025987148285,
        0.18001611530780792,
        0.19179624319076538,
        0.20269256830215454,
        0.19618280231952667
    ],
    "val_acc": [
        0.3076923076923077,
        0.5384615384615384,
        0.5769230769230769,
        0.6153846153846154,
        0.6538461538461539,
        0.7307692307692307,
        0.7692307692307693,
        0.7307692307692307,
        0.8076923076923077,
        0.8076923076923077,
        0.8076923076923077,
        0.8076923076923077,
        0.8461538461538461,
        0.8461538461538461,
        0.8461538461538461,
        0.7692307692307693,
        0.7692307692307693,
        0.7692307692307693,
        0.7692307692307693,
        0.8076923076923077,
        0.8846153846153846,
        0.8846153846153846,
        0.8461538461538461,
        0.8846153846153846,
        0.9230769230769231,
        0.8461538461538461,
        0.8846153846153846,
        0.8846153846153846,
        0.8076923076923077,
        0.8076923076923077,
        0.8076923076923077,
        0.8076923076923077,
        0.8461538461538461,
        0.8461538461538461,
        0.8846153846153846,
        0.9230769230769231,
        0.9230769230769231,
        0.9230769230769231,
        0.8846153846153846,
        0.8846153846153846,
        0.8846153846153846,
        0.8846153846153846,
        0.8461538461538461,
        0.8846153846153846,
        0.8461538461538461
    ],
    "val_f1": [
        0.25974025974025977,
        0.36944444444444446,
        0.39766081871345027,
        0.452991452991453,
        0.4632183908045977,
        0.5196408529741863,
        0.6942028985507247,
        0.5166666666666667,
        0.7666666666666666,
        0.7666666666666666,
        0.7666666666666666,
        0.7666666666666666,
        0.7498550724637681,
        0.7267399267399267,
        0.7267399267399267,
        0.6719806763285024,
        0.6719806763285024,
        0.6618357487922705,
        0.6618357487922705,
        0.6865079365079364,
        0.7563636363636363,
        0.7563636363636363,
        0.7168253968253969,
        0.7563636363636363,
        0.8918192918192919,
        0.7168253968253969,
        0.7563636363636363,
        0.7563636363636363,
        0.7009661835748792,
        0.7231884057971015,
        0.7231884057971015,
        0.7666666666666666,
        0.75,
        0.7287439613526571,
        0.7563636363636363,
        0.8030303030303031,
        0.8462401795735128,
        0.8462401795735128,
        0.7773892773892773,
        0.7773892773892773,
        0.7773892773892773,
        0.7773892773892773,
        0.7498550724637681,
        0.819769602378298,
        0.7287439613526571
    ]
}