{
    "train_loss": [
        0.0,
        0.0,
        0.0,
        0.0,
        0.0,
        0.0,
        0.0,
        0.0,
        0.0,
        0.0,
        0.0,
        0.0,
        0.0,
        0.0,
        0.0,
        0.0,
        0.0,
        0.0,
        0.0,
        0.0,
        0.0,
        0.0,
        0.0,
        0.0,
        0.0,
        0.0,
        0.0,
        0.0,
        0.0,
        0.0,
        0.0,
        0.0,
        0.0,
        0.0,
        0.0,
        0.0,
        0.0,
        0.0,
        0.0,
        0.0,
        0.0,
        0.0,
        0.0,
        0.0,
        0.0,
        0.0
    ],
    "train_acc": [
        0.25,
        0.34375,
        0.375,
        0.375,
        0.53125,
        0.09375,
        0.21875,
        0.34375,
        0.3125,
        0.21875,
        0.40625,
        0.34375,
        0.4375,
        0.375,
        0.21875,
        0.21875,
        0.1875,
        0.40625,
        0.3125,
        0.375,
        0.375,
        0.25,
        0.3125,
        0.375,
        0.34375,
        0.28125,
        0.0625,
        0.25,
        0.3125,
        0.1875,
        0.34375,
        0.4375,
        0.25,
        0.15625,
        0.25,
        0.25,
        0.3125,
        0.40625,
        0.4375,
        0.3125,
        0.34375,
        0.25,
        0.3125,
        0.375,
        0.21875,
        0.1875
    ],
    "val_loss": [
        0.0,
        0.0,
        0.0,
        0.0,
        0.0,
        0.0,
        0.0,
        0.0,
        0.0,
        0.0,
        0.0,
        0.0,
        0.0,
        0.0,
        0.0,
        0.0,
        0.0,
        0.0,
        0.0,
        0.0,
        0.0,
        0.0,
        0.0,
        0.0,
        0.0,
        0.0,
        0.0,
        0.0,
        0.0,
        0.0,
        0.0,
        0.0,
        0.0,
        0.0,
        0.0,
        0.0,
        0.0,
        0.0,
        0.0,
        0.0,
        0.0,
        0.0,
        0.0,
        0.0,
        0.0,
        0.0
    ],
    "val_acc": [
        0.3333333333333333,
        0.3333333333333333,
        0.3333333333333333,
        0.3333333333333333,
        0.3333333333333333,
        0.4,
        0.4,
        0.4,
        0.4,
        0.3333333333333333,
        0.3333333333333333,
        0.3333333333333333,
        0.3333333333333333,
        0.3333333333333333,
        0.4,
        0.4666666666666667,
        0.4666666666666667,
        0.4666666666666667,
        0.4,
        0.4,
        0.4,
        0.4,
        0.3333333333333333,
        0.3333333333333333,
        0.3333333333333333,
        0.26666666666666666,
        0.26666666666666666,
        0.3333333333333333,
        0.3333333333333333,
        0.3333333333333333,
        0.3333333333333333,
        0.26666666666666666,
        0.3333333333333333,
        0.26666666666666666,
        0.26666666666666666,
        0.26666666666666666,
        0.26666666666666666,
        0.26666666666666666,
        0.26666666666666666,
        0.26666666666666666,
        0.26666666666666666,
        0.26666666666666666,
        0.3333333333333333,
        0.3333333333333333,
        0.3333333333333333,
        0.3333333333333333
    ],
    "val_f1": [
        0.16666666666666666,
        0.16666666666666666,
        0.16666666666666666,
        0.16666666666666666,
        0.16666666666666666,
        0.24951267056530213,
        0.24951267056530213,
        0.24951267056530213,
        0.24951267056530213,
        0.24621212121212122,
        0.24621212121212122,
        0.24621212121212122,
        0.23611111111111108,
        0.23611111111111108,
        0.4666666666666666,
        0.51010101010101,
        0.51010101010101,
        0.51010101010101,
        0.4666666666666666,
        0.27807486631016043,
        0.27807486631016043,
        0.27807486631016043,
        0.2148148148148148,
        0.2148148148148148,
        0.2148148148148148,
        0.17825311942959002,
        0.17825311942959002,
        0.23611111111111108,
        0.23611111111111108,
        0.23611111111111108,
        0.23611111111111108,
        0.17825311942959002,
        0.23611111111111108,
        0.18055555555555555,
        0.18055555555555555,
        0.18055555555555555,
        0.17825311942959002,
        0.17825311942959002,
        0.17825311942959002,
        0.18055555555555555,
        0.17825311942959002,
        0.17825311942959002,
        0.23611111111111108,
        0.23611111111111108,
        0.23611111111111108,
        0.23611111111111108
    ]
}