{
    "train_loss": [
        1.588599855408949,
        1.163656439851312,
        1.0034130250706392,
        0.8911791075678432,
        0.8350399609874276,
        0.8032112577382255,
        0.8951570190051023,
        0.7705702676492578,
        0.749433886478929,
        0.7661328675115809,
        0.774904770009658,
        0.7895272190079969,
        0.7746123864370233,
        0.7882965014261358,
        0.7247075648868785,
        0.7202274054288864,
        0.6912824984859017,
        0.661061794442289,
        0.7051138001329759,
        0.6742863935582778,
        0.6247313837794697,
        0.6154181773171705,
        0.6914876348832074,
        0.667810370816904,
        0.729443708763403,
        0.6205704974777558,
        0.6391681818401113,
        0.6182307977886761,
        0.6633276176803252,
        0.5732539778246599,
        0.6188860447967753,
        0.6304668477352928,
        0.6397698153467739,
        0.6884487814763013,
        0.639941436402938,
        0.6508349460714004,
        0.6669020319686216,
        0.6425521364983391,
        0.6362830812440199,
        0.6161584293141085,
        0.509436325991855,
        0.6072118790710673,
        0.6566981217440437,
        0.5862844577606987,
        0.5453734091099571,
        0.6116231820162605,
        0.5549928962307817
    ],
    "train_acc": [
        0.27389705882352944,
        0.3602941176470588,
        0.4540441176470588,
        0.4384191176470588,
        0.45036764705882354,
        0.4411764705882353,
        0.46599264705882354,
        0.5193014705882353,
        0.47150735294117646,
        0.4852941176470588,
        0.4944852941176471,
        0.4733455882352941,
        0.44669117647058826,
        0.4641544117647059,
        0.5036764705882353,
        0.4880514705882353,
        0.49264705882352944,
        0.5,
        0.5183823529411765,
        0.5496323529411765,
        0.5569852941176471,
        0.5266544117647058,
        0.5220588235294118,
        0.4889705882352941,
        0.4724264705882353,
        0.5514705882352942,
        0.4522058823529412,
        0.484375,
        0.5257352941176471,
        0.4678308823529412,
        0.5441176470588235,
        0.5762867647058824,
        0.4963235294117647,
        0.4375,
        0.5431985294117647,
        0.5395220588235294,
        0.5643382352941176,
        0.5441176470588235,
        0.5477941176470589,
        0.5266544117647058,
        0.5707720588235294,
        0.5431985294117647,
        0.4696691176470588,
        0.5137867647058824,
        0.5772058823529411,
        0.5845588235294118,
        0.5386029411764706
    ],
    "val_loss": [
        1.007715298069848,
        0.8036526110437181,
        0.7022602823045518,
        0.5973815321922302,
        0.6241887344254388,
        0.5965236094262865,
        0.562689847416348,
        0.5640627079539828,
        0.5522165662712522,
        0.5530682934655083,
        0.5849517749415504,
        0.5306256281005012,
        0.555895533826616,
        0.5592426061630249,
        0.536533902088801,
        0.521709508366055,
        0.5186368425687155,
        0.5298565030097961,
        0.5372074180179172,
        0.5357508593135409,
        0.5263431304030948,
        0.5356561574671004,
        0.5293251077334086,
        0.5209358168972863,
        0.5199367668893602,
        0.5192893279923333,
        0.5157318545712365,
        0.5171428190337287,
        0.5185268719991049,
        0.5151363213857015,
        0.5255297786659665,
        0.5692526565657722,
        0.53333713610967,
        0.5223178135024177,
        0.4960245556301541,
        0.5234095354874929,
        0.5254064367877113,
        0.4931880798604753,
        0.5138514041900635,
        0.4770304130183326,
        0.5066397885481516,
        0.5134490198559232,
        0.5032269755999247,
        0.503452761305703,
        0.5254992014831967,
        0.47531504432360333,
        0.48558485839102006
    ],
    "val_acc": [
        0.4748201438848921,
        0.5719424460431655,
        0.6007194244604317,
        0.6115107913669064,
        0.5935251798561151,
        0.5971223021582733,
        0.6438848920863309,
        0.6330935251798561,
        0.6366906474820144,
        0.6402877697841727,
        0.6115107913669064,
        0.6223021582733813,
        0.6294964028776978,
        0.6007194244604317,
        0.6258992805755396,
        0.6690647482014388,
        0.6510791366906474,
        0.6402877697841727,
        0.658273381294964,
        0.6510791366906474,
        0.6330935251798561,
        0.6330935251798561,
        0.6510791366906474,
        0.6510791366906474,
        0.6474820143884892,
        0.6546762589928058,
        0.6654676258992805,
        0.6618705035971223,
        0.6474820143884892,
        0.658273381294964,
        0.6330935251798561,
        0.6079136690647482,
        0.6762589928057554,
        0.658273381294964,
        0.6726618705035972,
        0.658273381294964,
        0.658273381294964,
        0.6474820143884892,
        0.6438848920863309,
        0.6618705035971223,
        0.6258992805755396,
        0.6618705035971223,
        0.6654676258992805,
        0.6546762589928058,
        0.6474820143884892,
        0.6726618705035972,
        0.6654676258992805
    ],
    "val_f1": [
        0.28864482721564083,
        0.41501144784979754,
        0.43981686289570865,
        0.4456997932712336,
        0.4212442260756889,
        0.41584729256205116,
        0.463456261334547,
        0.45677777469648206,
        0.45575662575461373,
        0.4581841692005746,
        0.43267728965669466,
        0.4208345665890423,
        0.4539407691557274,
        0.4429564773790012,
        0.44171137707307606,
        0.5047899012055722,
        0.48297510797510795,
        0.45717006543279914,
        0.4651550198023073,
        0.5324232058823157,
        0.44360931991209007,
        0.45941860478372765,
        0.48048754805307187,
        0.46871415753859114,
        0.5308965923961798,
        0.5372803896537133,
        0.5538545208455015,
        0.5451900356140603,
        0.531512172660878,
        0.5404373466633537,
        0.45669740195773084,
        0.48049698118952233,
        0.550138496563241,
        0.5277633382759244,
        0.536019922463143,
        0.5380991650316649,
        0.5341445808840883,
        0.5139771813016595,
        0.5199399294696317,
        0.5445561971041668,
        0.4895235005205571,
        0.5350647925132905,
        0.5529328182195324,
        0.5327340274840994,
        0.510946093940245,
        0.5523830144179542,
        0.538467814124643
    ]
}