{
    "train_loss": [
        1.2473640441894531,
        0.948608934879303,
        0.9467741549015045,
        0.7846713066101074,
        0.7585792243480682,
        0.748732715845108,
        0.872756838798523,
        0.6795749664306641,
        0.7492184638977051,
        0.7204991281032562,
        0.8800220489501953,
        0.7069764882326126,
        0.6326842308044434,
        0.6301940083503723,
        0.5975357890129089,
        0.6466920673847198
    ],
    "val_loss": [
        1.131974697113037,
        1.1359919309616089,
        1.2423073053359985,
        1.2236733436584473,
        1.2423373460769653,
        1.2976399660110474,
        1.4911586046218872,
        1.5853538513183594,
        1.4523775577545166,
        2.1301746368408203,
        2.1943624019622803,
        1.778570294380188,
        1.9617266654968262,
        2.2571322917938232,
        2.1331875324249268,
        2.5110127925872803
    ],
    "val_acc": [
        0.5333333333333333,
        0.3333333333333333,
        0.26666666666666666,
        0.26666666666666666,
        0.26666666666666666,
        0.26666666666666666,
        0.2,
        0.2,
        0.2,
        0.2,
        0.2,
        0.2,
        0.2,
        0.13333333333333333,
        0.13333333333333333,
        0.13333333333333333
    ],
    "val_f1": [
        0.5333333333333333,
        0.3333333333333333,
        0.2644688644688645,
        0.22377622377622378,
        0.22377622377622378,
        0.22377622377622378,
        0.16317016317016317,
        0.16317016317016317,
        0.16317016317016317,
        0.1574074074074074,
        0.1574074074074074,
        0.1619047619047619,
        0.1619047619047619,
        0.08333333333333333,
        0.08333333333333333,
        0.08333333333333333
    ]
}